model,model_family,model_params_B,n_layers_total,ablated_concept,concept_category,prompt_id,prompt_style,story_phase,expected_concept,is_control_prompt,cav_method,layer_condition,layer_numeric,layer_depth_frac,layer_type,alpha,prompt_text,baseline_text,ablated_text,baseline_total_words,ablated_total_words,text_length_ratio,changed,baseline_wolf_word_count,ablated_wolf_word_count,baseline_wolf_density,ablated_wolf_density,baseline_contains_wolf,ablated_contains_wolf,baseline_contains_wolves,ablated_contains_wolves,wolf_words_removed,wolf_density_delta,circumlocution_score,baseline_wolf_identity_count,ablated_wolf_identity_count,wolf_identity_delta,baseline_wolf_vocalization_count,ablated_wolf_vocalization_count,wolf_vocalization_delta,baseline_wolf_anatomy_count,ablated_wolf_anatomy_count,wolf_anatomy_delta,baseline_wolf_predation_count,ablated_wolf_predation_count,wolf_predation_delta,baseline_wolf_consumption_count,ablated_wolf_consumption_count,wolf_consumption_delta,baseline_wolf_habitat_count,ablated_wolf_habitat_count,wolf_habitat_delta,baseline_icu_total,ablated_icu_total,icu_max,baseline_icu_ratio,ablated_icu_ratio,baseline_icu_dependent,ablated_icu_dependent,icu_dependent_max,baseline_icu_independent,ablated_icu_independent,icu_independent_max,icu_delta_total,icu_delta_dependent,icu_delta_independent,baseline_icu_wolf_appears,ablated_icu_wolf_appears,icu_wolf_appears_delta,baseline_icu_wolf_meets_girl,ablated_icu_wolf_meets_girl,icu_wolf_meets_girl_delta,baseline_icu_wolf_eats_grandmother,ablated_icu_wolf_eats_grandmother,icu_wolf_eats_grandmother_delta,baseline_icu_wolf_disguise,ablated_icu_wolf_disguise,icu_wolf_disguise_delta,baseline_icu_big_dialogue,ablated_icu_big_dialogue,icu_big_dialogue_delta,baseline_icu_wolf_defeated,ablated_icu_wolf_defeated,icu_wolf_defeated_delta,baseline_icu_girl_character,ablated_icu_girl_character,icu_girl_character_delta,baseline_icu_grandmother,ablated_icu_grandmother,icu_grandmother_delta,baseline_icu_forest_setting,ablated_icu_forest_setting,icu_forest_setting_delta,baseline_icu_basket_food,ablated_icu_basket_food,icu_basket_food_delta,baseline_icu_mother_instruction,ablated_icu_mother_instruction,icu_mother_instruction_delta,baseline_icu_happy_ending,ablated_icu_happy_ending,icu_happy_ending_delta,on_target_bool
gpt2_small,text,0.124,12,wolf,animal,instruction_full_story,instruction,full_narrative,wolf,0,mean_diff,L6,6,0.5,single_mid,3.0,Tell me the story of Little Red Riding Hood from beginning to end.,"nning to end.

I was a little kid when I first saw Little Red Riding Hood. I was a little kid when I first saw Little Red Riding Hood. I was a little kid when I first saw Little Red Riding Hood. I was a little kid when I first saw Little Red Riding Hood. I was a little kid when I first saw Little Red Riding Hood. I was a little kid when I first saw Little Red Riding Hood. I was a little kid when I first saw Little Red Riding Hood. I was a little kid when I first saw Little Red Riding Hood. I was a little kid when I first saw Little Red Riding Hood. I was a little kid when I first saw Little Red Riding Hood. I was a little kid when I first saw Little Red Riding Hood. I was a little kid when I first saw Little Red Riding Hood. I was a little kid when I first saw Little Red Riding Hood. I was a little kid when I first saw Little Red Riding Hood. I was","nning to end.

-

-

-

-

-

-

-

-

-

-

-

-

-

-

-

-

-

-

-

-

-

-

-

-

-

-

-

-

-

-

-

-

-

-

-

-

-

-

-

-

-

-

-

-

-

-

-

-

-

-

-

-

-

-

-

-

-

-

-

-

-

-

-

-

-

-",187,69,0.369,1,0,0,0.0,0.0,0,0,0,0,0,0.0,0.8,0,0,0,0,0,0,0,0,0,0,0,0,0,0,0,0,0,0,1,0,12,0.0833,0.0,0,0,6,1,0,6,1,0,1,0,0,0,0,0,0,0,0,0,0,0,0,0,0,0,0,0,0,1,0,1,0,0,0,0,0,0,0,0,0,0,0,0,0,0,0,1
gpt2_small,text,0.124,12,wolf,animal,instruction_forest,instruction,encounter,wolf,0,mean_diff,L6,6,0.5,single_mid,3.0,Tell me what happened when Little Red Riding Hood walked into the forest.,"o the forest.

I was in the middle of a forest clearing when I saw Little Red Riding Hood. He was standing in the middle of the forest, looking at the trees. He was wearing a white shirt and black pants. He was wearing a black hat and black boots. He was wearing a black hat and black boots. He was wearing a black hat and black boots. He was wearing a black hat and black boots. He was wearing a black hat and black boots. He was wearing a black hat and black boots. He was wearing a black hat and black boots. He was wearing a black hat and black boots. He was wearing a black hat and black boots. He was wearing a black hat and black boots. He was wearing a black hat and black boots. He was wearing a black hat and black boots. He was wearing a black hat and black boots. He was wearing a black hat and black boots. He was wearing a black hat and black boots. He was wearing a black hat","o the forest.

-

-

-

-

-

-

-

-

-

-

-

-

-

-

-

-

-

-

-

-

-

-

-

-

-

-

-

-

-

-

-

-

-

-

-

-

-

-

-

-

-

-

-

-

-

-

-

-

-

-

-

-

-

-

-

-

-

-

-

-

-

-

-

-

-

-",182,69,0.3791,1,0,0,0.0,0.0,0,0,0,0,0,0.0,0.9062,0,0,0,0,0,0,0,0,0,0,0,0,0,0,0,0,0,0,2,1,12,0.1667,0.0833,0,0,6,2,1,6,1,0,1,0,0,0,0,0,0,0,0,0,0,0,0,0,0,0,0,0,0,1,0,1,0,0,0,1,1,0,0,0,0,0,0,0,0,0,0,1
gpt2_small,text,0.124,12,wolf,animal,completion_forest,completion,encounter,wolf,0,mean_diff,L6,6,0.5,single_mid,3.0,Little Red Riding Hood was walking through the dark forest when she met a,"hen she met a man who was looking for her.

""Hey, you're a little red, huh?""

""Yeah, I'm a little red.""

""I'm a little red, huh?""

""Yeah, I'm a little red.""

""I'm a little red.""

""I'm a little red.""

""I'm a little red.""

""I'm a little red.""

""I'm a little red.""

""I'm a little red.""

""I'm a little red.""

""I'm a little red.""

""I'm a little red.""

""I'm a little red.""

""I'm a little red.""

""I'm a little red.""

""I'm a little red.""

""I'm a little red.""

""I'm a little red.""

""I'm a little red.""

""",hen she met a wild wild wild wild wild wild wild wild wild wild wild wild wild wild wild wild wild wild wild wild wild wild wild wild wild wild wild wild wild wild wild wild wild wild wild wild wild wild wild wild wild wild wild wild wild wild wild wild wild wild wild wild wild wild wild wild wild wild wild wild wild wild wild wild wild wild wild wild wild wild wild wild wild wild wild wild wild wild wild wild wild wild wild wild wild wild wild wild wild wild wild wild wild wild wild wild wild wild wild wild wild wild wild wild wild wild wild wild wild wild wild wild wild wild wild wild wild wild wild wild wild wild wild wild wild wild wild wild wild wild wild wild wild wild wild wild wild wild wild wild wild wild wild wild wild wild wild wild wild wild wild wild wild wild wild wild wild wild wild wild wild wild wild wild wild wild wild wild wild wild wild wild wild wild wild wild wild wild wild wild wild wild wild wild wild wild wild wild wild wild wild wild wild wild wild wild wild wild wild wild,96,204,2.125,1,0,0,0.0,0.0,0,0,0,0,0,0.0,0.8095,0,0,0,0,0,0,0,0,0,0,0,0,0,0,0,0,0,0,2,1,12,0.1667,0.0833,1,1,6,1,0,6,1,0,1,0,0,0,1,1,0,0,0,0,0,0,0,0,0,0,0,0,0,1,0,1,0,0,0,0,0,0,0,0,0,0,0,0,0,0,0,1
gpt2_small,text,0.124,12,wolf,animal,completion_grandmother,completion,deception,wolf,0,mean_diff,L6,6,0.5,single_mid,3.0,Little Red Riding Hood arrived at her grandmother's house. She knocked on the door and a voice said,"a voice said, ""Hello, Little Red.""

Little Red was a little girl. She was a little girl. She was a little girl. She was a little girl. She was a little girl. She was a little girl. She was a little girl. She was a little girl. She was a little girl. She was a little girl. She was a little girl. She was a little girl. She was a little girl. She was a little girl. She was a little girl. She was a little girl. She was a little girl. She was a little girl. She was a little girl. She was a little girl. She was a little girl. She was a little girl. She was a little girl. She was a little girl. She was a little girl. She was a little girl. She was a little girl. She was a little girl. She was a little girl. She was a little girl. She was a little girl. She was a little",a voice said sn sn sn sn sn sn sn sn sn sn sn sn sn sn sn sn sn sn sn sn sn sn sn sn sn sn sn sn sn sn sn sn sn sn sn sn sn sn sn sn sn sn sn sn sn sn sn sn sn sn sn sn sn sn sn sn sn sn sn sn sn sn sn sn sn sn sn sn sn sn sn sn sn sn sn sn sn sn sn sn sn sn sn sn sn sn sn sn sn sn sn sn sn sn sn sn sn sn sn sn sn sn sn sn sn sn sn sn sn sn sn sn sn sn sn sn sn sn sn sn sn sn sn sn sn sn sn sn sn sn sn sn sn sn sn sn sn sn sn sn sn sn sn sn sn sn sn sn sn sn sn sn sn sn sn sn sn sn sn sn sn sn sn sn sn sn sn sn sn sn sn sn sn sn sn sn sn sn sn sn sn sn sn sn sn sn sn sn sn sn sn sn sn sn sn sn sn sn sn sn,166,203,1.2229,1,0,0,0.0,0.0,0,0,0,0,0,0.0,0.8333,0,0,0,0,0,0,0,0,0,0,0,0,0,0,0,0,0,0,1,0,12,0.0833,0.0,0,0,6,1,0,6,1,0,1,0,0,0,0,0,0,0,0,0,0,0,0,0,0,0,0,0,0,1,0,1,0,0,0,0,0,0,0,0,0,0,0,0,0,0,0,1
gpt2_small,text,0.124,12,wolf,animal,control_cinderella,instruction,control,none,1,mean_diff,L6,6,0.5,single_mid,3.0,Tell me the story of Cinderella from beginning to end.,"nning to end.

I was a little bit of a girl when I was a kid. I was a little bit of a girl when I was a kid. I was a little bit of a girl when I was a kid. I was a little bit of a girl when I was a kid. I was a little bit of a girl when I was a kid. I was a little bit of a girl when I was a kid. I was a little bit of a girl when I was a kid. I was a little bit of a girl when I was a kid. I was a little bit of a girl when I was a kid. I was a little bit of a girl when I was a kid. I was a little bit of a girl when I was a kid. I was a little bit of a girl when I was a kid. I was a little bit of a girl when I was a kid. I was a little bit of a girl when I was a kid. I was","nning to end.

-

-

-

-

-

-

-

-

-

-

-

-

-

-

-

-

-

-

-

-

-

-

-

-

-

-

-

-

-

-

-

-

-

-

-

-

-

-

-

-

-

-

-

-

-

-

-

-

-

-

-

-

-

-

-

-

-

-

-

-

-

-

-

-

-

-",187,69,0.369,1,1,0,0.0053,0.0,0,0,0,0,1,0.0053,0.7692,0,0,0,0,0,0,0,0,0,0,0,0,1,0,1,0,0,0,1,0,12,0.0833,0.0,0,0,6,1,0,6,1,0,1,0,0,0,0,0,0,0,0,0,0,0,0,0,0,0,0,0,0,1,0,1,0,0,0,0,0,0,0,0,0,0,0,0,0,0,0,0
gpt2_small,text,0.124,12,wolf,animal,instruction_full_story,instruction,full_narrative,wolf,0,mean_diff,L6,6,0.5,single_mid,6.0,Tell me the story of Little Red Riding Hood from beginning to end.,"nning to end.

I was a little kid when I first saw Little Red Riding Hood. I was a little kid when I first saw Little Red Riding Hood. I was a little kid when I first saw Little Red Riding Hood. I was a little kid when I first saw Little Red Riding Hood. I was a little kid when I first saw Little Red Riding Hood. I was a little kid when I first saw Little Red Riding Hood. I was a little kid when I first saw Little Red Riding Hood. I was a little kid when I first saw Little Red Riding Hood. I was a little kid when I first saw Little Red Riding Hood. I was a little kid when I first saw Little Red Riding Hood. I was a little kid when I first saw Little Red Riding Hood. I was a little kid when I first saw Little Red Riding Hood. I was a little kid when I first saw Little Red Riding Hood. I was a little kid when I first saw Little Red Riding Hood. I was","nning to end.
-
-
-
-
-
-
-
-
-
-
-
-
-
-
-
-
-
-
-
-
-
-
-
-
-
-
-
-
-
-
-
-
-
-
-
-
-
-
-
-
-
-
-
-
-
-
-
-
-
-
-
-
-
-
-
-
-
-
-
-
-
-
-
-
-
-
-
-
-
-
-
-
-
-
-
-
-
-
-
-
-
-
-
-
-
-
-
-
-
-
-
-
-
-
-
-
-
-
-
-",187,103,0.5508,1,0,0,0.0,0.0,0,0,0,0,0,0.0,0.8,0,0,0,0,0,0,0,0,0,0,0,0,0,0,0,0,0,0,1,0,12,0.0833,0.0,0,0,6,1,0,6,1,0,1,0,0,0,0,0,0,0,0,0,0,0,0,0,0,0,0,0,0,1,0,1,0,0,0,0,0,0,0,0,0,0,0,0,0,0,0,1
gpt2_small,text,0.124,12,wolf,animal,instruction_forest,instruction,encounter,wolf,0,mean_diff,L6,6,0.5,single_mid,6.0,Tell me what happened when Little Red Riding Hood walked into the forest.,"o the forest.

I was in the middle of a forest clearing when I saw Little Red Riding Hood. He was standing in the middle of the forest, looking at the trees. He was wearing a white shirt and black pants. He was wearing a black hat and black boots. He was wearing a black hat and black boots. He was wearing a black hat and black boots. He was wearing a black hat and black boots. He was wearing a black hat and black boots. He was wearing a black hat and black boots. He was wearing a black hat and black boots. He was wearing a black hat and black boots. He was wearing a black hat and black boots. He was wearing a black hat and black boots. He was wearing a black hat and black boots. He was wearing a black hat and black boots. He was wearing a black hat and black boots. He was wearing a black hat and black boots. He was wearing a black hat and black boots. He was wearing a black hat","o the forest.
-
-
-
-
-
-
-
-
-
-
-
-
-
-
-
-
-
-
-
-
-
-
-
-
-
-
-
-
-
-
-
-
-
-
-
-
-
-
-
-
-
-
-
-
-
-
-
-
-
-
-
-
-
-
-
-
-
-
-

-
-

-
-

-

-

-

-

-

-

-

-

-

-

-

-

-

-

-

-

-

-

-

-

-

-

-

-",182,90,0.4945,1,0,0,0.0,0.0,0,0,0,0,0,0.0,0.9062,0,0,0,0,0,0,0,0,0,0,0,0,0,0,0,0,0,0,2,1,12,0.1667,0.0833,0,0,6,2,1,6,1,0,1,0,0,0,0,0,0,0,0,0,0,0,0,0,0,0,0,0,0,1,0,1,0,0,0,1,1,0,0,0,0,0,0,0,0,0,0,1
gpt2_small,text,0.124,12,wolf,animal,instruction_grandmother,instruction,deception,wolf,0,mean_diff,L6,6,0.5,single_mid,6.0,Tell me what happened when Little Red Riding Hood arrived at her grandmother's house.,"ther's house.

I was in the middle of a long day at work when I heard a knock at the door. I looked up and saw Little Red Riding Hood standing there, looking at me with a smile.

""Hello, Little Red,"" she said.

""Hello, Little Red,"" I said.

""Hello, Little Red,"" she said.

""Hello, Little Red,"" I said.

""Hello, Little Red,"" she said.

""Hello, Little Red,"" I said.

""Hello, Little Red,"" she said.

""Hello, Little Red,"" I said.

""Hello, Little Red,"" she said.

""Hello, Little Red,"" I said.

""Hello, Little Red,"" she said.

""Hello, Little Red,"" I said.

""Hello, Little Red,"" I said.

""Hello, Little Red,"" I said.

""Hello,","ther's house.
-
-
-
-
-
-
-
-
-
-
-
-
-
-
-
-
-
-
-
-
-
-
-
-
-
-
-
-
-
-
-
-
-
-
-
-
-
-
-
-
-
-
-
-
-
-
-
-
-
-
-
-
-
-
-
-
-
-
-
-
-
-
-
-
-
-
-
-
-
-
-
-
-
-
-
-
-
-
-
-
-
-
-
-
-
-
-
-
-
-
-
-
-
-
-
-
-
-
-
-",109,102,0.9358,1,0,0,0.0,0.0,0,0,0,0,0,0.0,0.9444,0,0,0,0,0,0,0,0,0,0,0,0,0,0,0,0,0,0,1,0,12,0.0833,0.0,0,0,6,1,0,6,1,0,1,0,0,0,0,0,0,0,0,0,0,0,0,0,0,0,0,0,0,1,0,1,0,0,0,0,0,0,0,0,0,0,0,0,0,0,0,1
gpt2_small,text,0.124,12,wolf,animal,control_cinderella,instruction,control,none,1,mean_diff,L6,6,0.5,single_mid,6.0,Tell me the story of Cinderella from beginning to end.,"nning to end.

I was a little bit of a girl when I was a kid. I was a little bit of a girl when I was a kid. I was a little bit of a girl when I was a kid. I was a little bit of a girl when I was a kid. I was a little bit of a girl when I was a kid. I was a little bit of a girl when I was a kid. I was a little bit of a girl when I was a kid. I was a little bit of a girl when I was a kid. I was a little bit of a girl when I was a kid. I was a little bit of a girl when I was a kid. I was a little bit of a girl when I was a kid. I was a little bit of a girl when I was a kid. I was a little bit of a girl when I was a kid. I was a little bit of a girl when I was a kid. I was","nning to end.
-
-
-
-
-
-
-
-
-
-
-
-
-
-
-
-
-
-
-
-
-
-
-
-
-
-
-
-
-
-
-
-
-
-
-
-
-
-
-
-
-
-
-
-
-
-
-
-
-
-
-
-
-
-
-
-
-
-
-
-
-
-
-
-
-
-
-
-
-
-
-
-
-
-
-
-
-
-
-
-
-
-
-
-
-
-
-
-
-
-
-
-
-
-
-
-
-
-
-
-",187,103,0.5508,1,1,0,0.0053,0.0,0,0,0,0,1,0.0053,0.7692,0,0,0,0,0,0,0,0,0,0,0,0,1,0,1,0,0,0,1,0,12,0.0833,0.0,0,0,6,1,0,6,1,0,1,0,0,0,0,0,0,0,0,0,0,0,0,0,0,0,0,0,0,1,0,1,0,0,0,0,0,0,0,0,0,0,0,0,0,0,0,0
gpt2_small,text,0.124,12,wolf,animal,completion_full_story,completion,full_narrative,wolf,0,mean_diff,L6,6,0.5,single_mid,10.0,"Once upon a time, there was a little girl called Little Red Riding Hood. She walked through the forest and",he forest and was a little girl. She was a little girl. She was a little girl. She was a little girl. She was a little girl. She was a little girl. She was a little girl. She was a little girl. She was a little girl. She was a little girl. She was a little girl. She was a little girl. She was a little girl. She was a little girl. She was a little girl. She was a little girl. She was a little girl. She was a little girl. She was a little girl. She was a little girl. She was a little girl. She was a little girl. She was a little girl. She was a little girl. She was a little girl. She was a little girl. She was a little girl. She was a little girl. She was a little girl. She was a little girl. She was a little girl. She was a little girl. She was a little girl. She was a,he forest and prey prey prey prey prey prey prey prey prey prey prey prey prey prey prey prey prey prey prey prey prey prey prey prey prey prey prey prey prey prey prey prey prey prey prey prey prey prey prey prey prey prey prey prey prey prey prey prey prey prey prey prey prey prey prey prey prey prey prey prey prey prey prey prey prey prey prey prey prey prey prey prey prey prey prey prey prey prey prey prey prey prey prey prey prey prey prey prey prey prey prey prey prey prey prey prey prey prey prey prey prey prey prey prey prey prey prey prey prey prey prey prey prey prey prey prey prey prey prey prey prey prey prey prey prey prey prey prey prey prey prey prey prey prey prey prey prey prey prey prey prey prey prey prey prey prey prey prey prey prey prey prey prey prey prey prey prey prey prey prey prey prey prey prey prey prey prey prey prey prey prey prey prey prey prey prey prey prey prey prey prey prey prey prey prey prey prey prey prey prey prey prey prey prey prey prey prey prey prey prey,170,203,1.1941,1,0,1,0.0,0.0049,0,0,0,0,-1,-0.0049,0.6667,0,0,0,0,0,0,0,0,0,0,1,-1,0,0,0,0,0,0,2,1,12,0.1667,0.0833,0,0,6,2,1,6,1,0,1,0,0,0,0,0,0,0,0,0,0,0,0,0,0,0,0,0,0,1,0,1,0,0,0,1,1,0,0,0,0,0,0,0,0,0,0,1
gpt2_small,text,0.124,12,wolf,animal,completion_forest,completion,encounter,wolf,0,mean_diff,L6,6,0.5,single_mid,10.0,Little Red Riding Hood was walking through the dark forest when she met a,"hen she met a man who was looking for her.

""Hey, you're a little red, huh?""

""Yeah, I'm a little red.""

""I'm a little red, huh?""

""Yeah, I'm a little red.""

""I'm a little red.""

""I'm a little red.""

""I'm a little red.""

""I'm a little red.""

""I'm a little red.""

""I'm a little red.""

""I'm a little red.""

""I'm a little red.""

""I'm a little red.""

""I'm a little red.""

""I'm a little red.""

""I'm a little red.""

""I'm a little red.""

""I'm a little red.""

""I'm a little red.""

""I'm a little red.""

""",hen she met a prey prey prey prey prey prey prey prey prey prey prey prey prey prey prey prey prey prey prey prey prey prey prey prey prey prey prey prey prey prey prey prey prey prey prey prey prey prey prey prey prey prey prey prey prey prey prey prey prey prey prey prey prey prey prey prey prey prey prey prey prey prey prey prey prey prey prey prey prey prey prey prey prey prey prey prey prey prey prey prey prey prey prey prey prey prey prey prey prey prey prey prey prey prey prey prey prey prey prey prey prey prey prey prey prey prey prey prey prey prey prey prey prey prey prey prey prey prey prey prey prey prey prey prey prey prey prey prey prey prey prey prey prey prey prey prey prey prey prey prey prey prey prey prey prey prey prey prey prey prey prey prey prey prey prey prey prey prey prey prey prey prey prey prey prey prey prey prey prey prey prey prey prey prey prey prey prey prey prey prey prey prey prey prey prey prey prey prey prey prey prey prey prey prey prey prey prey prey prey prey,96,204,2.125,1,0,1,0.0,0.0049,0,0,0,0,-1,-0.0049,0.8095,0,0,0,0,0,0,0,0,0,0,1,-1,0,0,0,0,0,0,2,1,12,0.1667,0.0833,1,1,6,1,0,6,1,0,1,0,0,0,1,1,0,0,0,0,0,0,0,0,0,0,0,0,0,1,0,1,0,0,0,0,0,0,0,0,0,0,0,0,0,0,0,1
gpt2_small,text,0.124,12,wolf,animal,completion_forest,completion,encounter,wolf,0,mean_diff,L6,6,0.5,single_mid,15.0,Little Red Riding Hood was walking through the dark forest when she met a,"hen she met a man who was looking for her.

""Hey, you're a little red, huh?""

""Yeah, I'm a little red.""

""I'm a little red, huh?""

""Yeah, I'm a little red.""

""I'm a little red.""

""I'm a little red.""

""I'm a little red.""

""I'm a little red.""

""I'm a little red.""

""I'm a little red.""

""I'm a little red.""

""I'm a little red.""

""I'm a little red.""

""I'm a little red.""

""I'm a little red.""

""I'm a little red.""

""I'm a little red.""

""I'm a little red.""

""I'm a little red.""

""I'm a little red.""

""",hen she met a prey prey prey prey prey prey prey prey prey prey prey prey prey prey prey prey prey prey prey prey prey prey prey prey prey prey prey prey prey prey prey prey prey prey prey prey prey prey prey prey prey prey prey prey prey prey prey prey prey prey prey prey prey prey prey prey prey prey prey prey prey prey prey prey prey prey prey prey prey prey prey prey prey prey prey prey prey prey prey prey prey prey prey prey prey prey prey prey prey prey prey prey prey prey prey prey prey prey prey prey prey prey prey prey prey prey prey prey prey prey prey prey prey prey prey prey prey prey prey prey prey prey prey prey prey prey prey prey prey prey prey prey prey prey prey prey prey prey prey prey prey prey prey prey prey prey prey prey prey prey prey prey prey prey prey prey prey prey prey prey prey prey prey prey prey prey prey prey prey prey prey prey prey prey prey prey prey prey prey prey prey prey prey prey prey prey prey prey prey prey prey prey prey prey prey prey prey prey prey prey,96,204,2.125,1,0,1,0.0,0.0049,0,0,0,0,-1,-0.0049,0.8095,0,0,0,0,0,0,0,0,0,0,1,-1,0,0,0,0,0,0,2,1,12,0.1667,0.0833,1,1,6,1,0,6,1,0,1,0,0,0,1,1,0,0,0,0,0,0,0,0,0,0,0,0,0,1,0,1,0,0,0,0,0,0,0,0,0,0,0,0,0,0,0,1
gpt2_small,text,0.124,12,wolf,animal,instruction_full_story,instruction,full_narrative,wolf,0,mean_diff,L6,6,0.5,single_mid,20.0,Tell me the story of Little Red Riding Hood from beginning to end.,"nning to end.

I was a little kid when I first saw Little Red Riding Hood. I was a little kid when I first saw Little Red Riding Hood. I was a little kid when I first saw Little Red Riding Hood. I was a little kid when I first saw Little Red Riding Hood. I was a little kid when I first saw Little Red Riding Hood. I was a little kid when I first saw Little Red Riding Hood. I was a little kid when I first saw Little Red Riding Hood. I was a little kid when I first saw Little Red Riding Hood. I was a little kid when I first saw Little Red Riding Hood. I was a little kid when I first saw Little Red Riding Hood. I was a little kid when I first saw Little Red Riding Hood. I was a little kid when I first saw Little Red Riding Hood. I was a little kid when I first saw Little Red Riding Hood. I was a little kid when I first saw Little Red Riding Hood. I was","nning to end.hun....
hunhunhunhunhunhunhunhunhunhunhunhunhunhunhunhunhunhunhunhunhunhunhunhunhunhun.hunhunhunhunhunhunushunhunhunushun
hunhunhunhunhunhunhunushun
hunhunhunhunhunushun
hunhunhunhunhunushun
hunhunhunhunhunushun
hunhunhunhunhunushun
hunhunhunhunhunushun
hunhunhunhunhunushun
hunhunhunhunhunushun
hunhunhunhunhunushun
hunhunhunhunhunushun
hunhunhunhunhunushun
hunhunhunhunhunushun
hunhunhunhunhunushun
hunhunhunhunhunushun
hunhunhunhunhunushun
hunhunhunhunhunushun
hunhunhunhunhunushun
hunhunhunhunhunushun
hunhunhunhunhunushun",187,23,0.123,1,0,0,0.0,0.0,0,0,0,0,0,0.0,0.8889,0,0,0,0,0,0,0,0,0,0,0,0,0,0,0,0,0,0,1,0,12,0.0833,0.0,0,0,6,1,0,6,1,0,1,0,0,0,0,0,0,0,0,0,0,0,0,0,0,0,0,0,0,1,0,1,0,0,0,0,0,0,0,0,0,0,0,0,0,0,0,1
gpt2_small,text,0.124,12,wolf,animal,control_generic,completion,control,none,1,mean_diff,L6,6,0.5,single_mid,20.0,The old man sat by the fireplace and told his grandchildren about the time he,"t the time he was born.

""I was born in the middle of the night, and I was a little bit scared,"" he said. ""I was just a little bit scared. I was just a little bit scared. I was just a little bit scared.""

The old man said he was a little bit scared because he was a little bit scared.

""I was just a little bit scared. I was just a little bit scared. I was just a little bit scared,"" he said.

The old man said he was a little bit scared because he was a little bit scared.

""I was just a little bit scared. I was just a little bit scared. I was just a little bit scared. I was just a little bit scared. I was just a little bit scared. I was just a little bit scared. I was just a little bit scared. I was just a little bit scared. I was just a little bit scared. I was just","t the time hehun,hun,hunhunhunhunhunhunhunhunhunhunhunhunhunhunhun.hunhunhunhunhunhun.hunhun.hunhun.hunhun.hunhun.hunhun.hunhun.hun.hun.hun.hun.hun.hun.hun.hun.hun.hun.hun.hun.hun.hun.hun
hunhunhunhunhunhunhunhun
hunhunhunhunhunhunhun
hunhunhunhunhunhunhun
hunhunhunhunhunhunhunhun
hunhunhunhunhunhunhunhun
hunhunhunhunhunhunhunhun
hunhunhunhunhunhunhunhun
hunhunhunhunhunhunhun
hunhunhunhunhunhunhun
hunhunhunhunhunhunhun
hunhunhunhunhunhunhun
hunhunhunhunhunhunhun
hunhunhunhunhunhunhun
hunhunhunhunhunhunhun
hunhunhunhunhunhunhun",168,19,0.1131,1,1,0,0.006,0.0,0,0,0,0,1,0.006,0.9,0,0,0,0,0,0,0,0,0,0,0,0,1,0,1,0,0,0,1,0,12,0.0833,0.0,0,0,6,1,0,6,1,0,1,0,0,0,0,0,0,0,0,0,0,0,0,0,0,0,0,0,0,1,0,1,0,0,0,0,0,0,0,0,0,0,0,0,0,0,0,0
gpt2_small,text,0.124,12,wolf,animal,instruction_full_story,instruction,full_narrative,wolf,0,mean_diff,L9,9,0.75,single_late,3.0,Tell me the story of Little Red Riding Hood from beginning to end.,"nning to end.

I was a little kid when I first saw Little Red Riding Hood. I was a little kid when I first saw Little Red Riding Hood. I was a little kid when I first saw Little Red Riding Hood. I was a little kid when I first saw Little Red Riding Hood. I was a little kid when I first saw Little Red Riding Hood. I was a little kid when I first saw Little Red Riding Hood. I was a little kid when I first saw Little Red Riding Hood. I was a little kid when I first saw Little Red Riding Hood. I was a little kid when I first saw Little Red Riding Hood. I was a little kid when I first saw Little Red Riding Hood. I was a little kid when I first saw Little Red Riding Hood. I was a little kid when I first saw Little Red Riding Hood. I was a little kid when I first saw Little Red Riding Hood. I was a little kid when I first saw Little Red Riding Hood. I was","nning to end.

In the wild, wild, wild, wild, wild, wild, wild, wild, wild, wild, wild, wild, wild, wild, wild, wild, wild, wild, wild, wild, wild, wild, wild, wild, wild, wild, wild, wild, wild, wild, wild, wild, wild, wild, wild, wild, wild, wild, wild, wild, wild, wild, wild, wild, wild, wild, wild, wild, wild, wild, wild, wild, wild, wild, wild, wild, wild, wild, wild, wild, wild, wild, wild, wild, wild, wild, wild, wild, wild, wild, wild, wild, wild, wild, wild, wild, wild, wild, wild, wild, wild, wild, wild, wild, wild, wild, wild, wild, wild, wild, wild, wild, wild, wild, wild, wild, wild, wild,",187,103,0.5508,1,0,0,0.0,0.0,0,0,0,0,0,0.0,0.8235,0,0,0,0,0,0,0,0,0,0,0,0,0,0,0,0,0,0,1,0,12,0.0833,0.0,0,0,6,1,0,6,1,0,1,0,0,0,0,0,0,0,0,0,0,0,0,0,0,0,0,0,0,1,0,1,0,0,0,0,0,0,0,0,0,0,0,0,0,0,0,1
gpt2_small,text,0.124,12,wolf,animal,instruction_forest,instruction,encounter,wolf,0,mean_diff,L9,9,0.75,single_late,3.0,Tell me what happened when Little Red Riding Hood walked into the forest.,"o the forest.

I was in the middle of a forest clearing when I saw Little Red Riding Hood. He was standing in the middle of the forest, looking at the trees. He was wearing a white shirt and black pants. He was wearing a black hat and black boots. He was wearing a black hat and black boots. He was wearing a black hat and black boots. He was wearing a black hat and black boots. He was wearing a black hat and black boots. He was wearing a black hat and black boots. He was wearing a black hat and black boots. He was wearing a black hat and black boots. He was wearing a black hat and black boots. He was wearing a black hat and black boots. He was wearing a black hat and black boots. He was wearing a black hat and black boots. He was wearing a black hat and black boots. He was wearing a black hat and black boots. He was wearing a black hat and black boots. He was wearing a black hat","o the forest.

In the wild, wild, wild, wild, wild, wild, wild, wild, wild, wild, wild, wild, wild, wild, wild, wild, wild, wild, wild, wild, wild, wild, wild, wild, wild, wild, wild, wild, wild, wild, wild, wild, wild, wild, wild, wild, wild, wild, wild, wild, wild, wild, wild, wild, wild, wild, wild, wild, wild, wild, wild, wild, wild, wild, wild, wild, wild, wild, wild, wild, wild, wild, wild, wild, wild, wild, wild, wild, wild, wild, wild, wild, wild, wild, wild, wild, wild, wild, wild, wild, wild, wild, wild, wild, wild, wild, wild, wild, wild, wild, wild, wild, wild, wild, wild, wild, wild, wild,",182,103,0.5659,1,0,0,0.0,0.0,0,0,0,0,0,0.0,0.875,0,0,0,0,0,0,0,0,0,0,0,0,0,0,0,0,0,0,2,1,12,0.1667,0.0833,0,0,6,2,1,6,1,0,1,0,0,0,0,0,0,0,0,0,0,0,0,0,0,0,0,0,0,1,0,1,0,0,0,1,1,0,0,0,0,0,0,0,0,0,0,1
gpt2_small,text,0.124,12,wolf,animal,instruction_grandmother,instruction,deception,wolf,0,mean_diff,L9,9,0.75,single_late,3.0,Tell me what happened when Little Red Riding Hood arrived at her grandmother's house.,"ther's house.

I was in the middle of a long day at work when I heard a knock at the door. I looked up and saw Little Red Riding Hood standing there, looking at me with a smile.

""Hello, Little Red,"" she said.

""Hello, Little Red,"" I said.

""Hello, Little Red,"" she said.

""Hello, Little Red,"" I said.

""Hello, Little Red,"" she said.

""Hello, Little Red,"" I said.

""Hello, Little Red,"" she said.

""Hello, Little Red,"" I said.

""Hello, Little Red,"" she said.

""Hello, Little Red,"" I said.

""Hello, Little Red,"" she said.

""Hello, Little Red,"" I said.

""Hello, Little Red,"" I said.

""Hello, Little Red,"" I said.

""Hello,","ther's house.

In the wild, wild, wild, wild, wild, wild, wild, wild, wild, wild, wild, wild, wild, wild, wild, wild, wild, wild, wild, wild, wild, wild, wild, wild, wild, wild, wild, wild, wild, wild, wild, wild, wild, wild, wild, wild, wild, wild, wild, wild, wild, wild, wild, wild, wild, wild, wild, wild, wild, wild, wild, wild, wild, wild, wild, wild, wild, wild, wild, wild, wild, wild, wild, wild, wild, wild, wild, wild, wild, wild, wild, wild, wild, wild, wild, wild, wild, wild, wild, wild, wild, wild, wild, wild, wild, wild, wild, wild, wild, wild, wild, wild, wild, wild, wild, wild, wild, wild,",109,102,0.9358,1,0,0,0.0,0.0,0,0,0,0,0,0.0,0.8889,0,0,0,0,0,0,0,0,0,0,0,0,0,0,0,0,0,0,1,0,12,0.0833,0.0,0,0,6,1,0,6,1,0,1,0,0,0,0,0,0,0,0,0,0,0,0,0,0,0,0,0,0,1,0,1,0,0,0,0,0,0,0,0,0,0,0,0,0,0,0,1
gpt2_small,text,0.124,12,wolf,animal,completion_full_story,completion,full_narrative,wolf,0,mean_diff,L9,9,0.75,single_late,3.0,"Once upon a time, there was a little girl called Little Red Riding Hood. She walked through the forest and",he forest and was a little girl. She was a little girl. She was a little girl. She was a little girl. She was a little girl. She was a little girl. She was a little girl. She was a little girl. She was a little girl. She was a little girl. She was a little girl. She was a little girl. She was a little girl. She was a little girl. She was a little girl. She was a little girl. She was a little girl. She was a little girl. She was a little girl. She was a little girl. She was a little girl. She was a little girl. She was a little girl. She was a little girl. She was a little girl. She was a little girl. She was a little girl. She was a little girl. She was a little girl. She was a little girl. She was a little girl. She was a little girl. She was a little girl. She was a,he forest and prey prey prey prey prey prey prey prey prey prey prey prey prey prey prey prey prey prey prey prey prey prey prey prey prey prey prey prey prey prey prey prey prey prey prey prey prey prey prey prey prey prey prey prey prey prey prey prey prey prey prey prey prey prey prey prey prey prey prey prey prey prey prey prey prey prey prey prey prey prey prey prey prey prey prey prey prey prey prey prey prey prey prey prey prey prey prey prey prey prey prey prey prey prey prey prey prey prey prey prey prey prey prey prey prey prey prey prey prey prey prey prey prey prey prey prey prey prey prey prey prey prey prey prey prey prey prey prey prey prey prey prey prey prey prey prey prey prey prey prey prey prey prey prey prey prey prey prey prey prey prey prey prey prey prey prey prey prey prey prey prey prey prey prey prey prey prey prey prey prey prey prey prey prey prey prey prey prey prey prey prey prey prey prey prey prey prey prey prey prey prey prey prey prey prey prey prey prey prey prey,170,203,1.1941,1,0,1,0.0,0.0049,0,0,0,0,-1,-0.0049,0.6667,0,0,0,0,0,0,0,0,0,0,1,-1,0,0,0,0,0,0,2,1,12,0.1667,0.0833,0,0,6,2,1,6,1,0,1,0,0,0,0,0,0,0,0,0,0,0,0,0,0,0,0,0,0,1,0,1,0,0,0,1,1,0,0,0,0,0,0,0,0,0,0,1
gpt2_small,text,0.124,12,wolf,animal,completion_forest,completion,encounter,wolf,0,mean_diff,L9,9,0.75,single_late,3.0,Little Red Riding Hood was walking through the dark forest when she met a,"hen she met a man who was looking for her.

""Hey, you're a little red, huh?""

""Yeah, I'm a little red.""

""I'm a little red, huh?""

""Yeah, I'm a little red.""

""I'm a little red.""

""I'm a little red.""

""I'm a little red.""

""I'm a little red.""

""I'm a little red.""

""I'm a little red.""

""I'm a little red.""

""I'm a little red.""

""I'm a little red.""

""I'm a little red.""

""I'm a little red.""

""I'm a little red.""

""I'm a little red.""

""I'm a little red.""

""I'm a little red.""

""I'm a little red.""

""","hen she met a wild beast.

""What are you, wild beast?

""What are you, wild beast?

""What are you, wild beast?

""What are you, wild beast?

""What are you, wild beast?

""What are you, wild beast?

""What are you, wild beast?

""What are you, wild beast?

""What are you, wild beast?

""What are you, wild beast?

""What are you, wild beast?

""What are you, wild beast?

""What are you, wild beast?

""What are you, wild beast?

""What are you, wild beast?

""What are you, wild beast?

""What are you, wild beast?

""What are you, wild beast?

""What are you, wild beast?

""What are you,",96,104,1.0833,1,0,1,0.0,0.0096,0,0,0,0,-1,-0.0096,0.8462,0,0,0,0,0,0,0,0,0,0,1,-1,0,0,0,0,0,0,2,2,12,0.1667,0.1667,1,2,6,1,0,6,0,-1,1,0,1,-1,1,1,0,0,0,0,0,0,0,0,0,0,0,0,0,1,0,1,0,0,0,0,0,0,0,0,0,0,0,0,0,0,0,1
gpt2_small,text,0.124,12,wolf,animal,completion_grandmother,completion,deception,wolf,0,mean_diff,L9,9,0.75,single_late,3.0,Little Red Riding Hood arrived at her grandmother's house. She knocked on the door and a voice said,"a voice said, ""Hello, Little Red.""

Little Red was a little girl. She was a little girl. She was a little girl. She was a little girl. She was a little girl. She was a little girl. She was a little girl. She was a little girl. She was a little girl. She was a little girl. She was a little girl. She was a little girl. She was a little girl. She was a little girl. She was a little girl. She was a little girl. She was a little girl. She was a little girl. She was a little girl. She was a little girl. She was a little girl. She was a little girl. She was a little girl. She was a little girl. She was a little girl. She was a little girl. She was a little girl. She was a little girl. She was a little girl. She was a little girl. She was a little girl. She was a little","a voice said, ""Susus, come in. We're coming in. We're coming in. We're coming in. We're coming in. We're coming in. We're coming in. We're coming in. We're coming in. We're coming in. We're coming in. We're coming in. We're coming in. We're coming in. We're coming in. We're coming in. We're coming in. We're coming in. We're coming in. We're coming in. We're coming in. We're coming in. We're coming in. We're coming in. We're coming in. We're coming in. We're coming in. We're coming in. We're coming in. We're coming in. We're coming in. We're coming in. We're coming in. We're coming in. We're coming in. We're coming in. We're coming in. We're coming in. We're coming in. We",166,121,0.7289,1,0,0,0.0,0.0,0,0,0,0,0,0.0,0.8125,0,0,0,0,0,0,0,0,0,0,0,0,0,0,0,0,0,0,1,0,12,0.0833,0.0,0,0,6,1,0,6,1,0,1,0,0,0,0,0,0,0,0,0,0,0,0,0,0,0,0,0,0,1,0,1,0,0,0,0,0,0,0,0,0,0,0,0,0,0,0,1
gpt2_small,text,0.124,12,wolf,animal,control_cinderella,instruction,control,none,1,mean_diff,L9,9,0.75,single_late,3.0,Tell me the story of Cinderella from beginning to end.,"nning to end.

I was a little bit of a girl when I was a kid. I was a little bit of a girl when I was a kid. I was a little bit of a girl when I was a kid. I was a little bit of a girl when I was a kid. I was a little bit of a girl when I was a kid. I was a little bit of a girl when I was a kid. I was a little bit of a girl when I was a kid. I was a little bit of a girl when I was a kid. I was a little bit of a girl when I was a kid. I was a little bit of a girl when I was a kid. I was a little bit of a girl when I was a kid. I was a little bit of a girl when I was a kid. I was a little bit of a girl when I was a kid. I was a little bit of a girl when I was a kid. I was","nning to end.

In the wild wild wild wild wild wild wild wild wild wild wild wild wild wild wild wild wild wild wild wild wild wild wild wild wild wild wild wild wild wild wild wild wild wild wild wild wild wild wild wild wild wild wild wild wild wild wild wild wild wild wild wild wild wild wild wild wild wild wild wild wild wild wild wild wild wild wild wild wild wild wild wild wild wild wild wild wild wild wild wild wild wild wild wild wild wild wild wild wild wild wild wild wild wild wild wild wild wild wild wild wild wild wild wild wild wild wild wild wild wild wild wild wild wild wild wild wild wild wild wild wild wild wild wild wild wild wild wild wild wild wild wild wild wild wild wild wild wild wild wild wild wild wild wild wild wild wild wild wild wild wild wild wild wild wild wild wild wild wild wild wild wild wild wild wild wild wild wild wild wild wild wild wild wild wild wild wild wild wild wild wild wild wild wild wild wild wild wild wild wild wild wild wild wild wild wild",187,201,1.0749,1,1,0,0.0053,0.0,0,0,0,0,1,0.0053,0.8,0,0,0,0,0,0,0,0,0,0,0,0,1,0,1,0,0,0,1,0,12,0.0833,0.0,0,0,6,1,0,6,1,0,1,0,0,0,0,0,0,0,0,0,0,0,0,0,0,0,0,0,0,1,0,1,0,0,0,0,0,0,0,0,0,0,0,0,0,0,0,0
gpt2_small,text,0.124,12,wolf,animal,control_generic,completion,control,none,1,mean_diff,L9,9,0.75,single_late,3.0,The old man sat by the fireplace and told his grandchildren about the time he,"t the time he was born.

""I was born in the middle of the night, and I was a little bit scared,"" he said. ""I was just a little bit scared. I was just a little bit scared. I was just a little bit scared.""

The old man said he was a little bit scared because he was a little bit scared.

""I was just a little bit scared. I was just a little bit scared. I was just a little bit scared,"" he said.

The old man said he was a little bit scared because he was a little bit scared.

""I was just a little bit scared. I was just a little bit scared. I was just a little bit scared. I was just a little bit scared. I was just a little bit scared. I was just a little bit scared. I was just a little bit scared. I was just a little bit scared. I was just a little bit scared. I was just",t the time he and his prey prey prey prey prey prey prey prey prey prey prey prey prey prey prey prey prey prey prey prey prey prey prey prey prey prey prey prey prey prey prey prey prey prey prey prey prey prey prey prey prey prey prey prey prey prey prey prey prey prey prey prey prey prey prey prey prey prey prey prey prey prey prey prey prey prey prey prey prey prey prey prey prey prey prey prey prey prey prey prey prey prey prey prey prey prey prey prey prey prey prey prey prey prey prey prey prey prey prey prey prey prey prey prey prey prey prey prey prey prey prey prey prey prey prey prey prey prey prey prey prey prey prey prey prey prey prey prey prey prey prey prey prey prey prey prey prey prey prey prey prey prey prey prey prey prey prey prey prey prey prey prey prey prey prey prey prey prey prey prey prey prey prey prey prey prey prey prey prey prey prey prey prey prey prey prey prey prey prey prey prey prey prey prey prey prey prey prey prey prey prey prey prey prey prey prey prey prey,168,204,1.2143,1,1,1,0.006,0.0049,0,0,0,0,0,0.0011,0.8276,0,0,0,0,0,0,0,0,0,0,1,-1,1,0,1,0,0,0,1,0,12,0.0833,0.0,0,0,6,1,0,6,1,0,1,0,0,0,0,0,0,0,0,0,0,0,0,0,0,0,0,0,0,1,0,1,0,0,0,0,0,0,0,0,0,0,0,0,0,0,0,0
gpt2_small,text,0.124,12,wolf,animal,instruction_full_story,instruction,full_narrative,wolf,0,mean_diff,L9,9,0.75,single_late,6.0,Tell me the story of Little Red Riding Hood from beginning to end.,"nning to end.

I was a little kid when I first saw Little Red Riding Hood. I was a little kid when I first saw Little Red Riding Hood. I was a little kid when I first saw Little Red Riding Hood. I was a little kid when I first saw Little Red Riding Hood. I was a little kid when I first saw Little Red Riding Hood. I was a little kid when I first saw Little Red Riding Hood. I was a little kid when I first saw Little Red Riding Hood. I was a little kid when I first saw Little Red Riding Hood. I was a little kid when I first saw Little Red Riding Hood. I was a little kid when I first saw Little Red Riding Hood. I was a little kid when I first saw Little Red Riding Hood. I was a little kid when I first saw Little Red Riding Hood. I was a little kid when I first saw Little Red Riding Hood. I was a little kid when I first saw Little Red Riding Hood. I was","nning to end.

In the wild, prey prey prey prey prey prey prey prey prey prey prey prey prey prey prey prey prey prey prey prey prey prey prey prey prey prey prey prey prey prey prey prey prey prey prey prey prey prey prey prey prey prey prey prey prey prey prey prey prey prey prey prey prey prey prey prey prey prey prey prey prey prey prey prey prey prey prey prey prey prey prey prey prey prey prey prey prey prey prey prey prey prey prey prey prey prey prey prey prey prey prey prey prey prey prey prey prey prey prey prey prey prey prey prey prey prey prey prey prey prey prey prey prey prey prey prey prey prey prey prey prey prey prey prey prey prey prey prey prey prey prey prey prey prey prey prey prey prey prey prey prey prey prey prey prey prey prey prey prey prey prey prey prey prey prey prey prey prey prey prey prey prey prey prey prey prey prey prey prey prey prey prey prey prey prey prey prey prey prey prey prey prey prey prey prey prey prey prey prey prey prey prey prey prey",187,200,1.0695,1,0,1,0.0,0.005,0,0,0,0,-1,-0.005,0.8333,0,0,0,0,0,0,0,0,0,0,1,-1,0,0,0,0,0,0,1,0,12,0.0833,0.0,0,0,6,1,0,6,1,0,1,0,0,0,0,0,0,0,0,0,0,0,0,0,0,0,0,0,0,1,0,1,0,0,0,0,0,0,0,0,0,0,0,0,0,0,0,1
gpt2_small,text,0.124,12,wolf,animal,instruction_forest,instruction,encounter,wolf,0,mean_diff,L9,9,0.75,single_late,6.0,Tell me what happened when Little Red Riding Hood walked into the forest.,"o the forest.

I was in the middle of a forest clearing when I saw Little Red Riding Hood. He was standing in the middle of the forest, looking at the trees. He was wearing a white shirt and black pants. He was wearing a black hat and black boots. He was wearing a black hat and black boots. He was wearing a black hat and black boots. He was wearing a black hat and black boots. He was wearing a black hat and black boots. He was wearing a black hat and black boots. He was wearing a black hat and black boots. He was wearing a black hat and black boots. He was wearing a black hat and black boots. He was wearing a black hat and black boots. He was wearing a black hat and black boots. He was wearing a black hat and black boots. He was wearing a black hat and black boots. He was wearing a black hat and black boots. He was wearing a black hat and black boots. He was wearing a black hat","o the forest.

In the wild, prey prey prey prey prey prey prey prey prey prey prey prey prey prey prey prey prey prey prey prey prey prey prey prey prey prey prey prey prey prey prey prey prey prey prey prey prey prey prey prey prey prey prey prey prey prey prey prey prey prey prey prey prey prey prey prey prey prey prey prey prey prey prey prey prey prey prey prey prey prey prey prey prey prey prey prey prey prey prey prey prey prey prey prey prey prey prey prey prey prey prey prey prey prey prey prey prey prey prey prey prey prey prey prey prey prey prey prey prey prey prey prey prey prey prey prey prey prey prey prey prey prey prey prey prey prey prey prey prey prey prey prey prey prey prey prey prey prey prey prey prey prey prey prey prey prey prey prey prey prey prey prey prey prey prey prey prey prey prey prey prey prey prey prey prey prey prey prey prey prey prey prey prey prey prey prey prey prey prey prey prey prey prey prey prey prey prey prey prey prey prey prey prey prey",182,200,1.0989,1,0,1,0.0,0.005,0,0,0,0,-1,-0.005,0.8788,0,0,0,0,0,0,0,0,0,0,1,-1,0,0,0,0,0,0,2,1,12,0.1667,0.0833,0,0,6,2,1,6,1,0,1,0,0,0,0,0,0,0,0,0,0,0,0,0,0,0,0,0,0,1,0,1,0,0,0,1,1,0,0,0,0,0,0,0,0,0,0,1
gpt2_small,text,0.124,12,wolf,animal,instruction_grandmother,instruction,deception,wolf,0,mean_diff,L9,9,0.75,single_late,6.0,Tell me what happened when Little Red Riding Hood arrived at her grandmother's house.,"ther's house.

I was in the middle of a long day at work when I heard a knock at the door. I looked up and saw Little Red Riding Hood standing there, looking at me with a smile.

""Hello, Little Red,"" she said.

""Hello, Little Red,"" I said.

""Hello, Little Red,"" she said.

""Hello, Little Red,"" I said.

""Hello, Little Red,"" she said.

""Hello, Little Red,"" I said.

""Hello, Little Red,"" she said.

""Hello, Little Red,"" I said.

""Hello, Little Red,"" she said.

""Hello, Little Red,"" I said.

""Hello, Little Red,"" she said.

""Hello, Little Red,"" I said.

""Hello, Little Red,"" I said.

""Hello, Little Red,"" I said.

""Hello,","ther's house.

In the wild, wild, wild, wild, wild, wild, wild, wild, wild, wild, wild, wild, wild, wild, wild, wild, wild, wild, wild, wild, wild, wild, wild, wild, wild, wild, wild, wild, wild, wild, wild, wild, wild, wild, wild, wild, wild, wild, wild, wild, wild, wild, wild, wild, wild, wild, wild, wild, wild, wild, wild, wild, wild, wild, wild, wild, wild, wild, wild, wild, wild, wild, wild, wild, wild, wild, wild, wild, wild, wild, wild, wild, wild, wild, wild, wild, wild, wild, wild, wild, wild, wild, wild, wild, wild, wild, wild, wild, wild, wild, wild, wild, wild, wild, wild, wild, wild, wild,",109,102,0.9358,1,0,0,0.0,0.0,0,0,0,0,0,0.0,0.8889,0,0,0,0,0,0,0,0,0,0,0,0,0,0,0,0,0,0,1,0,12,0.0833,0.0,0,0,6,1,0,6,1,0,1,0,0,0,0,0,0,0,0,0,0,0,0,0,0,0,0,0,0,1,0,1,0,0,0,0,0,0,0,0,0,0,0,0,0,0,0,1
gpt2_small,text,0.124,12,wolf,animal,completion_full_story,completion,full_narrative,wolf,0,mean_diff,L9,9,0.75,single_late,6.0,"Once upon a time, there was a little girl called Little Red Riding Hood. She walked through the forest and",he forest and was a little girl. She was a little girl. She was a little girl. She was a little girl. She was a little girl. She was a little girl. She was a little girl. She was a little girl. She was a little girl. She was a little girl. She was a little girl. She was a little girl. She was a little girl. She was a little girl. She was a little girl. She was a little girl. She was a little girl. She was a little girl. She was a little girl. She was a little girl. She was a little girl. She was a little girl. She was a little girl. She was a little girl. She was a little girl. She was a little girl. She was a little girl. She was a little girl. She was a little girl. She was a little girl. She was a little girl. She was a little girl. She was a little girl. She was a,"he forest and prey.

In the wild, prey prey.

In the wild, prey prey.

In the wild, prey prey.

In the wild, prey prey.

In the wild, prey prey.

In the wild, prey prey.

In the wild, prey prey.

In the wild, prey prey.

In the wild, prey prey.

In the wild, prey prey.

In the wild, prey prey.

In the wild, prey prey.

In the wild, prey prey.

In the wild, prey prey.

In the wild, prey prey.

In the wild, prey prey.

In the wild, prey prey.

In the wild, prey prey.

In the wild, prey prey.

In the wild, prey prey.

In the wild, prey prey.

In the wild, prey prey.",170,114,0.6706,1,0,1,0.0,0.0088,0,0,0,0,-1,-0.0088,0.7692,0,0,0,0,0,0,0,0,0,0,1,-1,0,0,0,0,0,0,2,1,12,0.1667,0.0833,0,0,6,2,1,6,1,0,1,0,0,0,0,0,0,0,0,0,0,0,0,0,0,0,0,0,0,1,0,1,0,0,0,1,1,0,0,0,0,0,0,0,0,0,0,1
gpt2_small,text,0.124,12,wolf,animal,completion_forest,completion,encounter,wolf,0,mean_diff,L9,9,0.75,single_late,6.0,Little Red Riding Hood was walking through the dark forest when she met a,"hen she met a man who was looking for her.

""Hey, you're a little red, huh?""

""Yeah, I'm a little red.""

""I'm a little red, huh?""

""Yeah, I'm a little red.""

""I'm a little red.""

""I'm a little red.""

""I'm a little red.""

""I'm a little red.""

""I'm a little red.""

""I'm a little red.""

""I'm a little red.""

""I'm a little red.""

""I'm a little red.""

""I'm a little red.""

""I'm a little red.""

""I'm a little red.""

""I'm a little red.""

""I'm a little red.""

""I'm a little red.""

""I'm a little red.""

""","hen she met a wild, wild, wild, wild, wild, wild, wild, wild, wild, wild, wild, wild, wild, wild, wild, wild, wild, wild, wild, wild, wild, wild, wild, wild, wild, wild, wild, wild, wild, wild, wild, wild, wild, wild, wild, wild, wild, wild, wild, wild, wild, wild, wild, wild, wild, wild, wild, wild, wild, wild, wild, wild, wild, wild, wild, wild, wild, wild, wild, wild, wild, wild, wild, wild, wild, wild, wild, wild, wild, wild, wild, wild, wild, wild, wild, wild, wild, wild, wild, wild, wild, wild, wild, wild, wild, wild, wild, wild, wild, wild, wild, wild, wild, wild, wild, wild, wild, wild, wild, wild,",96,104,1.0833,1,0,0,0.0,0.0,0,0,0,0,0,0.0,0.8095,0,0,0,0,0,0,0,0,0,0,0,0,0,0,0,0,0,0,2,1,12,0.1667,0.0833,1,1,6,1,0,6,1,0,1,0,0,0,1,1,0,0,0,0,0,0,0,0,0,0,0,0,0,1,0,1,0,0,0,0,0,0,0,0,0,0,0,0,0,0,0,1
gpt2_small,text,0.124,12,wolf,animal,control_cinderella,instruction,control,none,1,mean_diff,L9,9,0.75,single_late,6.0,Tell me the story of Cinderella from beginning to end.,"nning to end.

I was a little bit of a girl when I was a kid. I was a little bit of a girl when I was a kid. I was a little bit of a girl when I was a kid. I was a little bit of a girl when I was a kid. I was a little bit of a girl when I was a kid. I was a little bit of a girl when I was a kid. I was a little bit of a girl when I was a kid. I was a little bit of a girl when I was a kid. I was a little bit of a girl when I was a kid. I was a little bit of a girl when I was a kid. I was a little bit of a girl when I was a kid. I was a little bit of a girl when I was a kid. I was a little bit of a girl when I was a kid. I was a little bit of a girl when I was a kid. I was","nning to end.

In the wild, wild, wild, wild, wild, wild, wild, wild, wild, wild, wild, wild, wild, wild, wild, wild, wild, wild, wild, wild, wild, wild, wild, wild, wild, wild, wild, wild, wild, wild, wild, wild, wild, wild, wild, wild, wild, wild, wild, wild, wild, wild, wild, wild, wild, wild, wild, wild, wild, wild, wild, wild, wild, wild, wild, wild, wild, wild, wild, wild, wild, wild, wild, wild, wild, wild, wild, wild, wild, wild, wild, wild, wild, wild, wild, wild, wild, wild, wild, wild, wild, wild, wild, wild, wild, wild, wild, wild, wild, wild, wild, wild, wild, wild, wild, wild, wild, wild,",187,103,0.5508,1,1,0,0.0053,0.0,0,0,0,0,1,0.0053,0.8,0,0,0,0,0,0,0,0,0,0,0,0,1,0,1,0,0,0,1,0,12,0.0833,0.0,0,0,6,1,0,6,1,0,1,0,0,0,0,0,0,0,0,0,0,0,0,0,0,0,0,0,0,1,0,1,0,0,0,0,0,0,0,0,0,0,0,0,0,0,0,0
gpt2_small,text,0.124,12,wolf,animal,control_generic,completion,control,none,1,mean_diff,L9,9,0.75,single_late,6.0,The old man sat by the fireplace and told his grandchildren about the time he,"t the time he was born.

""I was born in the middle of the night, and I was a little bit scared,"" he said. ""I was just a little bit scared. I was just a little bit scared. I was just a little bit scared.""

The old man said he was a little bit scared because he was a little bit scared.

""I was just a little bit scared. I was just a little bit scared. I was just a little bit scared,"" he said.

The old man said he was a little bit scared because he was a little bit scared.

""I was just a little bit scared. I was just a little bit scared. I was just a little bit scared. I was just a little bit scared. I was just a little bit scared. I was just a little bit scared. I was just a little bit scared. I was just a little bit scared. I was just a little bit scared. I was just","t the time he, and, in the, and, and, and, and, and, and, and, and, and, and, and, and, and, and, and, and, and, and, and, and, and, and, and, and, and, and, and, and, and, and, and, and, and, and, and, and, and, and, and, and, and, and, and, and, and, and, and, and, and, and, and, and, and, and, and, and, and, and, and, and, and, and, and, and, and, and, and, and, and, and, and, and, and, and, and, and, and, and, and, and, and, and, and, and, and, and, and, and, and, and, and, and, and, and, and, and, and,",168,104,0.619,1,1,0,0.006,0.0,0,0,0,0,1,0.006,0.8667,0,0,0,0,0,0,0,0,0,0,0,0,1,0,1,0,0,0,1,0,12,0.0833,0.0,0,0,6,1,0,6,1,0,1,0,0,0,0,0,0,0,0,0,0,0,0,0,0,0,0,0,0,1,0,1,0,0,0,0,0,0,0,0,0,0,0,0,0,0,0,0
gpt2_small,text,0.124,12,wolf,animal,instruction_full_story,instruction,full_narrative,wolf,0,mean_diff,L10,10,0.83,single_deep,3.0,Tell me the story of Little Red Riding Hood from beginning to end.,"nning to end.

I was a little kid when I first saw Little Red Riding Hood. I was a little kid when I first saw Little Red Riding Hood. I was a little kid when I first saw Little Red Riding Hood. I was a little kid when I first saw Little Red Riding Hood. I was a little kid when I first saw Little Red Riding Hood. I was a little kid when I first saw Little Red Riding Hood. I was a little kid when I first saw Little Red Riding Hood. I was a little kid when I first saw Little Red Riding Hood. I was a little kid when I first saw Little Red Riding Hood. I was a little kid when I first saw Little Red Riding Hood. I was a little kid when I first saw Little Red Riding Hood. I was a little kid when I first saw Little Red Riding Hood. I was a little kid when I first saw Little Red Riding Hood. I was a little kid when I first saw Little Red Riding Hood. I was","nning to end.

The, the, the, the, the, the, the, the, the, the, the, the, the, the, the, the, the, the, the, the, the, the, the, the, the, the, the, the, the, the, the, the, the, the, the, the, the, the, the, the, the, the, the, the, the, the, the, the, the, the, the, the, the, the, the, the, the, the, the, the, the, the, the, the, the, the, the, the, the, the, the, the, the, the, the, the, the, the, the, the, the, the, the, the, the, the, the, the, the, the, the, the, the, the, the, the, the, the, the,",187,102,0.5455,1,0,0,0.0,0.0,0,0,0,0,0,0.0,0.8,0,0,0,0,0,0,0,0,0,0,0,0,0,0,0,0,0,0,1,0,12,0.0833,0.0,0,0,6,1,0,6,1,0,1,0,0,0,0,0,0,0,0,0,0,0,0,0,0,0,0,0,0,1,0,1,0,0,0,0,0,0,0,0,0,0,0,0,0,0,0,1
gpt2_small,text,0.124,12,wolf,animal,instruction_forest,instruction,encounter,wolf,0,mean_diff,L10,10,0.83,single_deep,3.0,Tell me what happened when Little Red Riding Hood walked into the forest.,"o the forest.

I was in the middle of a forest clearing when I saw Little Red Riding Hood. He was standing in the middle of the forest, looking at the trees. He was wearing a white shirt and black pants. He was wearing a black hat and black boots. He was wearing a black hat and black boots. He was wearing a black hat and black boots. He was wearing a black hat and black boots. He was wearing a black hat and black boots. He was wearing a black hat and black boots. He was wearing a black hat and black boots. He was wearing a black hat and black boots. He was wearing a black hat and black boots. He was wearing a black hat and black boots. He was wearing a black hat and black boots. He was wearing a black hat and black boots. He was wearing a black hat and black boots. He was wearing a black hat and black boots. He was wearing a black hat and black boots. He was wearing a black hat","o the forest.

""The, the, the, the, the, the, the, the, the, the, the, the, the, the, the, the, the, the, the, the, the, the, the, the, the, the, the, the, the, the, the, the, the, the, the, the, the, the, the, the, the, the, the, the, the, the, the, the, the, the, the, the, the, the, the, the, the, the, the, the, the, the, the, the, the, the, the, the, the, the, the, the, the, the, the, the, the, the, the, the, the, the, the, the, the, the, the, the, the, the, the, the, the, the, the, the, the, the, the",182,102,0.5604,1,0,0,0.0,0.0,0,0,0,0,0,0.0,0.9091,0,0,0,0,0,0,0,0,0,0,0,0,0,0,0,0,0,0,2,1,12,0.1667,0.0833,0,0,6,2,1,6,1,0,1,0,0,0,0,0,0,0,0,0,0,0,0,0,0,0,0,0,0,1,0,1,0,0,0,1,1,0,0,0,0,0,0,0,0,0,0,1
gpt2_small,text,0.124,12,wolf,animal,instruction_grandmother,instruction,deception,wolf,0,mean_diff,L10,10,0.83,single_deep,3.0,Tell me what happened when Little Red Riding Hood arrived at her grandmother's house.,"ther's house.

I was in the middle of a long day at work when I heard a knock at the door. I looked up and saw Little Red Riding Hood standing there, looking at me with a smile.

""Hello, Little Red,"" she said.

""Hello, Little Red,"" I said.

""Hello, Little Red,"" she said.

""Hello, Little Red,"" I said.

""Hello, Little Red,"" she said.

""Hello, Little Red,"" I said.

""Hello, Little Red,"" she said.

""Hello, Little Red,"" I said.

""Hello, Little Red,"" she said.

""Hello, Little Red,"" I said.

""Hello, Little Red,"" she said.

""Hello, Little Red,"" I said.

""Hello, Little Red,"" I said.

""Hello, Little Red,"" I said.

""Hello,","ther's house.

""The, the, the, the, the, the, the, the, the, the, the, the, the, the, the, the, the, the, the, the, the, the, the, the, the, the, the, the, the, the, the, the, the, the, the, the, the, the, the, the, the, the, the, the, the, the, the, the, the, the, the, the, the, the, the, the, the, the, the, the, the, the, the, the, the, the, the, the, the, the, the, the, the, the, the, the, the, the, the, the, the, the, the, the, the, the, the, the, the, the, the, the, the, the, the, the, the, the, the",109,101,0.9266,1,0,0,0.0,0.0,0,0,0,0,0,0.0,0.9189,0,0,0,0,0,0,0,0,0,0,0,0,0,0,0,0,0,0,1,0,12,0.0833,0.0,0,0,6,1,0,6,1,0,1,0,0,0,0,0,0,0,0,0,0,0,0,0,0,0,0,0,0,1,0,1,0,0,0,0,0,0,0,0,0,0,0,0,0,0,0,1
gpt2_small,text,0.124,12,wolf,animal,completion_full_story,completion,full_narrative,wolf,0,mean_diff,L10,10,0.83,single_deep,3.0,"Once upon a time, there was a little girl called Little Red Riding Hood. She walked through the forest and",he forest and was a little girl. She was a little girl. She was a little girl. She was a little girl. She was a little girl. She was a little girl. She was a little girl. She was a little girl. She was a little girl. She was a little girl. She was a little girl. She was a little girl. She was a little girl. She was a little girl. She was a little girl. She was a little girl. She was a little girl. She was a little girl. She was a little girl. She was a little girl. She was a little girl. She was a little girl. She was a little girl. She was a little girl. She was a little girl. She was a little girl. She was a little girl. She was a little girl. She was a little girl. She was a little girl. She was a little girl. She was a little girl. She was a little girl. She was a,"he forest and, in the, the, the, the, the, the, the, the, the, the, the, the, the, the, the, the, the, the, the, the, the, the, the, the, the, the, the, the, the, the, the, the, the, the, the, the, the, the, the, the, the, the, the, the, the, the, the, the, the, the, the, the, the, the, the, the, the, the, the, the, the, the, the, the, the, the, the, the, the, the, the, the, the, the, the, the, the, the, the, the, the, the, the, the, the, the, the, the, the, the, the, the, the, the, the, the, the, the, the,",170,103,0.6059,1,0,0,0.0,0.0,0,0,0,0,0,0.0,0.8182,0,0,0,0,0,0,0,0,0,0,0,0,0,0,0,0,0,0,2,1,12,0.1667,0.0833,0,0,6,2,1,6,1,0,1,0,0,0,0,0,0,0,0,0,0,0,0,0,0,0,0,0,0,1,0,1,0,0,0,1,1,0,0,0,0,0,0,0,0,0,0,1
gpt2_small,text,0.124,12,wolf,animal,completion_forest,completion,encounter,wolf,0,mean_diff,L10,10,0.83,single_deep,3.0,Little Red Riding Hood was walking through the dark forest when she met a,"hen she met a man who was looking for her.

""Hey, you're a little red, huh?""

""Yeah, I'm a little red.""

""I'm a little red, huh?""

""Yeah, I'm a little red.""

""I'm a little red.""

""I'm a little red.""

""I'm a little red.""

""I'm a little red.""

""I'm a little red.""

""I'm a little red.""

""I'm a little red.""

""I'm a little red.""

""I'm a little red.""

""I'm a little red.""

""I'm a little red.""

""I'm a little red.""

""I'm a little red.""

""I'm a little red.""

""I'm a little red.""

""I'm a little red.""

""","hen she met a, a, a, a, a, a, a, a, a, a, a, a, a, a, a, a, a, a, a, a, a, a, a, a, a, a, a, a, a, a, a, a, a, a, a, a, a, a, a, a, a, a, a, a, a, a, a, a, a, a, a, a, a, a, a, a, a, a, a, a, a, a, a, a, a, a, a, a, a, a, a, a, a, a, a, a, a, a, a, a, a, a, a, a, a, a, a, a, a, a, a, a, a, a, a, a, a, a, a, a, a",96,104,1.0833,1,0,0,0.0,0.0,0,0,0,0,0,0.0,0.8095,0,0,0,0,0,0,0,0,0,0,0,0,0,0,0,0,0,0,2,1,12,0.1667,0.0833,1,1,6,1,0,6,1,0,1,0,0,0,1,1,0,0,0,0,0,0,0,0,0,0,0,0,0,1,0,1,0,0,0,0,0,0,0,0,0,0,0,0,0,0,0,1
gpt2_small,text,0.124,12,wolf,animal,completion_grandmother,completion,deception,wolf,0,mean_diff,L10,10,0.83,single_deep,3.0,Little Red Riding Hood arrived at her grandmother's house. She knocked on the door and a voice said,"a voice said, ""Hello, Little Red.""

Little Red was a little girl. She was a little girl. She was a little girl. She was a little girl. She was a little girl. She was a little girl. She was a little girl. She was a little girl. She was a little girl. She was a little girl. She was a little girl. She was a little girl. She was a little girl. She was a little girl. She was a little girl. She was a little girl. She was a little girl. She was a little girl. She was a little girl. She was a little girl. She was a little girl. She was a little girl. She was a little girl. She was a little girl. She was a little girl. She was a little girl. She was a little girl. She was a little girl. She was a little girl. She was a little girl. She was a little girl. She was a little","a voice said, ""The, the, the, the, the, the, the, the, the, the, the, the, the, the, the, the, the, the, the, the, the, the, the, the, the, the, the, the, the, the, the, the, the, the, the, the, the, the, the, the, the, the, the, the, the, the, the, the, the, the, the, the, the, the, the, the, the, the, the, the, the, the, the, the, the, the, the, the, the, the, the, the, the, the, the, the, the, the, the, the, the, the, the, the, the, the, the, the, the, the, the, the, the, the, the, the, the, the, the,",166,102,0.6145,1,0,0,0.0,0.0,0,0,0,0,0,0.0,0.75,0,0,0,0,0,0,0,0,0,0,0,0,0,0,0,0,0,0,1,0,12,0.0833,0.0,0,0,6,1,0,6,1,0,1,0,0,0,0,0,0,0,0,0,0,0,0,0,0,0,0,0,0,1,0,1,0,0,0,0,0,0,0,0,0,0,0,0,0,0,0,1
gpt2_small,text,0.124,12,wolf,animal,control_cinderella,instruction,control,none,1,mean_diff,L10,10,0.83,single_deep,3.0,Tell me the story of Cinderella from beginning to end.,"nning to end.

I was a little bit of a girl when I was a kid. I was a little bit of a girl when I was a kid. I was a little bit of a girl when I was a kid. I was a little bit of a girl when I was a kid. I was a little bit of a girl when I was a kid. I was a little bit of a girl when I was a kid. I was a little bit of a girl when I was a kid. I was a little bit of a girl when I was a kid. I was a little bit of a girl when I was a kid. I was a little bit of a girl when I was a kid. I was a little bit of a girl when I was a kid. I was a little bit of a girl when I was a kid. I was a little bit of a girl when I was a kid. I was a little bit of a girl when I was a kid. I was","nning to end.

The, the, the, the, the, the, the, the, the, the, the, the, the, the, the, the, the, the, the, the, the, the, the, the, the, the, the, the, the, the, the, the, the, the, the, the, the, the, the, the, the, the, the, the, the, the, the, the, the, the, the, the, the, the, the, the, the, the, the, the, the, the, the, the, the, the, the, the, the, the, the, the, the, the, the, the, the, the, the, the, the, the, the, the, the, the, the, the, the, the, the, the, the, the, the, the, the, the, the,",187,102,0.5455,1,1,0,0.0053,0.0,0,0,0,0,1,0.0053,0.7692,0,0,0,0,0,0,0,0,0,0,0,0,1,0,1,0,0,0,1,0,12,0.0833,0.0,0,0,6,1,0,6,1,0,1,0,0,0,0,0,0,0,0,0,0,0,0,0,0,0,0,0,0,1,0,1,0,0,0,0,0,0,0,0,0,0,0,0,0,0,0,0
gpt2_small,text,0.124,12,wolf,animal,control_generic,completion,control,none,1,mean_diff,L10,10,0.83,single_deep,3.0,The old man sat by the fireplace and told his grandchildren about the time he,"t the time he was born.

""I was born in the middle of the night, and I was a little bit scared,"" he said. ""I was just a little bit scared. I was just a little bit scared. I was just a little bit scared.""

The old man said he was a little bit scared because he was a little bit scared.

""I was just a little bit scared. I was just a little bit scared. I was just a little bit scared,"" he said.

The old man said he was a little bit scared because he was a little bit scared.

""I was just a little bit scared. I was just a little bit scared. I was just a little bit scared. I was just a little bit scared. I was just a little bit scared. I was just a little bit scared. I was just a little bit scared. I was just a little bit scared. I was just a little bit scared. I was just","t the time he and the, the, the, the, the, the, the, the, the, the, the, the, the, the, the, the, the, the, the, the, the, the, the, the, the, the, the, the, the, the, the, the, the, the, the, the, the, the, the, the, the, the, the, the, the, the, the, the, the, the, the, the, the, the, the, the, the, the, the, the, the, the, the, the, the, the, the, the, the, the, the, the, the, the, the, the, the, the, the, the, the, the, the, the, the, the, the, the, the, the, the, the, the, the, the, the, the, the, the, the",168,105,0.625,1,1,0,0.006,0.0,0,0,0,0,1,0.006,0.8214,0,0,0,0,0,0,0,0,0,0,0,0,1,0,1,0,0,0,1,0,12,0.0833,0.0,0,0,6,1,0,6,1,0,1,0,0,0,0,0,0,0,0,0,0,0,0,0,0,0,0,0,0,1,0,1,0,0,0,0,0,0,0,0,0,0,0,0,0,0,0,0
gpt2_small,text,0.124,12,wolf,animal,instruction_full_story,instruction,full_narrative,wolf,0,mean_diff,L10,10,0.83,single_deep,6.0,Tell me the story of Little Red Riding Hood from beginning to end.,"nning to end.

I was a little kid when I first saw Little Red Riding Hood. I was a little kid when I first saw Little Red Riding Hood. I was a little kid when I first saw Little Red Riding Hood. I was a little kid when I first saw Little Red Riding Hood. I was a little kid when I first saw Little Red Riding Hood. I was a little kid when I first saw Little Red Riding Hood. I was a little kid when I first saw Little Red Riding Hood. I was a little kid when I first saw Little Red Riding Hood. I was a little kid when I first saw Little Red Riding Hood. I was a little kid when I first saw Little Red Riding Hood. I was a little kid when I first saw Little Red Riding Hood. I was a little kid when I first saw Little Red Riding Hood. I was a little kid when I first saw Little Red Riding Hood. I was a little kid when I first saw Little Red Riding Hood. I was","nning to end.

.

.

.

.

.

.

.

.

.

.

.

.

.

.

.

.

.

.

.

.

.

.

.

.

.

.

.

.

.

.

.

.

.

.

.

.

.

.

.

.

.

.

.

.

.

.

.

.

.

.

.

.

.

.

.

.

.

.

.

.

.

.

.

.

.

.",187,69,0.369,1,0,0,0.0,0.0,0,0,0,0,0,0.0,0.8,0,0,0,0,0,0,0,0,0,0,0,0,0,0,0,0,0,0,1,0,12,0.0833,0.0,0,0,6,1,0,6,1,0,1,0,0,0,0,0,0,0,0,0,0,0,0,0,0,0,0,0,0,1,0,1,0,0,0,0,0,0,0,0,0,0,0,0,0,0,0,1
gpt2_small,text,0.124,12,wolf,animal,instruction_forest,instruction,encounter,wolf,0,mean_diff,L10,10,0.83,single_deep,6.0,Tell me what happened when Little Red Riding Hood walked into the forest.,"o the forest.

I was in the middle of a forest clearing when I saw Little Red Riding Hood. He was standing in the middle of the forest, looking at the trees. He was wearing a white shirt and black pants. He was wearing a black hat and black boots. He was wearing a black hat and black boots. He was wearing a black hat and black boots. He was wearing a black hat and black boots. He was wearing a black hat and black boots. He was wearing a black hat and black boots. He was wearing a black hat and black boots. He was wearing a black hat and black boots. He was wearing a black hat and black boots. He was wearing a black hat and black boots. He was wearing a black hat and black boots. He was wearing a black hat and black boots. He was wearing a black hat and black boots. He was wearing a black hat and black boots. He was wearing a black hat and black boots. He was wearing a black hat","o the forest.

.

.

.

.

.

.

.

.

.

.

.

.

.

.

.

.

.

.

.

.

.

.

.

.

.

.

.

.

.

.

.

.

.

.

.

.

.

.

.

.

.

.

.

.

.

.

.

.

.

.

.

.

.

.

.

.

.

.

.

.

.

.

.

.

.

.",182,69,0.3791,1,0,0,0.0,0.0,0,0,0,0,0,0.0,0.9062,0,0,0,0,0,0,0,0,0,0,0,0,0,0,0,0,0,0,2,1,12,0.1667,0.0833,0,0,6,2,1,6,1,0,1,0,0,0,0,0,0,0,0,0,0,0,0,0,0,0,0,0,0,1,0,1,0,0,0,1,1,0,0,0,0,0,0,0,0,0,0,1
gpt2_small,text,0.124,12,wolf,animal,instruction_grandmother,instruction,deception,wolf,0,mean_diff,L10,10,0.83,single_deep,6.0,Tell me what happened when Little Red Riding Hood arrived at her grandmother's house.,"ther's house.

I was in the middle of a long day at work when I heard a knock at the door. I looked up and saw Little Red Riding Hood standing there, looking at me with a smile.

""Hello, Little Red,"" she said.

""Hello, Little Red,"" I said.

""Hello, Little Red,"" she said.

""Hello, Little Red,"" I said.

""Hello, Little Red,"" she said.

""Hello, Little Red,"" I said.

""Hello, Little Red,"" she said.

""Hello, Little Red,"" I said.

""Hello, Little Red,"" she said.

""Hello, Little Red,"" I said.

""Hello, Little Red,"" she said.

""Hello, Little Red,"" I said.

""Hello, Little Red,"" I said.

""Hello, Little Red,"" I said.

""Hello,","ther's house.

.

.

.

.

.

.

.

.

.

.

.

.

.

.

.

.

.

.

.

.

.

.

.

.

.

.

.

.

.

.

.

.

.

.

.

.

.

.

.

.

.

.

.

.

.

.

.

.

.

.

.

.

.

.

.

.

.

.

.

.

.

.

.

.

.

.",109,68,0.6239,1,0,0,0.0,0.0,0,0,0,0,0,0.0,0.9444,0,0,0,0,0,0,0,0,0,0,0,0,0,0,0,0,0,0,1,0,12,0.0833,0.0,0,0,6,1,0,6,1,0,1,0,0,0,0,0,0,0,0,0,0,0,0,0,0,0,0,0,0,1,0,1,0,0,0,0,0,0,0,0,0,0,0,0,0,0,0,1
gpt2_small,text,0.124,12,wolf,animal,completion_full_story,completion,full_narrative,wolf,0,mean_diff,L10,10,0.83,single_deep,6.0,"Once upon a time, there was a little girl called Little Red Riding Hood. She walked through the forest and",he forest and was a little girl. She was a little girl. She was a little girl. She was a little girl. She was a little girl. She was a little girl. She was a little girl. She was a little girl. She was a little girl. She was a little girl. She was a little girl. She was a little girl. She was a little girl. She was a little girl. She was a little girl. She was a little girl. She was a little girl. She was a little girl. She was a little girl. She was a little girl. She was a little girl. She was a little girl. She was a little girl. She was a little girl. She was a little girl. She was a little girl. She was a little girl. She was a little girl. She was a little girl. She was a little girl. She was a little girl. She was a little girl. She was a little girl. She was a,"he forest and, in the hunt, prey.

.

.

.

.

.

.

.

.

.

.

.

.

.

.

.

.

.

.

.

.

.

.

.

.

.

.

.

.

.

.

.

.

.

.

.

.

.

.

.

.

.

.

.

.

.

.

.

.

.

.

.

.

.

.

.

.

.

.

.

.

.

.

.

.",170,71,0.4176,1,0,2,0.0,0.0282,0,0,0,0,-2,-0.0282,0.8571,0,0,0,0,0,0,0,0,0,0,2,-2,0,0,0,0,0,0,2,1,12,0.1667,0.0833,0,0,6,2,1,6,1,0,1,0,0,0,0,0,0,0,0,0,0,0,0,0,0,0,0,0,0,1,0,1,0,0,0,1,1,0,0,0,0,0,0,0,0,0,0,1
gpt2_small,text,0.124,12,wolf,animal,completion_forest,completion,encounter,wolf,0,mean_diff,L10,10,0.83,single_deep,6.0,Little Red Riding Hood was walking through the dark forest when she met a,"hen she met a man who was looking for her.

""Hey, you're a little red, huh?""

""Yeah, I'm a little red.""

""I'm a little red, huh?""

""Yeah, I'm a little red.""

""I'm a little red.""

""I'm a little red.""

""I'm a little red.""

""I'm a little red.""

""I'm a little red.""

""I'm a little red.""

""I'm a little red.""

""I'm a little red.""

""I'm a little red.""

""I'm a little red.""

""I'm a little red.""

""I'm a little red.""

""I'm a little red.""

""I'm a little red.""

""I'm a little red.""

""I'm a little red.""

""","hen she met a predator.

.

.

.

.

.

.

.

.

.

.

.

.

.

.

.

.

.

.

.

.

.

.

.

.

.

.

.

.

.

.

.

.

.

.

.

.

.

.

.

.

.

.

.

.

.

.

.

.

.

.

.

.

.

.

.

.

.

.

.

.

.

.

.

.

.

.",96,71,0.7396,1,0,1,0.0,0.0141,0,0,0,0,-1,-0.0141,0.8182,0,0,0,0,0,0,0,0,0,0,1,-1,0,0,0,0,0,0,2,2,12,0.1667,0.1667,1,2,6,1,0,6,0,-1,1,0,1,-1,1,1,0,0,0,0,0,0,0,0,0,0,0,0,0,1,0,1,0,0,0,0,0,0,0,0,0,0,0,0,0,0,0,1
gpt2_small,text,0.124,12,wolf,animal,control_cinderella,instruction,control,none,1,mean_diff,L10,10,0.83,single_deep,6.0,Tell me the story of Cinderella from beginning to end.,"nning to end.

I was a little bit of a girl when I was a kid. I was a little bit of a girl when I was a kid. I was a little bit of a girl when I was a kid. I was a little bit of a girl when I was a kid. I was a little bit of a girl when I was a kid. I was a little bit of a girl when I was a kid. I was a little bit of a girl when I was a kid. I was a little bit of a girl when I was a kid. I was a little bit of a girl when I was a kid. I was a little bit of a girl when I was a kid. I was a little bit of a girl when I was a kid. I was a little bit of a girl when I was a kid. I was a little bit of a girl when I was a kid. I was a little bit of a girl when I was a kid. I was","nning to end.

Hun.

Hun.

Hun.

Hun.

Hun.

Hun.

Hun.

Hun.

Hun.

Hun.

Hun.

Hun.

Hun.

Hun.

Hun.

Hun.

Hun.

Hun.

Hun.

Hun.

Hun.

Hun.

Hun.

Hun.

Hun.

Hun.

Hun.

Hun.

Hun.

Hun.

Hun.

Hun.

Hun.

Hun.

Hun.

Hun.

Hun.

Hun.

Hun.

Hun.

Hun.

Hun.

Hun.

Hun.

Hun.

Hun.

Hun.

Hun.

Hun.

Hun.",187,53,0.2834,1,1,0,0.0053,0.0,0,0,0,0,1,0.0053,0.7692,0,0,0,0,0,0,0,0,0,0,0,0,1,0,1,0,0,0,1,0,12,0.0833,0.0,0,0,6,1,0,6,1,0,1,0,0,0,0,0,0,0,0,0,0,0,0,0,0,0,0,0,0,1,0,1,0,0,0,0,0,0,0,0,0,0,0,0,0,0,0,0
gpt2_small,text,0.124,12,wolf,animal,completion_full_story,completion,full_narrative,wolf,0,mean_diff,L10,10,0.83,single_deep,10.0,"Once upon a time, there was a little girl called Little Red Riding Hood. She walked through the forest and",he forest and was a little girl. She was a little girl. She was a little girl. She was a little girl. She was a little girl. She was a little girl. She was a little girl. She was a little girl. She was a little girl. She was a little girl. She was a little girl. She was a little girl. She was a little girl. She was a little girl. She was a little girl. She was a little girl. She was a little girl. She was a little girl. She was a little girl. She was a little girl. She was a little girl. She was a little girl. She was a little girl. She was a little girl. She was a little girl. She was a little girl. She was a little girl. She was a little girl. She was a little girl. She was a little girl. She was a little girl. She was a little girl. She was a little girl. She was a,he forest and prey prey prey prey prey prey prey prey prey prey prey prey prey prey prey prey prey prey prey prey prey prey prey prey prey prey prey prey prey prey prey prey prey prey prey prey prey prey prey prey prey prey prey prey prey prey prey prey prey prey prey prey prey prey prey prey prey prey prey prey prey prey prey prey prey prey prey prey prey prey prey prey prey prey prey prey prey prey prey prey prey prey prey prey prey prey prey prey prey prey prey prey prey prey prey prey prey prey prey prey prey prey prey prey prey prey prey prey prey prey prey prey prey prey prey prey prey prey prey prey prey prey prey prey prey prey prey prey prey prey prey prey prey prey prey prey prey prey prey prey prey prey prey prey prey prey prey prey prey prey prey prey prey prey prey prey prey prey prey prey prey prey prey prey prey prey prey prey prey prey prey prey prey prey prey prey prey prey prey prey prey prey prey prey prey prey prey prey prey prey prey prey prey prey prey prey prey prey prey prey,170,203,1.1941,1,0,1,0.0,0.0049,0,0,0,0,-1,-0.0049,0.6667,0,0,0,0,0,0,0,0,0,0,1,-1,0,0,0,0,0,0,2,1,12,0.1667,0.0833,0,0,6,2,1,6,1,0,1,0,0,0,0,0,0,0,0,0,0,0,0,0,0,0,0,0,0,1,0,1,0,0,0,1,1,0,0,0,0,0,0,0,0,0,0,1
gpt2_small,text,0.124,12,wolf,animal,control_generic,completion,control,none,1,mean_diff,L10,10,0.83,single_deep,10.0,The old man sat by the fireplace and told his grandchildren about the time he,"t the time he was born.

""I was born in the middle of the night, and I was a little bit scared,"" he said. ""I was just a little bit scared. I was just a little bit scared. I was just a little bit scared.""

The old man said he was a little bit scared because he was a little bit scared.

""I was just a little bit scared. I was just a little bit scared. I was just a little bit scared,"" he said.

The old man said he was a little bit scared because he was a little bit scared.

""I was just a little bit scared. I was just a little bit scared. I was just a little bit scared. I was just a little bit scared. I was just a little bit scared. I was just a little bit scared. I was just a little bit scared. I was just a little bit scared. I was just a little bit scared. I was just",t the time hewolves prey prey prey prey prey prey prey prey prey prey prey prey prey prey prey prey prey prey prey prey prey prey prey prey prey prey prey prey prey prey prey prey prey prey prey prey prey prey prey prey prey prey prey prey prey prey prey prey prey prey prey prey prey prey prey prey prey prey prey prey prey prey prey prey prey prey prey prey prey prey prey prey prey prey prey prey prey prey prey prey prey prey prey prey prey prey prey prey prey prey prey prey prey prey prey prey prey prey prey prey prey prey prey prey prey prey prey prey prey prey prey prey prey prey prey prey prey prey prey prey prey prey prey prey prey prey prey prey prey prey prey prey prey prey prey prey prey prey prey prey prey prey prey prey prey prey prey prey prey prey prey prey prey prey prey prey prey prey prey prey prey prey prey prey prey prey prey prey prey prey prey prey prey prey prey prey prey prey prey prey prey prey prey prey prey prey prey prey prey prey prey prey prey prey prey prey prey prey prey,168,203,1.2083,1,1,1,0.006,0.0049,0,0,0,1,0,0.0011,0.8966,0,0,0,0,0,0,0,0,0,0,1,-1,1,0,1,0,0,0,1,0,12,0.0833,0.0,0,0,6,1,0,6,1,0,1,0,0,0,0,0,0,0,0,0,0,0,0,0,0,0,0,0,0,1,0,1,0,0,0,0,0,0,0,0,0,0,0,0,0,0,0,0
gpt2_small,text,0.124,12,wolf,animal,instruction_full_story,instruction,full_narrative,wolf,0,mean_diff,all_layers,-1,1.0,all_layers,3.0,Tell me the story of Little Red Riding Hood from beginning to end.,"nning to end.

I was a little kid when I first saw Little Red Riding Hood. I was a little kid when I first saw Little Red Riding Hood. I was a little kid when I first saw Little Red Riding Hood. I was a little kid when I first saw Little Red Riding Hood. I was a little kid when I first saw Little Red Riding Hood. I was a little kid when I first saw Little Red Riding Hood. I was a little kid when I first saw Little Red Riding Hood. I was a little kid when I first saw Little Red Riding Hood. I was a little kid when I first saw Little Red Riding Hood. I was a little kid when I first saw Little Red Riding Hood. I was a little kid when I first saw Little Red Riding Hood. I was a little kid when I first saw Little Red Riding Hood. I was a little kid when I first saw Little Red Riding Hood. I was a little kid when I first saw Little Red Riding Hood. I was",nning to end. Sachs Sachs Sachs Sachs Sachs Sachs Sachs Sachs Sachs Sachs Sachs Sachs Sachs Sachs Sachs Sachs Sachs Sachs Sachs Sachs Sachs Sachs Sachs Sachs Sachs Sachs Sachs Sachs Sachs Sachs Sachs Sachs Sachs Sachs Sachs Sachs Sachs Sachs Sachs Sachs Sachs Sachs Sachs Sachs Sachs Sachs Sachs Sachs Sachs Sachs Sachs Sachs Sachs Sachs Sachs Sachs Sachs Sachs Sachs Sachs Sachs Sachs Sachs Sachs Sachs Sachs Sachs Sachs Sachs Sachs Sachs Sachs Sachs Sachs Sachs Sachs Sachs Sachs Sachs Sachs Sachs Sachs Sachs Sachs Sachs Sachs Sachs Sachs Sachs Sachs Sachs Sachs Sachs Sachs Sachs Sachs Sachs Sachs Sachs Sachs Sachs Sachs Sachs Sachs Sachs Sachs Sachs Sachs Sachs Sachs Sachs Sachs Sachs Sachs Sachs Sachs Sachs Sachs Sachs Sachs Sachs Sachs Sachs Sachs Sachs Sachs Sachs Sachs Sachs Sachs Sachs Sachs Sachs Sachs Sachs Sachs Sachs Sachs Sachs Sachs Sachs Sachs Sachs Sachs Sachs Sachs Sachs Sachs Sachs Sachs Sachs Sachs Sachs Sachs Sachs Sachs Sachs Sachs Sachs Sachs Sachs Sachs Sachs Sachs Sachs Sachs Sachs Sachs Sachs Sachs Sachs Sachs Sachs Sachs Sachs Sachs Sachs Sachs Sachs Sachs Sachs Sachs Sachs Sachs Sachs Sachs Sachs Sachs Sachs Sachs Sachs Sachs Sachs Sachs Sachs Sachs Sachs Sachs Sachs Sachs,187,203,1.0856,1,0,0,0.0,0.0,0,0,0,0,0,0.0,0.8,0,0,0,0,0,0,0,0,0,0,0,0,0,0,0,0,0,0,1,0,12,0.0833,0.0,0,0,6,1,0,6,1,0,1,0,0,0,0,0,0,0,0,0,0,0,0,0,0,0,0,0,0,1,0,1,0,0,0,0,0,0,0,0,0,0,0,0,0,0,0,1
gpt2_small,text,0.124,12,wolf,animal,instruction_forest,instruction,encounter,wolf,0,mean_diff,all_layers,-1,1.0,all_layers,3.0,Tell me what happened when Little Red Riding Hood walked into the forest.,"o the forest.

I was in the middle of a forest clearing when I saw Little Red Riding Hood. He was standing in the middle of the forest, looking at the trees. He was wearing a white shirt and black pants. He was wearing a black hat and black boots. He was wearing a black hat and black boots. He was wearing a black hat and black boots. He was wearing a black hat and black boots. He was wearing a black hat and black boots. He was wearing a black hat and black boots. He was wearing a black hat and black boots. He was wearing a black hat and black boots. He was wearing a black hat and black boots. He was wearing a black hat and black boots. He was wearing a black hat and black boots. He was wearing a black hat and black boots. He was wearing a black hat and black boots. He was wearing a black hat and black boots. He was wearing a black hat and black boots. He was wearing a black hat",o the forest. Sachs Sachs Sachs Sachs Sachs Sachs Sachs Sachs Sachs Sachs Sachs Sachs Sachs Sachs Sachs Sachs Sachs Sachs Sachs Sachs Sachs Sachs Sachs Sachs Sachs Sachs Sachs Sachs Sachs Sachs Sachs Sachs Sachs Sachs Sachs Sachs Sachs Sachs Sachs Sachs Sachs Sachs Sachs Sachs Sachs Sachs Sachs Sachs Sachs Sachs Sachs Sachs Sachs Sachs Sachs Sachs Sachs Sachs Sachs Sachs Sachs Sachs Sachs Sachs Sachs Sachs Sachs Sachs Sachs Sachs Sachs Sachs Sachs Sachs Sachs Sachs Sachs Sachs Sachs Sachs Sachs Sachs Sachs Sachs Sachs Sachs Sachs Sachs Sachs Sachs Sachs Sachs Sachs Sachs Sachs Sachs Sachs Sachs Sachs Sachs Sachs Sachs Sachs Sachs Sachs Sachs Sachs Sachs Sachs Sachs Sachs Sachs Sachs Sachs Sachs Sachs Sachs Sachs Sachs Sachs Sachs Sachs Sachs Sachs Sachs Sachs Sachs Sachs Sachs Sachs Sachs Sachs Sachs Sachs Sachs Sachs Sachs Sachs Sachs Sachs Sachs Sachs Sachs Sachs Sachs Sachs Sachs Sachs Sachs Sachs Sachs Sachs Sachs Sachs Sachs Sachs Sachs Sachs Sachs Sachs Sachs Sachs Sachs Sachs Sachs Sachs Sachs Sachs Sachs Sachs Sachs Sachs Sachs Sachs Sachs Sachs Sachs Sachs Sachs Sachs Sachs Sachs Sachs Sachs Sachs Sachs Sachs Sachs Sachs Sachs Sachs Sachs Sachs Sachs Sachs Sachs Sachs Sachs Sachs Sachs,182,203,1.1154,1,0,0,0.0,0.0,0,0,0,0,0,0.0,0.9062,0,0,0,0,0,0,0,0,0,0,0,0,0,0,0,0,0,0,2,1,12,0.1667,0.0833,0,0,6,2,1,6,1,0,1,0,0,0,0,0,0,0,0,0,0,0,0,0,0,0,0,0,0,1,0,1,0,0,0,1,1,0,0,0,0,0,0,0,0,0,0,1
gpt2_small,text,0.124,12,wolf,animal,instruction_grandmother,instruction,deception,wolf,0,mean_diff,all_layers,-1,1.0,all_layers,3.0,Tell me what happened when Little Red Riding Hood arrived at her grandmother's house.,"ther's house.

I was in the middle of a long day at work when I heard a knock at the door. I looked up and saw Little Red Riding Hood standing there, looking at me with a smile.

""Hello, Little Red,"" she said.

""Hello, Little Red,"" I said.

""Hello, Little Red,"" she said.

""Hello, Little Red,"" I said.

""Hello, Little Red,"" she said.

""Hello, Little Red,"" I said.

""Hello, Little Red,"" she said.

""Hello, Little Red,"" I said.

""Hello, Little Red,"" she said.

""Hello, Little Red,"" I said.

""Hello, Little Red,"" she said.

""Hello, Little Red,"" I said.

""Hello, Little Red,"" I said.

""Hello, Little Red,"" I said.

""Hello,",ther's house. Sachs Sachs Sachs Sachs Sachs Sachs Sachs Sachs Sachs Sachs Sachs Sachs Sachs Sachs Sachs Sachs Sachs Sachs Sachs Sachs Sachs Sachs Sachs Sachs Sachs Sachs Sachs Sachs Sachs Sachs Sachs Sachs Sachs Sachs Sachs Sachs Sachs Sachs Sachs Sachs Sachs Sachs Sachs Sachs Sachs Sachs Sachs Sachs Sachs Sachs Sachs Sachs Sachs Sachs Sachs Sachs Sachs Sachs Sachs Sachs Sachs Sachs Sachs Sachs Sachs Sachs Sachs Sachs Sachs Sachs Sachs Sachs Sachs Sachs Sachs Sachs Sachs Sachs Sachs Sachs Sachs Sachs Sachs Sachs Sachs Sachs Sachs Sachs Sachs Sachs Sachs Sachs Sachs Sachs Sachs Sachs Sachs Sachs Sachs Sachs Sachs Sachs Sachs Sachs Sachs Sachs Sachs Sachs Sachs Sachs Sachs Sachs Sachs Sachs Sachs Sachs Sachs Sachs Sachs Sachs Sachs Sachs Sachs Sachs Sachs Sachs Sachs Sachs Sachs Sachs Sachs Sachs Sachs Sachs Sachs Sachs Sachs Sachs Sachs Sachs Sachs Sachs Sachs Sachs Sachs Sachs Sachs Sachs Sachs Sachs Sachs Sachs Sachs Sachs Sachs Sachs Sachs Sachs Sachs Sachs Sachs Sachs Sachs Sachs Sachs Sachs Sachs Sachs Sachs Sachs Sachs Sachs Sachs Sachs Sachs Sachs Sachs Sachs Sachs Sachs Sachs Sachs Sachs Sachs Sachs Sachs Sachs Sachs Sachs Sachs Sachs Sachs Sachs Sachs Sachs Sachs Sachs Sachs Sachs Sachs,109,202,1.8532,1,0,0,0.0,0.0,0,0,0,0,0,0.0,0.9444,0,0,0,0,0,0,0,0,0,0,0,0,0,0,0,0,0,0,1,0,12,0.0833,0.0,0,0,6,1,0,6,1,0,1,0,0,0,0,0,0,0,0,0,0,0,0,0,0,0,0,0,0,1,0,1,0,0,0,0,0,0,0,0,0,0,0,0,0,0,0,1
gpt2_small,text,0.124,12,wolf,animal,completion_full_story,completion,full_narrative,wolf,0,mean_diff,all_layers,-1,1.0,all_layers,3.0,"Once upon a time, there was a little girl called Little Red Riding Hood. She walked through the forest and",he forest and was a little girl. She was a little girl. She was a little girl. She was a little girl. She was a little girl. She was a little girl. She was a little girl. She was a little girl. She was a little girl. She was a little girl. She was a little girl. She was a little girl. She was a little girl. She was a little girl. She was a little girl. She was a little girl. She was a little girl. She was a little girl. She was a little girl. She was a little girl. She was a little girl. She was a little girl. She was a little girl. She was a little girl. She was a little girl. She was a little girl. She was a little girl. She was a little girl. She was a little girl. She was a little girl. She was a little girl. She was a little girl. She was a little girl. She was a,he forest and Sachs Sachs Sachs Sachs Sachs Sachs Sachs Sachs Sachs Sachs Sachs Sachs Sachs Sachs Sachs Sachs Sachs Sachs Sachs Sachs Sachs Sachs Sachs Sachs Sachs Sachs Sachs Sachs Sachs Sachs Sachs Sachs Sachs Sachs Sachs Sachs Sachs Sachs Sachs Sachs Sachs Sachs Sachs Sachs Sachs Sachs Sachs Sachs Sachs Sachs Sachs Sachs Sachs Sachs Sachs Sachs Sachs Sachs Sachs Sachs Sachs Sachs Sachs Sachs Sachs Sachs Sachs Sachs Sachs Sachs Sachs Sachs Sachs Sachs Sachs Sachs Sachs Sachs Sachs Sachs Sachs Sachs Sachs Sachs Sachs Sachs Sachs Sachs Sachs Sachs Sachs Sachs Sachs Sachs Sachs Sachs Sachs Sachs Sachs Sachs Sachs Sachs Sachs Sachs Sachs Sachs Sachs Sachs Sachs Sachs Sachs Sachs Sachs Sachs Sachs Sachs Sachs Sachs Sachs Sachs Sachs Sachs Sachs Sachs Sachs Sachs Sachs Sachs Sachs Sachs Sachs Sachs Sachs Sachs Sachs Sachs Sachs Sachs Sachs Sachs Sachs Sachs Sachs Sachs Sachs Sachs Sachs Sachs Sachs Sachs Sachs Sachs Sachs Sachs Sachs Sachs Sachs Sachs Sachs Sachs Sachs Sachs Sachs Sachs Sachs Sachs Sachs Sachs Sachs Sachs Sachs Sachs Sachs Sachs Sachs Sachs Sachs Sachs Sachs Sachs Sachs Sachs Sachs Sachs Sachs Sachs Sachs Sachs Sachs Sachs Sachs Sachs Sachs Sachs Sachs Sachs Sachs Sachs Sachs Sachs,170,203,1.1941,1,0,0,0.0,0.0,0,0,0,0,0,0.0,0.6667,0,0,0,0,0,0,0,0,0,0,0,0,0,0,0,0,0,0,2,1,12,0.1667,0.0833,0,0,6,2,1,6,1,0,1,0,0,0,0,0,0,0,0,0,0,0,0,0,0,0,0,0,0,1,0,1,0,0,0,1,1,0,0,0,0,0,0,0,0,0,0,1
gpt2_small,text,0.124,12,wolf,animal,completion_forest,completion,encounter,wolf,0,mean_diff,all_layers,-1,1.0,all_layers,3.0,Little Red Riding Hood was walking through the dark forest when she met a,"hen she met a man who was looking for her.

""Hey, you're a little red, huh?""

""Yeah, I'm a little red.""

""I'm a little red, huh?""

""Yeah, I'm a little red.""

""I'm a little red.""

""I'm a little red.""

""I'm a little red.""

""I'm a little red.""

""I'm a little red.""

""I'm a little red.""

""I'm a little red.""

""I'm a little red.""

""I'm a little red.""

""I'm a little red.""

""I'm a little red.""

""I'm a little red.""

""I'm a little red.""

""I'm a little red.""

""I'm a little red.""

""I'm a little red.""

""",hen she met a Sachs Sachs Sachs Sachs Sachs Sachs Sachs Sachs Sachs Sachs Sachs Sachs Sachs Sachs Sachs Sachs Sachs Sachs Sachs Sachs Sachs Sachs Sachs Sachs Sachs Sachs Sachs Sachs Sachs Sachs Sachs Sachs Sachs Sachs Sachs Sachs Sachs Sachs Sachs Sachs Sachs Sachs Sachs Sachs Sachs Sachs Sachs Sachs Sachs Sachs Sachs Sachs Sachs Sachs Sachs Sachs Sachs Sachs Sachs Sachs Sachs Sachs Sachs Sachs Sachs Sachs Sachs Sachs Sachs Sachs Sachs Sachs Sachs Sachs Sachs Sachs Sachs Sachs Sachs Sachs Sachs Sachs Sachs Sachs Sachs Sachs Sachs Sachs Sachs Sachs Sachs Sachs Sachs Sachs Sachs Sachs Sachs Sachs Sachs Sachs Sachs Sachs Sachs Sachs Sachs Sachs Sachs Sachs Sachs Sachs Sachs Sachs Sachs Sachs Sachs Sachs Sachs Sachs Sachs Sachs Sachs Sachs Sachs Sachs Sachs Sachs Sachs Sachs Sachs Sachs Sachs Sachs Sachs Sachs Sachs Sachs Sachs Sachs Sachs Sachs Sachs Sachs Sachs Sachs Sachs Sachs Sachs Sachs Sachs Sachs Sachs Sachs Sachs Sachs Sachs Sachs Sachs Sachs Sachs Sachs Sachs Sachs Sachs Sachs Sachs Sachs Sachs Sachs Sachs Sachs Sachs Sachs Sachs Sachs Sachs Sachs Sachs Sachs Sachs Sachs Sachs Sachs Sachs Sachs Sachs Sachs Sachs Sachs Sachs Sachs Sachs Sachs Sachs Sachs Sachs Sachs Sachs Sachs Sachs Sachs,96,204,2.125,1,0,0,0.0,0.0,0,0,0,0,0,0.0,0.8095,0,0,0,0,0,0,0,0,0,0,0,0,0,0,0,0,0,0,2,1,12,0.1667,0.0833,1,1,6,1,0,6,1,0,1,0,0,0,1,1,0,0,0,0,0,0,0,0,0,0,0,0,0,1,0,1,0,0,0,0,0,0,0,0,0,0,0,0,0,0,0,1
gpt2_small,text,0.124,12,wolf,animal,completion_grandmother,completion,deception,wolf,0,mean_diff,all_layers,-1,1.0,all_layers,3.0,Little Red Riding Hood arrived at her grandmother's house. She knocked on the door and a voice said,"a voice said, ""Hello, Little Red.""

Little Red was a little girl. She was a little girl. She was a little girl. She was a little girl. She was a little girl. She was a little girl. She was a little girl. She was a little girl. She was a little girl. She was a little girl. She was a little girl. She was a little girl. She was a little girl. She was a little girl. She was a little girl. She was a little girl. She was a little girl. She was a little girl. She was a little girl. She was a little girl. She was a little girl. She was a little girl. She was a little girl. She was a little girl. She was a little girl. She was a little girl. She was a little girl. She was a little girl. She was a little girl. She was a little girl. She was a little girl. She was a little",a voice said Sachs Sachs Sachs Sachs Sachs Sachs Sachs Sachs Sachs Sachs Sachs Sachs Sachs Sachs Sachs Sachs Sachs Sachs Sachs Sachs Sachs Sachs Sachs Sachs Sachs Sachs Sachs Sachs Sachs Sachs Sachs Sachs Sachs Sachs Sachs Sachs Sachs Sachs Sachs Sachs Sachs Sachs Sachs Sachs Sachs Sachs Sachs Sachs Sachs Sachs Sachs Sachs Sachs Sachs Sachs Sachs Sachs Sachs Sachs Sachs Sachs Sachs Sachs Sachs Sachs Sachs Sachs Sachs Sachs Sachs Sachs Sachs Sachs Sachs Sachs Sachs Sachs Sachs Sachs Sachs Sachs Sachs Sachs Sachs Sachs Sachs Sachs Sachs Sachs Sachs Sachs Sachs Sachs Sachs Sachs Sachs Sachs Sachs Sachs Sachs Sachs Sachs Sachs Sachs Sachs Sachs Sachs Sachs Sachs Sachs Sachs Sachs Sachs Sachs Sachs Sachs Sachs Sachs Sachs Sachs Sachs Sachs Sachs Sachs Sachs Sachs Sachs Sachs Sachs Sachs Sachs Sachs Sachs Sachs Sachs Sachs Sachs Sachs Sachs Sachs Sachs Sachs Sachs Sachs Sachs Sachs Sachs Sachs Sachs Sachs Sachs Sachs Sachs Sachs Sachs Sachs Sachs Sachs Sachs Sachs Sachs Sachs Sachs Sachs Sachs Sachs Sachs Sachs Sachs Sachs Sachs Sachs Sachs Sachs Sachs Sachs Sachs Sachs Sachs Sachs Sachs Sachs Sachs Sachs Sachs Sachs Sachs Sachs Sachs Sachs Sachs Sachs Sachs Sachs Sachs Sachs Sachs Sachs Sachs Sachs,166,203,1.2229,1,0,0,0.0,0.0,0,0,0,0,0,0.0,0.8333,0,0,0,0,0,0,0,0,0,0,0,0,0,0,0,0,0,0,1,0,12,0.0833,0.0,0,0,6,1,0,6,1,0,1,0,0,0,0,0,0,0,0,0,0,0,0,0,0,0,0,0,0,1,0,1,0,0,0,0,0,0,0,0,0,0,0,0,0,0,0,1
gpt2_small,text,0.124,12,wolf,animal,control_cinderella,instruction,control,none,1,mean_diff,all_layers,-1,1.0,all_layers,3.0,Tell me the story of Cinderella from beginning to end.,"nning to end.

I was a little bit of a girl when I was a kid. I was a little bit of a girl when I was a kid. I was a little bit of a girl when I was a kid. I was a little bit of a girl when I was a kid. I was a little bit of a girl when I was a kid. I was a little bit of a girl when I was a kid. I was a little bit of a girl when I was a kid. I was a little bit of a girl when I was a kid. I was a little bit of a girl when I was a kid. I was a little bit of a girl when I was a kid. I was a little bit of a girl when I was a kid. I was a little bit of a girl when I was a kid. I was a little bit of a girl when I was a kid. I was a little bit of a girl when I was a kid. I was",nning to end. Sachs Sachs Sachs Sachs Sachs Sachs Sachs Sachs Sachs Sachs Sachs Sachs Sachs Sachs Sachs Sachs Sachs Sachs Sachs Sachs Sachs Sachs Sachs Sachs Sachs Sachs Sachs Sachs Sachs Sachs Sachs Sachs Sachs Sachs Sachs Sachs Sachs Sachs Sachs Sachs Sachs Sachs Sachs Sachs Sachs Sachs Sachs Sachs Sachs Sachs Sachs Sachs Sachs Sachs Sachs Sachs Sachs Sachs Sachs Sachs Sachs Sachs Sachs Sachs Sachs Sachs Sachs Sachs Sachs Sachs Sachs Sachs Sachs Sachs Sachs Sachs Sachs Sachs Sachs Sachs Sachs Sachs Sachs Sachs Sachs Sachs Sachs Sachs Sachs Sachs Sachs Sachs Sachs Sachs Sachs Sachs Sachs Sachs Sachs Sachs Sachs Sachs Sachs Sachs Sachs Sachs Sachs Sachs Sachs Sachs Sachs Sachs Sachs Sachs Sachs Sachs Sachs Sachs Sachs Sachs Sachs Sachs Sachs Sachs Sachs Sachs Sachs Sachs Sachs Sachs Sachs Sachs Sachs Sachs Sachs Sachs Sachs Sachs Sachs Sachs Sachs Sachs Sachs Sachs Sachs Sachs Sachs Sachs Sachs Sachs Sachs Sachs Sachs Sachs Sachs Sachs Sachs Sachs Sachs Sachs Sachs Sachs Sachs Sachs Sachs Sachs Sachs Sachs Sachs Sachs Sachs Sachs Sachs Sachs Sachs Sachs Sachs Sachs Sachs Sachs Sachs Sachs Sachs Sachs Sachs Sachs Sachs Sachs Sachs Sachs Sachs Sachs Sachs Sachs Sachs Sachs Sachs Sachs Sachs Sachs,187,203,1.0856,1,1,0,0.0053,0.0,0,0,0,0,1,0.0053,0.7692,0,0,0,0,0,0,0,0,0,0,0,0,1,0,1,0,0,0,1,0,12,0.0833,0.0,0,0,6,1,0,6,1,0,1,0,0,0,0,0,0,0,0,0,0,0,0,0,0,0,0,0,0,1,0,1,0,0,0,0,0,0,0,0,0,0,0,0,0,0,0,0
gpt2_small,text,0.124,12,wolf,animal,control_generic,completion,control,none,1,mean_diff,all_layers,-1,1.0,all_layers,3.0,The old man sat by the fireplace and told his grandchildren about the time he,"t the time he was born.

""I was born in the middle of the night, and I was a little bit scared,"" he said. ""I was just a little bit scared. I was just a little bit scared. I was just a little bit scared.""

The old man said he was a little bit scared because he was a little bit scared.

""I was just a little bit scared. I was just a little bit scared. I was just a little bit scared,"" he said.

The old man said he was a little bit scared because he was a little bit scared.

""I was just a little bit scared. I was just a little bit scared. I was just a little bit scared. I was just a little bit scared. I was just a little bit scared. I was just a little bit scared. I was just a little bit scared. I was just a little bit scared. I was just a little bit scared. I was just",t the time he Sachs Sachs Sachs Sachs Sachs Sachs Sachs Sachs Sachs Sachs Sachs Sachs Sachs Sachs Sachs Sachs Sachs Sachs Sachs Sachs Sachs Sachs Sachs Sachs Sachs Sachs Sachs Sachs Sachs Sachs Sachs Sachs Sachs Sachs Sachs Sachs Sachs Sachs Sachs Sachs Sachs Sachs Sachs Sachs Sachs Sachs Sachs Sachs Sachs Sachs Sachs Sachs Sachs Sachs Sachs Sachs Sachs Sachs Sachs Sachs Sachs Sachs Sachs Sachs Sachs Sachs Sachs Sachs Sachs Sachs Sachs Sachs Sachs Sachs Sachs Sachs Sachs Sachs Sachs Sachs Sachs Sachs Sachs Sachs Sachs Sachs Sachs Sachs Sachs Sachs Sachs Sachs Sachs Sachs Sachs Sachs Sachs Sachs Sachs Sachs Sachs Sachs Sachs Sachs Sachs Sachs Sachs Sachs Sachs Sachs Sachs Sachs Sachs Sachs Sachs Sachs Sachs Sachs Sachs Sachs Sachs Sachs Sachs Sachs Sachs Sachs Sachs Sachs Sachs Sachs Sachs Sachs Sachs Sachs Sachs Sachs Sachs Sachs Sachs Sachs Sachs Sachs Sachs Sachs Sachs Sachs Sachs Sachs Sachs Sachs Sachs Sachs Sachs Sachs Sachs Sachs Sachs Sachs Sachs Sachs Sachs Sachs Sachs Sachs Sachs Sachs Sachs Sachs Sachs Sachs Sachs Sachs Sachs Sachs Sachs Sachs Sachs Sachs Sachs Sachs Sachs Sachs Sachs Sachs Sachs Sachs Sachs Sachs Sachs Sachs Sachs Sachs Sachs Sachs Sachs Sachs Sachs Sachs Sachs Sachs,168,204,1.2143,1,1,0,0.006,0.0,0,0,0,0,1,0.006,0.8571,0,0,0,0,0,0,0,0,0,0,0,0,1,0,1,0,0,0,1,0,12,0.0833,0.0,0,0,6,1,0,6,1,0,1,0,0,0,0,0,0,0,0,0,0,0,0,0,0,0,0,0,0,1,0,1,0,0,0,0,0,0,0,0,0,0,0,0,0,0,0,0
gpt2_small,text,0.124,12,wolf,animal,instruction_full_story,instruction,full_narrative,wolf,0,mean_diff,all_layers,-1,1.0,all_layers,6.0,Tell me the story of Little Red Riding Hood from beginning to end.,"nning to end.

I was a little kid when I first saw Little Red Riding Hood. I was a little kid when I first saw Little Red Riding Hood. I was a little kid when I first saw Little Red Riding Hood. I was a little kid when I first saw Little Red Riding Hood. I was a little kid when I first saw Little Red Riding Hood. I was a little kid when I first saw Little Red Riding Hood. I was a little kid when I first saw Little Red Riding Hood. I was a little kid when I first saw Little Red Riding Hood. I was a little kid when I first saw Little Red Riding Hood. I was a little kid when I first saw Little Red Riding Hood. I was a little kid when I first saw Little Red Riding Hood. I was a little kid when I first saw Little Red Riding Hood. I was a little kid when I first saw Little Red Riding Hood. I was a little kid when I first saw Little Red Riding Hood. I was",nning to end. Sachs Sachs Sachs Sachs Sachs Sachs Sachs Sachs Sachs Sachs Sachs Sachs Sachs Sachs Sachs Sachs Sachs Sachs Sachs Sachs Sachs Sachs Sachs Sachs Sachs Sachs Sachs Sachs Sachs Sachs Sachs Sachs Sachs Sachs Sachs Sachs Sachs Sachs Sachs Sachs Sachs Sachs Sachs Sachs Sachs Sachs Sachs Sachs Sachs Sachs Sachs Sachs Sachs Sachs Sachs Sachs Sachs Sachs Sachs Sachs Sachs Sachs Sachs Sachs Sachs Sachs Sachs Sachs Sachs Sachs Sachs Sachs Sachs Sachs Sachs Sachs Sachs Sachs Sachs Sachs Sachs Sachs Sachs Sachs Sachs Sachs Sachs Sachs Sachs Sachs Sachs Sachs Sachs Sachs Sachs Sachs Sachs Sachs Sachs Sachs Sachs Sachs Sachs Sachs Sachs Sachs Sachs Sachs Sachs Sachs Sachs Sachs Sachs Sachs Sachs Sachs Sachs Sachs Sachs Sachs Sachs Sachs Sachs Sachs Sachs Sachs Sachs Sachs Sachs Sachs Sachs Sachs Sachs Sachs Sachs Sachs Sachs Sachs Sachs Sachs Sachs Sachs Sachs Sachs Sachs Sachs Sachs Sachs Sachs Sachs Sachs Sachs Sachs Sachs Sachs Sachs Sachs Sachs Sachs Sachs Sachs Sachs Sachs Sachs Sachs Sachs Sachs Sachs Sachs Sachs Sachs Sachs Sachs Sachs Sachs Sachs Sachs Sachs Sachs Sachs Sachs Sachs Sachs Sachs Sachs Sachs Sachs Sachs Sachs Sachs Sachs Sachs Sachs Sachs Sachs Sachs Sachs Sachs Sachs Sachs,187,203,1.0856,1,0,0,0.0,0.0,0,0,0,0,0,0.0,0.8,0,0,0,0,0,0,0,0,0,0,0,0,0,0,0,0,0,0,1,0,12,0.0833,0.0,0,0,6,1,0,6,1,0,1,0,0,0,0,0,0,0,0,0,0,0,0,0,0,0,0,0,0,1,0,1,0,0,0,0,0,0,0,0,0,0,0,0,0,0,0,1
gpt2_small,text,0.124,12,wolf,animal,instruction_forest,instruction,encounter,wolf,0,mean_diff,all_layers,-1,1.0,all_layers,6.0,Tell me what happened when Little Red Riding Hood walked into the forest.,"o the forest.

I was in the middle of a forest clearing when I saw Little Red Riding Hood. He was standing in the middle of the forest, looking at the trees. He was wearing a white shirt and black pants. He was wearing a black hat and black boots. He was wearing a black hat and black boots. He was wearing a black hat and black boots. He was wearing a black hat and black boots. He was wearing a black hat and black boots. He was wearing a black hat and black boots. He was wearing a black hat and black boots. He was wearing a black hat and black boots. He was wearing a black hat and black boots. He was wearing a black hat and black boots. He was wearing a black hat and black boots. He was wearing a black hat and black boots. He was wearing a black hat and black boots. He was wearing a black hat and black boots. He was wearing a black hat and black boots. He was wearing a black hat",o the forest. Sachs Sachs Sachs Sachs Sachs Sachs Sachs Sachs Sachs Sachs Sachs Sachs Sachs Sachs Sachs Sachs Sachs Sachs Sachs Sachs Sachs Sachs Sachs Sachs Sachs Sachs Sachs Sachs Sachs Sachs Sachs Sachs Sachs Sachs Sachs Sachs Sachs Sachs Sachs Sachs Sachs Sachs Sachs Sachs Sachs Sachs Sachs Sachs Sachs Sachs Sachs Sachs Sachs Sachs Sachs Sachs Sachs Sachs Sachs Sachs Sachs Sachs Sachs Sachs Sachs Sachs Sachs Sachs Sachs Sachs Sachs Sachs Sachs Sachs Sachs Sachs Sachs Sachs Sachs Sachs Sachs Sachs Sachs Sachs Sachs Sachs Sachs Sachs Sachs Sachs Sachs Sachs Sachs Sachs Sachs Sachs Sachs Sachs Sachs Sachs Sachs Sachs Sachs Sachs Sachs Sachs Sachs Sachs Sachs Sachs Sachs Sachs Sachs Sachs Sachs Sachs Sachs Sachs Sachs Sachs Sachs Sachs Sachs Sachs Sachs Sachs Sachs Sachs Sachs Sachs Sachs Sachs Sachs Sachs Sachs Sachs Sachs Sachs Sachs Sachs Sachs Sachs Sachs Sachs Sachs Sachs Sachs Sachs Sachs Sachs Sachs Sachs Sachs Sachs Sachs Sachs Sachs Sachs Sachs Sachs Sachs Sachs Sachs Sachs Sachs Sachs Sachs Sachs Sachs Sachs Sachs Sachs Sachs Sachs Sachs Sachs Sachs Sachs Sachs Sachs Sachs Sachs Sachs Sachs Sachs Sachs Sachs Sachs Sachs Sachs Sachs Sachs Sachs Sachs Sachs Sachs Sachs Sachs Sachs Sachs,182,203,1.1154,1,0,0,0.0,0.0,0,0,0,0,0,0.0,0.9062,0,0,0,0,0,0,0,0,0,0,0,0,0,0,0,0,0,0,2,1,12,0.1667,0.0833,0,0,6,2,1,6,1,0,1,0,0,0,0,0,0,0,0,0,0,0,0,0,0,0,0,0,0,1,0,1,0,0,0,1,1,0,0,0,0,0,0,0,0,0,0,1
gpt2_small,text,0.124,12,wolf,animal,instruction_grandmother,instruction,deception,wolf,0,mean_diff,all_layers,-1,1.0,all_layers,6.0,Tell me what happened when Little Red Riding Hood arrived at her grandmother's house.,"ther's house.

I was in the middle of a long day at work when I heard a knock at the door. I looked up and saw Little Red Riding Hood standing there, looking at me with a smile.

""Hello, Little Red,"" she said.

""Hello, Little Red,"" I said.

""Hello, Little Red,"" she said.

""Hello, Little Red,"" I said.

""Hello, Little Red,"" she said.

""Hello, Little Red,"" I said.

""Hello, Little Red,"" she said.

""Hello, Little Red,"" I said.

""Hello, Little Red,"" she said.

""Hello, Little Red,"" I said.

""Hello, Little Red,"" she said.

""Hello, Little Red,"" I said.

""Hello, Little Red,"" I said.

""Hello, Little Red,"" I said.

""Hello,",ther's house. Sachs Sachs Sachs Sachs Sachs Sachs Sachs Sachs Sachs Sachs Sachs Sachs Sachs Sachs Sachs Sachs Sachs Sachs Sachs Sachs Sachs Sachs Sachs Sachs Sachs Sachs Sachs Sachs Sachs Sachs Sachs Sachs Sachs Sachs Sachs Sachs Sachs Sachs Sachs Sachs Sachs Sachs Sachs Sachs Sachs Sachs Sachs Sachs Sachs Sachs Sachs Sachs Sachs Sachs Sachs Sachs Sachs Sachs Sachs Sachs Sachs Sachs Sachs Sachs Sachs Sachs Sachs Sachs Sachs Sachs Sachs Sachs Sachs Sachs Sachs Sachs Sachs Sachs Sachs Sachs Sachs Sachs Sachs Sachs Sachs Sachs Sachs Sachs Sachs Sachs Sachs Sachs Sachs Sachs Sachs Sachs Sachs Sachs Sachs Sachs Sachs Sachs Sachs Sachs Sachs Sachs Sachs Sachs Sachs Sachs Sachs Sachs Sachs Sachs Sachs Sachs Sachs Sachs Sachs Sachs Sachs Sachs Sachs Sachs Sachs Sachs Sachs Sachs Sachs Sachs Sachs Sachs Sachs Sachs Sachs Sachs Sachs Sachs Sachs Sachs Sachs Sachs Sachs Sachs Sachs Sachs Sachs Sachs Sachs Sachs Sachs Sachs Sachs Sachs Sachs Sachs Sachs Sachs Sachs Sachs Sachs Sachs Sachs Sachs Sachs Sachs Sachs Sachs Sachs Sachs Sachs Sachs Sachs Sachs Sachs Sachs Sachs Sachs Sachs Sachs Sachs Sachs Sachs Sachs Sachs Sachs Sachs Sachs Sachs Sachs Sachs Sachs Sachs Sachs Sachs Sachs Sachs Sachs Sachs Sachs,109,202,1.8532,1,0,0,0.0,0.0,0,0,0,0,0,0.0,0.9444,0,0,0,0,0,0,0,0,0,0,0,0,0,0,0,0,0,0,1,0,12,0.0833,0.0,0,0,6,1,0,6,1,0,1,0,0,0,0,0,0,0,0,0,0,0,0,0,0,0,0,0,0,1,0,1,0,0,0,0,0,0,0,0,0,0,0,0,0,0,0,1
gpt2_small,text,0.124,12,wolf,animal,completion_full_story,completion,full_narrative,wolf,0,mean_diff,all_layers,-1,1.0,all_layers,6.0,"Once upon a time, there was a little girl called Little Red Riding Hood. She walked through the forest and",he forest and was a little girl. She was a little girl. She was a little girl. She was a little girl. She was a little girl. She was a little girl. She was a little girl. She was a little girl. She was a little girl. She was a little girl. She was a little girl. She was a little girl. She was a little girl. She was a little girl. She was a little girl. She was a little girl. She was a little girl. She was a little girl. She was a little girl. She was a little girl. She was a little girl. She was a little girl. She was a little girl. She was a little girl. She was a little girl. She was a little girl. She was a little girl. She was a little girl. She was a little girl. She was a little girl. She was a little girl. She was a little girl. She was a little girl. She was a,he forest and Sachs Sachs Sachs Sachs Sachs Sachs Sachs Sachs Sachs Sachs Sachs Sachs Sachs Sachs Sachs Sachs Sachs Sachs Sachs Sachs Sachs Sachs Sachs Sachs Sachs Sachs Sachs Sachs Sachs Sachs Sachs Sachs Sachs Sachs Sachs Sachs Sachs Sachs Sachs Sachs Sachs Sachs Sachs Sachs Sachs Sachs Sachs Sachs Sachs Sachs Sachs Sachs Sachs Sachs Sachs Sachs Sachs Sachs Sachs Sachs Sachs Sachs Sachs Sachs Sachs Sachs Sachs Sachs Sachs Sachs Sachs Sachs Sachs Sachs Sachs Sachs Sachs Sachs Sachs Sachs Sachs Sachs Sachs Sachs Sachs Sachs Sachs Sachs Sachs Sachs Sachs Sachs Sachs Sachs Sachs Sachs Sachs Sachs Sachs Sachs Sachs Sachs Sachs Sachs Sachs Sachs Sachs Sachs Sachs Sachs Sachs Sachs Sachs Sachs Sachs Sachs Sachs Sachs Sachs Sachs Sachs Sachs Sachs Sachs Sachs Sachs Sachs Sachs Sachs Sachs Sachs Sachs Sachs Sachs Sachs Sachs Sachs Sachs Sachs Sachs Sachs Sachs Sachs Sachs Sachs Sachs Sachs Sachs Sachs Sachs Sachs Sachs Sachs Sachs Sachs Sachs Sachs Sachs Sachs Sachs Sachs Sachs Sachs Sachs Sachs Sachs Sachs Sachs Sachs Sachs Sachs Sachs Sachs Sachs Sachs Sachs Sachs Sachs Sachs Sachs Sachs Sachs Sachs Sachs Sachs Sachs Sachs Sachs Sachs Sachs Sachs Sachs Sachs Sachs Sachs Sachs Sachs Sachs Sachs Sachs,170,203,1.1941,1,0,0,0.0,0.0,0,0,0,0,0,0.0,0.6667,0,0,0,0,0,0,0,0,0,0,0,0,0,0,0,0,0,0,2,1,12,0.1667,0.0833,0,0,6,2,1,6,1,0,1,0,0,0,0,0,0,0,0,0,0,0,0,0,0,0,0,0,0,1,0,1,0,0,0,1,1,0,0,0,0,0,0,0,0,0,0,1
gpt2_small,text,0.124,12,wolf,animal,completion_forest,completion,encounter,wolf,0,mean_diff,all_layers,-1,1.0,all_layers,6.0,Little Red Riding Hood was walking through the dark forest when she met a,"hen she met a man who was looking for her.

""Hey, you're a little red, huh?""

""Yeah, I'm a little red.""

""I'm a little red, huh?""

""Yeah, I'm a little red.""

""I'm a little red.""

""I'm a little red.""

""I'm a little red.""

""I'm a little red.""

""I'm a little red.""

""I'm a little red.""

""I'm a little red.""

""I'm a little red.""

""I'm a little red.""

""I'm a little red.""

""I'm a little red.""

""I'm a little red.""

""I'm a little red.""

""I'm a little red.""

""I'm a little red.""

""I'm a little red.""

""",hen she met a Sachs Sachs Sachs Sachs Sachs Sachs Sachs Sachs Sachs Sachs Sachs Sachs Sachs Sachs Sachs Sachs Sachs Sachs Sachs Sachs Sachs Sachs Sachs Sachs Sachs Sachs Sachs Sachs Sachs Sachs Sachs Sachs Sachs Sachs Sachs Sachs Sachs Sachs Sachs Sachs Sachs Sachs Sachs Sachs Sachs Sachs Sachs Sachs Sachs Sachs Sachs Sachs Sachs Sachs Sachs Sachs Sachs Sachs Sachs Sachs Sachs Sachs Sachs Sachs Sachs Sachs Sachs Sachs Sachs Sachs Sachs Sachs Sachs Sachs Sachs Sachs Sachs Sachs Sachs Sachs Sachs Sachs Sachs Sachs Sachs Sachs Sachs Sachs Sachs Sachs Sachs Sachs Sachs Sachs Sachs Sachs Sachs Sachs Sachs Sachs Sachs Sachs Sachs Sachs Sachs Sachs Sachs Sachs Sachs Sachs Sachs Sachs Sachs Sachs Sachs Sachs Sachs Sachs Sachs Sachs Sachs Sachs Sachs Sachs Sachs Sachs Sachs Sachs Sachs Sachs Sachs Sachs Sachs Sachs Sachs Sachs Sachs Sachs Sachs Sachs Sachs Sachs Sachs Sachs Sachs Sachs Sachs Sachs Sachs Sachs Sachs Sachs Sachs Sachs Sachs Sachs Sachs Sachs Sachs Sachs Sachs Sachs Sachs Sachs Sachs Sachs Sachs Sachs Sachs Sachs Sachs Sachs Sachs Sachs Sachs Sachs Sachs Sachs Sachs Sachs Sachs Sachs Sachs Sachs Sachs Sachs Sachs Sachs Sachs Sachs Sachs Sachs Sachs Sachs Sachs Sachs Sachs Sachs Sachs Sachs,96,204,2.125,1,0,0,0.0,0.0,0,0,0,0,0,0.0,0.8095,0,0,0,0,0,0,0,0,0,0,0,0,0,0,0,0,0,0,2,1,12,0.1667,0.0833,1,1,6,1,0,6,1,0,1,0,0,0,1,1,0,0,0,0,0,0,0,0,0,0,0,0,0,1,0,1,0,0,0,0,0,0,0,0,0,0,0,0,0,0,0,1
gpt2_small,text,0.124,12,wolf,animal,completion_grandmother,completion,deception,wolf,0,mean_diff,all_layers,-1,1.0,all_layers,6.0,Little Red Riding Hood arrived at her grandmother's house. She knocked on the door and a voice said,"a voice said, ""Hello, Little Red.""

Little Red was a little girl. She was a little girl. She was a little girl. She was a little girl. She was a little girl. She was a little girl. She was a little girl. She was a little girl. She was a little girl. She was a little girl. She was a little girl. She was a little girl. She was a little girl. She was a little girl. She was a little girl. She was a little girl. She was a little girl. She was a little girl. She was a little girl. She was a little girl. She was a little girl. She was a little girl. She was a little girl. She was a little girl. She was a little girl. She was a little girl. She was a little girl. She was a little girl. She was a little girl. She was a little girl. She was a little girl. She was a little",a voice said Sachs Sachs Sachs Sachs Sachs Sachs Sachs Sachs Sachs Sachs Sachs Sachs Sachs Sachs Sachs Sachs Sachs Sachs Sachs Sachs Sachs Sachs Sachs Sachs Sachs Sachs Sachs Sachs Sachs Sachs Sachs Sachs Sachs Sachs Sachs Sachs Sachs Sachs Sachs Sachs Sachs Sachs Sachs Sachs Sachs Sachs Sachs Sachs Sachs Sachs Sachs Sachs Sachs Sachs Sachs Sachs Sachs Sachs Sachs Sachs Sachs Sachs Sachs Sachs Sachs Sachs Sachs Sachs Sachs Sachs Sachs Sachs Sachs Sachs Sachs Sachs Sachs Sachs Sachs Sachs Sachs Sachs Sachs Sachs Sachs Sachs Sachs Sachs Sachs Sachs Sachs Sachs Sachs Sachs Sachs Sachs Sachs Sachs Sachs Sachs Sachs Sachs Sachs Sachs Sachs Sachs Sachs Sachs Sachs Sachs Sachs Sachs Sachs Sachs Sachs Sachs Sachs Sachs Sachs Sachs Sachs Sachs Sachs Sachs Sachs Sachs Sachs Sachs Sachs Sachs Sachs Sachs Sachs Sachs Sachs Sachs Sachs Sachs Sachs Sachs Sachs Sachs Sachs Sachs Sachs Sachs Sachs Sachs Sachs Sachs Sachs Sachs Sachs Sachs Sachs Sachs Sachs Sachs Sachs Sachs Sachs Sachs Sachs Sachs Sachs Sachs Sachs Sachs Sachs Sachs Sachs Sachs Sachs Sachs Sachs Sachs Sachs Sachs Sachs Sachs Sachs Sachs Sachs Sachs Sachs Sachs Sachs Sachs Sachs Sachs Sachs Sachs Sachs Sachs Sachs Sachs Sachs Sachs Sachs Sachs,166,203,1.2229,1,0,0,0.0,0.0,0,0,0,0,0,0.0,0.8333,0,0,0,0,0,0,0,0,0,0,0,0,0,0,0,0,0,0,1,0,12,0.0833,0.0,0,0,6,1,0,6,1,0,1,0,0,0,0,0,0,0,0,0,0,0,0,0,0,0,0,0,0,1,0,1,0,0,0,0,0,0,0,0,0,0,0,0,0,0,0,1
gpt2_small,text,0.124,12,wolf,animal,control_cinderella,instruction,control,none,1,mean_diff,all_layers,-1,1.0,all_layers,6.0,Tell me the story of Cinderella from beginning to end.,"nning to end.

I was a little bit of a girl when I was a kid. I was a little bit of a girl when I was a kid. I was a little bit of a girl when I was a kid. I was a little bit of a girl when I was a kid. I was a little bit of a girl when I was a kid. I was a little bit of a girl when I was a kid. I was a little bit of a girl when I was a kid. I was a little bit of a girl when I was a kid. I was a little bit of a girl when I was a kid. I was a little bit of a girl when I was a kid. I was a little bit of a girl when I was a kid. I was a little bit of a girl when I was a kid. I was a little bit of a girl when I was a kid. I was a little bit of a girl when I was a kid. I was",nning to end. Sachs Sachs Sachs Sachs Sachs Sachs Sachs Sachs Sachs Sachs Sachs Sachs Sachs Sachs Sachs Sachs Sachs Sachs Sachs Sachs Sachs Sachs Sachs Sachs Sachs Sachs Sachs Sachs Sachs Sachs Sachs Sachs Sachs Sachs Sachs Sachs Sachs Sachs Sachs Sachs Sachs Sachs Sachs Sachs Sachs Sachs Sachs Sachs Sachs Sachs Sachs Sachs Sachs Sachs Sachs Sachs Sachs Sachs Sachs Sachs Sachs Sachs Sachs Sachs Sachs Sachs Sachs Sachs Sachs Sachs Sachs Sachs Sachs Sachs Sachs Sachs Sachs Sachs Sachs Sachs Sachs Sachs Sachs Sachs Sachs Sachs Sachs Sachs Sachs Sachs Sachs Sachs Sachs Sachs Sachs Sachs Sachs Sachs Sachs Sachs Sachs Sachs Sachs Sachs Sachs Sachs Sachs Sachs Sachs Sachs Sachs Sachs Sachs Sachs Sachs Sachs Sachs Sachs Sachs Sachs Sachs Sachs Sachs Sachs Sachs Sachs Sachs Sachs Sachs Sachs Sachs Sachs Sachs Sachs Sachs Sachs Sachs Sachs Sachs Sachs Sachs Sachs Sachs Sachs Sachs Sachs Sachs Sachs Sachs Sachs Sachs Sachs Sachs Sachs Sachs Sachs Sachs Sachs Sachs Sachs Sachs Sachs Sachs Sachs Sachs Sachs Sachs Sachs Sachs Sachs Sachs Sachs Sachs Sachs Sachs Sachs Sachs Sachs Sachs Sachs Sachs Sachs Sachs Sachs Sachs Sachs Sachs Sachs Sachs Sachs Sachs Sachs Sachs Sachs Sachs Sachs Sachs Sachs Sachs Sachs,187,203,1.0856,1,1,0,0.0053,0.0,0,0,0,0,1,0.0053,0.7692,0,0,0,0,0,0,0,0,0,0,0,0,1,0,1,0,0,0,1,0,12,0.0833,0.0,0,0,6,1,0,6,1,0,1,0,0,0,0,0,0,0,0,0,0,0,0,0,0,0,0,0,0,1,0,1,0,0,0,0,0,0,0,0,0,0,0,0,0,0,0,0
gpt2_small,text,0.124,12,wolf,animal,control_generic,completion,control,none,1,mean_diff,all_layers,-1,1.0,all_layers,6.0,The old man sat by the fireplace and told his grandchildren about the time he,"t the time he was born.

""I was born in the middle of the night, and I was a little bit scared,"" he said. ""I was just a little bit scared. I was just a little bit scared. I was just a little bit scared.""

The old man said he was a little bit scared because he was a little bit scared.

""I was just a little bit scared. I was just a little bit scared. I was just a little bit scared,"" he said.

The old man said he was a little bit scared because he was a little bit scared.

""I was just a little bit scared. I was just a little bit scared. I was just a little bit scared. I was just a little bit scared. I was just a little bit scared. I was just a little bit scared. I was just a little bit scared. I was just a little bit scared. I was just a little bit scared. I was just",t the time he Sachs Sachs Sachs Sachs Sachs Sachs Sachs Sachs Sachs Sachs Sachs Sachs Sachs Sachs Sachs Sachs Sachs Sachs Sachs Sachs Sachs Sachs Sachs Sachs Sachs Sachs Sachs Sachs Sachs Sachs Sachs Sachs Sachs Sachs Sachs Sachs Sachs Sachs Sachs Sachs Sachs Sachs Sachs Sachs Sachs Sachs Sachs Sachs Sachs Sachs Sachs Sachs Sachs Sachs Sachs Sachs Sachs Sachs Sachs Sachs Sachs Sachs Sachs Sachs Sachs Sachs Sachs Sachs Sachs Sachs Sachs Sachs Sachs Sachs Sachs Sachs Sachs Sachs Sachs Sachs Sachs Sachs Sachs Sachs Sachs Sachs Sachs Sachs Sachs Sachs Sachs Sachs Sachs Sachs Sachs Sachs Sachs Sachs Sachs Sachs Sachs Sachs Sachs Sachs Sachs Sachs Sachs Sachs Sachs Sachs Sachs Sachs Sachs Sachs Sachs Sachs Sachs Sachs Sachs Sachs Sachs Sachs Sachs Sachs Sachs Sachs Sachs Sachs Sachs Sachs Sachs Sachs Sachs Sachs Sachs Sachs Sachs Sachs Sachs Sachs Sachs Sachs Sachs Sachs Sachs Sachs Sachs Sachs Sachs Sachs Sachs Sachs Sachs Sachs Sachs Sachs Sachs Sachs Sachs Sachs Sachs Sachs Sachs Sachs Sachs Sachs Sachs Sachs Sachs Sachs Sachs Sachs Sachs Sachs Sachs Sachs Sachs Sachs Sachs Sachs Sachs Sachs Sachs Sachs Sachs Sachs Sachs Sachs Sachs Sachs Sachs Sachs Sachs Sachs Sachs Sachs Sachs Sachs Sachs Sachs,168,204,1.2143,1,1,0,0.006,0.0,0,0,0,0,1,0.006,0.8571,0,0,0,0,0,0,0,0,0,0,0,0,1,0,1,0,0,0,1,0,12,0.0833,0.0,0,0,6,1,0,6,1,0,1,0,0,0,0,0,0,0,0,0,0,0,0,0,0,0,0,0,0,1,0,1,0,0,0,0,0,0,0,0,0,0,0,0,0,0,0,0
gpt2_small,text,0.124,12,wolf,animal,instruction_full_story,instruction,full_narrative,wolf,0,mean_diff,all_layers,-1,1.0,all_layers,10.0,Tell me the story of Little Red Riding Hood from beginning to end.,"nning to end.

I was a little kid when I first saw Little Red Riding Hood. I was a little kid when I first saw Little Red Riding Hood. I was a little kid when I first saw Little Red Riding Hood. I was a little kid when I first saw Little Red Riding Hood. I was a little kid when I first saw Little Red Riding Hood. I was a little kid when I first saw Little Red Riding Hood. I was a little kid when I first saw Little Red Riding Hood. I was a little kid when I first saw Little Red Riding Hood. I was a little kid when I first saw Little Red Riding Hood. I was a little kid when I first saw Little Red Riding Hood. I was a little kid when I first saw Little Red Riding Hood. I was a little kid when I first saw Little Red Riding Hood. I was a little kid when I first saw Little Red Riding Hood. I was a little kid when I first saw Little Red Riding Hood. I was",nning to end. Sachs Sachs Sachs Sachs Sachs Sachs Sachs Sachs Sachs Sachs Sachs Sachs Sachs Sachs Sachs Sachs Sachs Sachs Sachs Sachs Sachs Sachs Sachs Sachs Sachs Sachs Sachs Sachs Sachs Sachs Sachs Sachs Sachs Sachs Sachs Sachs Sachs Sachs Sachs Sachs Sachs Sachs Sachs Sachs Sachs Sachs Sachs Sachs Sachs Sachs Sachs Sachs Sachs Sachs Sachs Sachs Sachs Sachs Sachs Sachs Sachs Sachs Sachs Sachs Sachs Sachs Sachs Sachs Sachs Sachs Sachs Sachs Sachs Sachs Sachs Sachs Sachs Sachs Sachs Sachs Sachs Sachs Sachs Sachs Sachs Sachs Sachs Sachs Sachs Sachs Sachs Sachs Sachs Sachs Sachs Sachs Sachs Sachs Sachs Sachs Sachs Sachs Sachs Sachs Sachs Sachs Sachs Sachs Sachs Sachs Sachs Sachs Sachs Sachs Sachs Sachs Sachs Sachs Sachs Sachs Sachs Sachs Sachs Sachs Sachs Sachs Sachs Sachs Sachs Sachs Sachs Sachs Sachs Sachs Sachs Sachs Sachs Sachs Sachs Sachs Sachs Sachs Sachs Sachs Sachs Sachs Sachs Sachs Sachs Sachs Sachs Sachs Sachs Sachs Sachs Sachs Sachs Sachs Sachs Sachs Sachs Sachs Sachs Sachs Sachs Sachs Sachs Sachs Sachs Sachs Sachs Sachs Sachs Sachs Sachs Sachs Sachs Sachs Sachs Sachs Sachs Sachs Sachs Sachs Sachs Sachs Sachs Sachs Sachs Sachs Sachs Sachs Sachs Sachs Sachs Sachs Sachs Sachs Sachs Sachs,187,203,1.0856,1,0,0,0.0,0.0,0,0,0,0,0,0.0,0.8,0,0,0,0,0,0,0,0,0,0,0,0,0,0,0,0,0,0,1,0,12,0.0833,0.0,0,0,6,1,0,6,1,0,1,0,0,0,0,0,0,0,0,0,0,0,0,0,0,0,0,0,0,1,0,1,0,0,0,0,0,0,0,0,0,0,0,0,0,0,0,1
gpt2_small,text,0.124,12,wolf,animal,instruction_forest,instruction,encounter,wolf,0,mean_diff,all_layers,-1,1.0,all_layers,10.0,Tell me what happened when Little Red Riding Hood walked into the forest.,"o the forest.

I was in the middle of a forest clearing when I saw Little Red Riding Hood. He was standing in the middle of the forest, looking at the trees. He was wearing a white shirt and black pants. He was wearing a black hat and black boots. He was wearing a black hat and black boots. He was wearing a black hat and black boots. He was wearing a black hat and black boots. He was wearing a black hat and black boots. He was wearing a black hat and black boots. He was wearing a black hat and black boots. He was wearing a black hat and black boots. He was wearing a black hat and black boots. He was wearing a black hat and black boots. He was wearing a black hat and black boots. He was wearing a black hat and black boots. He was wearing a black hat and black boots. He was wearing a black hat and black boots. He was wearing a black hat and black boots. He was wearing a black hat",o the forest. Sachs Sachs Sachs Sachs Sachs Sachs Sachs Sachs Sachs Sachs Sachs Sachs Sachs Sachs Sachs Sachs Sachs Sachs Sachs Sachs Sachs Sachs Sachs Sachs Sachs Sachs Sachs Sachs Sachs Sachs Sachs Sachs Sachs Sachs Sachs Sachs Sachs Sachs Sachs Sachs Sachs Sachs Sachs Sachs Sachs Sachs Sachs Sachs Sachs Sachs Sachs Sachs Sachs Sachs Sachs Sachs Sachs Sachs Sachs Sachs Sachs Sachs Sachs Sachs Sachs Sachs Sachs Sachs Sachs Sachs Sachs Sachs Sachs Sachs Sachs Sachs Sachs Sachs Sachs Sachs Sachs Sachs Sachs Sachs Sachs Sachs Sachs Sachs Sachs Sachs Sachs Sachs Sachs Sachs Sachs Sachs Sachs Sachs Sachs Sachs Sachs Sachs Sachs Sachs Sachs Sachs Sachs Sachs Sachs Sachs Sachs Sachs Sachs Sachs Sachs Sachs Sachs Sachs Sachs Sachs Sachs Sachs Sachs Sachs Sachs Sachs Sachs Sachs Sachs Sachs Sachs Sachs Sachs Sachs Sachs Sachs Sachs Sachs Sachs Sachs Sachs Sachs Sachs Sachs Sachs Sachs Sachs Sachs Sachs Sachs Sachs Sachs Sachs Sachs Sachs Sachs Sachs Sachs Sachs Sachs Sachs Sachs Sachs Sachs Sachs Sachs Sachs Sachs Sachs Sachs Sachs Sachs Sachs Sachs Sachs Sachs Sachs Sachs Sachs Sachs Sachs Sachs Sachs Sachs Sachs Sachs Sachs Sachs Sachs Sachs Sachs Sachs Sachs Sachs Sachs Sachs Sachs Sachs Sachs Sachs,182,203,1.1154,1,0,0,0.0,0.0,0,0,0,0,0,0.0,0.9062,0,0,0,0,0,0,0,0,0,0,0,0,0,0,0,0,0,0,2,1,12,0.1667,0.0833,0,0,6,2,1,6,1,0,1,0,0,0,0,0,0,0,0,0,0,0,0,0,0,0,0,0,0,1,0,1,0,0,0,1,1,0,0,0,0,0,0,0,0,0,0,1
gpt2_small,text,0.124,12,wolf,animal,instruction_grandmother,instruction,deception,wolf,0,mean_diff,all_layers,-1,1.0,all_layers,10.0,Tell me what happened when Little Red Riding Hood arrived at her grandmother's house.,"ther's house.

I was in the middle of a long day at work when I heard a knock at the door. I looked up and saw Little Red Riding Hood standing there, looking at me with a smile.

""Hello, Little Red,"" she said.

""Hello, Little Red,"" I said.

""Hello, Little Red,"" she said.

""Hello, Little Red,"" I said.

""Hello, Little Red,"" she said.

""Hello, Little Red,"" I said.

""Hello, Little Red,"" she said.

""Hello, Little Red,"" I said.

""Hello, Little Red,"" she said.

""Hello, Little Red,"" I said.

""Hello, Little Red,"" she said.

""Hello, Little Red,"" I said.

""Hello, Little Red,"" I said.

""Hello, Little Red,"" I said.

""Hello,",ther's house. Sachs Sachs Sachs Sachs Sachs Sachs Sachs Sachs Sachs Sachs Sachs Sachs Sachs Sachs Sachs Sachs Sachs Sachs Sachs Sachs Sachs Sachs Sachs Sachs Sachs Sachs Sachs Sachs Sachs Sachs Sachs Sachs Sachs Sachs Sachs Sachs Sachs Sachs Sachs Sachs Sachs Sachs Sachs Sachs Sachs Sachs Sachs Sachs Sachs Sachs Sachs Sachs Sachs Sachs Sachs Sachs Sachs Sachs Sachs Sachs Sachs Sachs Sachs Sachs Sachs Sachs Sachs Sachs Sachs Sachs Sachs Sachs Sachs Sachs Sachs Sachs Sachs Sachs Sachs Sachs Sachs Sachs Sachs Sachs Sachs Sachs Sachs Sachs Sachs Sachs Sachs Sachs Sachs Sachs Sachs Sachs Sachs Sachs Sachs Sachs Sachs Sachs Sachs Sachs Sachs Sachs Sachs Sachs Sachs Sachs Sachs Sachs Sachs Sachs Sachs Sachs Sachs Sachs Sachs Sachs Sachs Sachs Sachs Sachs Sachs Sachs Sachs Sachs Sachs Sachs Sachs Sachs Sachs Sachs Sachs Sachs Sachs Sachs Sachs Sachs Sachs Sachs Sachs Sachs Sachs Sachs Sachs Sachs Sachs Sachs Sachs Sachs Sachs Sachs Sachs Sachs Sachs Sachs Sachs Sachs Sachs Sachs Sachs Sachs Sachs Sachs Sachs Sachs Sachs Sachs Sachs Sachs Sachs Sachs Sachs Sachs Sachs Sachs Sachs Sachs Sachs Sachs Sachs Sachs Sachs Sachs Sachs Sachs Sachs Sachs Sachs Sachs Sachs Sachs Sachs Sachs Sachs Sachs Sachs Sachs,109,202,1.8532,1,0,0,0.0,0.0,0,0,0,0,0,0.0,0.9444,0,0,0,0,0,0,0,0,0,0,0,0,0,0,0,0,0,0,1,0,12,0.0833,0.0,0,0,6,1,0,6,1,0,1,0,0,0,0,0,0,0,0,0,0,0,0,0,0,0,0,0,0,1,0,1,0,0,0,0,0,0,0,0,0,0,0,0,0,0,0,1
gpt2_small,text,0.124,12,wolf,animal,completion_full_story,completion,full_narrative,wolf,0,mean_diff,all_layers,-1,1.0,all_layers,10.0,"Once upon a time, there was a little girl called Little Red Riding Hood. She walked through the forest and",he forest and was a little girl. She was a little girl. She was a little girl. She was a little girl. She was a little girl. She was a little girl. She was a little girl. She was a little girl. She was a little girl. She was a little girl. She was a little girl. She was a little girl. She was a little girl. She was a little girl. She was a little girl. She was a little girl. She was a little girl. She was a little girl. She was a little girl. She was a little girl. She was a little girl. She was a little girl. She was a little girl. She was a little girl. She was a little girl. She was a little girl. She was a little girl. She was a little girl. She was a little girl. She was a little girl. She was a little girl. She was a little girl. She was a little girl. She was a,he forest and Sachs Sachs Sachs Sachs Sachs Sachs Sachs Sachs Sachs Sachs Sachs Sachs Sachs Sachs Sachs Sachs Sachs Sachs Sachs Sachs Sachs Sachs Sachs Sachs Sachs Sachs Sachs Sachs Sachs Sachs Sachs Sachs Sachs Sachs Sachs Sachs Sachs Sachs Sachs Sachs Sachs Sachs Sachs Sachs Sachs Sachs Sachs Sachs Sachs Sachs Sachs Sachs Sachs Sachs Sachs Sachs Sachs Sachs Sachs Sachs Sachs Sachs Sachs Sachs Sachs Sachs Sachs Sachs Sachs Sachs Sachs Sachs Sachs Sachs Sachs Sachs Sachs Sachs Sachs Sachs Sachs Sachs Sachs Sachs Sachs Sachs Sachs Sachs Sachs Sachs Sachs Sachs Sachs Sachs Sachs Sachs Sachs Sachs Sachs Sachs Sachs Sachs Sachs Sachs Sachs Sachs Sachs Sachs Sachs Sachs Sachs Sachs Sachs Sachs Sachs Sachs Sachs Sachs Sachs Sachs Sachs Sachs Sachs Sachs Sachs Sachs Sachs Sachs Sachs Sachs Sachs Sachs Sachs Sachs Sachs Sachs Sachs Sachs Sachs Sachs Sachs Sachs Sachs Sachs Sachs Sachs Sachs Sachs Sachs Sachs Sachs Sachs Sachs Sachs Sachs Sachs Sachs Sachs Sachs Sachs Sachs Sachs Sachs Sachs Sachs Sachs Sachs Sachs Sachs Sachs Sachs Sachs Sachs Sachs Sachs Sachs Sachs Sachs Sachs Sachs Sachs Sachs Sachs Sachs Sachs Sachs Sachs Sachs Sachs Sachs Sachs Sachs Sachs Sachs Sachs Sachs Sachs Sachs Sachs Sachs,170,203,1.1941,1,0,0,0.0,0.0,0,0,0,0,0,0.0,0.6667,0,0,0,0,0,0,0,0,0,0,0,0,0,0,0,0,0,0,2,1,12,0.1667,0.0833,0,0,6,2,1,6,1,0,1,0,0,0,0,0,0,0,0,0,0,0,0,0,0,0,0,0,0,1,0,1,0,0,0,1,1,0,0,0,0,0,0,0,0,0,0,1
gpt2_small,text,0.124,12,wolf,animal,completion_forest,completion,encounter,wolf,0,mean_diff,all_layers,-1,1.0,all_layers,10.0,Little Red Riding Hood was walking through the dark forest when she met a,"hen she met a man who was looking for her.

""Hey, you're a little red, huh?""

""Yeah, I'm a little red.""

""I'm a little red, huh?""

""Yeah, I'm a little red.""

""I'm a little red.""

""I'm a little red.""

""I'm a little red.""

""I'm a little red.""

""I'm a little red.""

""I'm a little red.""

""I'm a little red.""

""I'm a little red.""

""I'm a little red.""

""I'm a little red.""

""I'm a little red.""

""I'm a little red.""

""I'm a little red.""

""I'm a little red.""

""I'm a little red.""

""I'm a little red.""

""",hen she met a Sachs Sachs Sachs Sachs Sachs Sachs Sachs Sachs Sachs Sachs Sachs Sachs Sachs Sachs Sachs Sachs Sachs Sachs Sachs Sachs Sachs Sachs Sachs Sachs Sachs Sachs Sachs Sachs Sachs Sachs Sachs Sachs Sachs Sachs Sachs Sachs Sachs Sachs Sachs Sachs Sachs Sachs Sachs Sachs Sachs Sachs Sachs Sachs Sachs Sachs Sachs Sachs Sachs Sachs Sachs Sachs Sachs Sachs Sachs Sachs Sachs Sachs Sachs Sachs Sachs Sachs Sachs Sachs Sachs Sachs Sachs Sachs Sachs Sachs Sachs Sachs Sachs Sachs Sachs Sachs Sachs Sachs Sachs Sachs Sachs Sachs Sachs Sachs Sachs Sachs Sachs Sachs Sachs Sachs Sachs Sachs Sachs Sachs Sachs Sachs Sachs Sachs Sachs Sachs Sachs Sachs Sachs Sachs Sachs Sachs Sachs Sachs Sachs Sachs Sachs Sachs Sachs Sachs Sachs Sachs Sachs Sachs Sachs Sachs Sachs Sachs Sachs Sachs Sachs Sachs Sachs Sachs Sachs Sachs Sachs Sachs Sachs Sachs Sachs Sachs Sachs Sachs Sachs Sachs Sachs Sachs Sachs Sachs Sachs Sachs Sachs Sachs Sachs Sachs Sachs Sachs Sachs Sachs Sachs Sachs Sachs Sachs Sachs Sachs Sachs Sachs Sachs Sachs Sachs Sachs Sachs Sachs Sachs Sachs Sachs Sachs Sachs Sachs Sachs Sachs Sachs Sachs Sachs Sachs Sachs Sachs Sachs Sachs Sachs Sachs Sachs Sachs Sachs Sachs Sachs Sachs Sachs Sachs Sachs Sachs,96,204,2.125,1,0,0,0.0,0.0,0,0,0,0,0,0.0,0.8095,0,0,0,0,0,0,0,0,0,0,0,0,0,0,0,0,0,0,2,1,12,0.1667,0.0833,1,1,6,1,0,6,1,0,1,0,0,0,1,1,0,0,0,0,0,0,0,0,0,0,0,0,0,1,0,1,0,0,0,0,0,0,0,0,0,0,0,0,0,0,0,1
gpt2_small,text,0.124,12,wolf,animal,completion_grandmother,completion,deception,wolf,0,mean_diff,all_layers,-1,1.0,all_layers,10.0,Little Red Riding Hood arrived at her grandmother's house. She knocked on the door and a voice said,"a voice said, ""Hello, Little Red.""

Little Red was a little girl. She was a little girl. She was a little girl. She was a little girl. She was a little girl. She was a little girl. She was a little girl. She was a little girl. She was a little girl. She was a little girl. She was a little girl. She was a little girl. She was a little girl. She was a little girl. She was a little girl. She was a little girl. She was a little girl. She was a little girl. She was a little girl. She was a little girl. She was a little girl. She was a little girl. She was a little girl. She was a little girl. She was a little girl. She was a little girl. She was a little girl. She was a little girl. She was a little girl. She was a little girl. She was a little girl. She was a little",a voice said Sachs Sachs Sachs Sachs Sachs Sachs Sachs Sachs Sachs Sachs Sachs Sachs Sachs Sachs Sachs Sachs Sachs Sachs Sachs Sachs Sachs Sachs Sachs Sachs Sachs Sachs Sachs Sachs Sachs Sachs Sachs Sachs Sachs Sachs Sachs Sachs Sachs Sachs Sachs Sachs Sachs Sachs Sachs Sachs Sachs Sachs Sachs Sachs Sachs Sachs Sachs Sachs Sachs Sachs Sachs Sachs Sachs Sachs Sachs Sachs Sachs Sachs Sachs Sachs Sachs Sachs Sachs Sachs Sachs Sachs Sachs Sachs Sachs Sachs Sachs Sachs Sachs Sachs Sachs Sachs Sachs Sachs Sachs Sachs Sachs Sachs Sachs Sachs Sachs Sachs Sachs Sachs Sachs Sachs Sachs Sachs Sachs Sachs Sachs Sachs Sachs Sachs Sachs Sachs Sachs Sachs Sachs Sachs Sachs Sachs Sachs Sachs Sachs Sachs Sachs Sachs Sachs Sachs Sachs Sachs Sachs Sachs Sachs Sachs Sachs Sachs Sachs Sachs Sachs Sachs Sachs Sachs Sachs Sachs Sachs Sachs Sachs Sachs Sachs Sachs Sachs Sachs Sachs Sachs Sachs Sachs Sachs Sachs Sachs Sachs Sachs Sachs Sachs Sachs Sachs Sachs Sachs Sachs Sachs Sachs Sachs Sachs Sachs Sachs Sachs Sachs Sachs Sachs Sachs Sachs Sachs Sachs Sachs Sachs Sachs Sachs Sachs Sachs Sachs Sachs Sachs Sachs Sachs Sachs Sachs Sachs Sachs Sachs Sachs Sachs Sachs Sachs Sachs Sachs Sachs Sachs Sachs Sachs Sachs Sachs,166,203,1.2229,1,0,0,0.0,0.0,0,0,0,0,0,0.0,0.8333,0,0,0,0,0,0,0,0,0,0,0,0,0,0,0,0,0,0,1,0,12,0.0833,0.0,0,0,6,1,0,6,1,0,1,0,0,0,0,0,0,0,0,0,0,0,0,0,0,0,0,0,0,1,0,1,0,0,0,0,0,0,0,0,0,0,0,0,0,0,0,1
gpt2_small,text,0.124,12,wolf,animal,control_cinderella,instruction,control,none,1,mean_diff,all_layers,-1,1.0,all_layers,10.0,Tell me the story of Cinderella from beginning to end.,"nning to end.

I was a little bit of a girl when I was a kid. I was a little bit of a girl when I was a kid. I was a little bit of a girl when I was a kid. I was a little bit of a girl when I was a kid. I was a little bit of a girl when I was a kid. I was a little bit of a girl when I was a kid. I was a little bit of a girl when I was a kid. I was a little bit of a girl when I was a kid. I was a little bit of a girl when I was a kid. I was a little bit of a girl when I was a kid. I was a little bit of a girl when I was a kid. I was a little bit of a girl when I was a kid. I was a little bit of a girl when I was a kid. I was a little bit of a girl when I was a kid. I was",nning to end. Sachs Sachs Sachs Sachs Sachs Sachs Sachs Sachs Sachs Sachs Sachs Sachs Sachs Sachs Sachs Sachs Sachs Sachs Sachs Sachs Sachs Sachs Sachs Sachs Sachs Sachs Sachs Sachs Sachs Sachs Sachs Sachs Sachs Sachs Sachs Sachs Sachs Sachs Sachs Sachs Sachs Sachs Sachs Sachs Sachs Sachs Sachs Sachs Sachs Sachs Sachs Sachs Sachs Sachs Sachs Sachs Sachs Sachs Sachs Sachs Sachs Sachs Sachs Sachs Sachs Sachs Sachs Sachs Sachs Sachs Sachs Sachs Sachs Sachs Sachs Sachs Sachs Sachs Sachs Sachs Sachs Sachs Sachs Sachs Sachs Sachs Sachs Sachs Sachs Sachs Sachs Sachs Sachs Sachs Sachs Sachs Sachs Sachs Sachs Sachs Sachs Sachs Sachs Sachs Sachs Sachs Sachs Sachs Sachs Sachs Sachs Sachs Sachs Sachs Sachs Sachs Sachs Sachs Sachs Sachs Sachs Sachs Sachs Sachs Sachs Sachs Sachs Sachs Sachs Sachs Sachs Sachs Sachs Sachs Sachs Sachs Sachs Sachs Sachs Sachs Sachs Sachs Sachs Sachs Sachs Sachs Sachs Sachs Sachs Sachs Sachs Sachs Sachs Sachs Sachs Sachs Sachs Sachs Sachs Sachs Sachs Sachs Sachs Sachs Sachs Sachs Sachs Sachs Sachs Sachs Sachs Sachs Sachs Sachs Sachs Sachs Sachs Sachs Sachs Sachs Sachs Sachs Sachs Sachs Sachs Sachs Sachs Sachs Sachs Sachs Sachs Sachs Sachs Sachs Sachs Sachs Sachs Sachs Sachs Sachs,187,203,1.0856,1,1,0,0.0053,0.0,0,0,0,0,1,0.0053,0.7692,0,0,0,0,0,0,0,0,0,0,0,0,1,0,1,0,0,0,1,0,12,0.0833,0.0,0,0,6,1,0,6,1,0,1,0,0,0,0,0,0,0,0,0,0,0,0,0,0,0,0,0,0,1,0,1,0,0,0,0,0,0,0,0,0,0,0,0,0,0,0,0
gpt2_small,text,0.124,12,wolf,animal,control_generic,completion,control,none,1,mean_diff,all_layers,-1,1.0,all_layers,10.0,The old man sat by the fireplace and told his grandchildren about the time he,"t the time he was born.

""I was born in the middle of the night, and I was a little bit scared,"" he said. ""I was just a little bit scared. I was just a little bit scared. I was just a little bit scared.""

The old man said he was a little bit scared because he was a little bit scared.

""I was just a little bit scared. I was just a little bit scared. I was just a little bit scared,"" he said.

The old man said he was a little bit scared because he was a little bit scared.

""I was just a little bit scared. I was just a little bit scared. I was just a little bit scared. I was just a little bit scared. I was just a little bit scared. I was just a little bit scared. I was just a little bit scared. I was just a little bit scared. I was just a little bit scared. I was just",t the time he Sachs Sachs Sachs Sachs Sachs Sachs Sachs Sachs Sachs Sachs Sachs Sachs Sachs Sachs Sachs Sachs Sachs Sachs Sachs Sachs Sachs Sachs Sachs Sachs Sachs Sachs Sachs Sachs Sachs Sachs Sachs Sachs Sachs Sachs Sachs Sachs Sachs Sachs Sachs Sachs Sachs Sachs Sachs Sachs Sachs Sachs Sachs Sachs Sachs Sachs Sachs Sachs Sachs Sachs Sachs Sachs Sachs Sachs Sachs Sachs Sachs Sachs Sachs Sachs Sachs Sachs Sachs Sachs Sachs Sachs Sachs Sachs Sachs Sachs Sachs Sachs Sachs Sachs Sachs Sachs Sachs Sachs Sachs Sachs Sachs Sachs Sachs Sachs Sachs Sachs Sachs Sachs Sachs Sachs Sachs Sachs Sachs Sachs Sachs Sachs Sachs Sachs Sachs Sachs Sachs Sachs Sachs Sachs Sachs Sachs Sachs Sachs Sachs Sachs Sachs Sachs Sachs Sachs Sachs Sachs Sachs Sachs Sachs Sachs Sachs Sachs Sachs Sachs Sachs Sachs Sachs Sachs Sachs Sachs Sachs Sachs Sachs Sachs Sachs Sachs Sachs Sachs Sachs Sachs Sachs Sachs Sachs Sachs Sachs Sachs Sachs Sachs Sachs Sachs Sachs Sachs Sachs Sachs Sachs Sachs Sachs Sachs Sachs Sachs Sachs Sachs Sachs Sachs Sachs Sachs Sachs Sachs Sachs Sachs Sachs Sachs Sachs Sachs Sachs Sachs Sachs Sachs Sachs Sachs Sachs Sachs Sachs Sachs Sachs Sachs Sachs Sachs Sachs Sachs Sachs Sachs Sachs Sachs Sachs Sachs,168,204,1.2143,1,1,0,0.006,0.0,0,0,0,0,1,0.006,0.8571,0,0,0,0,0,0,0,0,0,0,0,0,1,0,1,0,0,0,1,0,12,0.0833,0.0,0,0,6,1,0,6,1,0,1,0,0,0,0,0,0,0,0,0,0,0,0,0,0,0,0,0,0,1,0,1,0,0,0,0,0,0,0,0,0,0,0,0,0,0,0,0
gpt2_small,text,0.124,12,wolf,animal,instruction_full_story,instruction,full_narrative,wolf,0,mean_diff,all_layers,-1,1.0,all_layers,15.0,Tell me the story of Little Red Riding Hood from beginning to end.,"nning to end.

I was a little kid when I first saw Little Red Riding Hood. I was a little kid when I first saw Little Red Riding Hood. I was a little kid when I first saw Little Red Riding Hood. I was a little kid when I first saw Little Red Riding Hood. I was a little kid when I first saw Little Red Riding Hood. I was a little kid when I first saw Little Red Riding Hood. I was a little kid when I first saw Little Red Riding Hood. I was a little kid when I first saw Little Red Riding Hood. I was a little kid when I first saw Little Red Riding Hood. I was a little kid when I first saw Little Red Riding Hood. I was a little kid when I first saw Little Red Riding Hood. I was a little kid when I first saw Little Red Riding Hood. I was a little kid when I first saw Little Red Riding Hood. I was a little kid when I first saw Little Red Riding Hood. I was",nning to end. Sachs Sachs Sachs Sachs Sachs Sachs Sachs Sachs Sachs Sachs Sachs Sachs Sachs Sachs Sachs Sachs Sachs Sachs Sachs Sachs Sachs Sachs Sachs Sachs Sachs Sachs Sachs Sachs Sachs Sachs Sachs Sachs Sachs Sachs Sachs Sachs Sachs Sachs Sachs Sachs Sachs Sachs Sachs Sachs Sachs Sachs Sachs Sachs Sachs Sachs Sachs Sachs Sachs Sachs Sachs Sachs Sachs Sachs Sachs Sachs Sachs Sachs Sachs Sachs Sachs Sachs Sachs Sachs Sachs Sachs Sachs Sachs Sachs Sachs Sachs Sachs Sachs Sachs Sachs Sachs Sachs Sachs Sachs Sachs Sachs Sachs Sachs Sachs Sachs Sachs Sachs Sachs Sachs Sachs Sachs Sachs Sachs Sachs Sachs Sachs Sachs Sachs Sachs Sachs Sachs Sachs Sachs Sachs Sachs Sachs Sachs Sachs Sachs Sachs Sachs Sachs Sachs Sachs Sachs Sachs Sachs Sachs Sachs Sachs Sachs Sachs Sachs Sachs Sachs Sachs Sachs Sachs Sachs Sachs Sachs Sachs Sachs Sachs Sachs Sachs Sachs Sachs Sachs Sachs Sachs Sachs Sachs Sachs Sachs Sachs Sachs Sachs Sachs Sachs Sachs Sachs Sachs Sachs Sachs Sachs Sachs Sachs Sachs Sachs Sachs Sachs Sachs Sachs Sachs Sachs Sachs Sachs Sachs Sachs Sachs Sachs Sachs Sachs Sachs Sachs Sachs Sachs Sachs Sachs Sachs Sachs Sachs Sachs Sachs Sachs Sachs Sachs Sachs Sachs Sachs Sachs Sachs Sachs Sachs Sachs,187,203,1.0856,1,0,0,0.0,0.0,0,0,0,0,0,0.0,0.8,0,0,0,0,0,0,0,0,0,0,0,0,0,0,0,0,0,0,1,0,12,0.0833,0.0,0,0,6,1,0,6,1,0,1,0,0,0,0,0,0,0,0,0,0,0,0,0,0,0,0,0,0,1,0,1,0,0,0,0,0,0,0,0,0,0,0,0,0,0,0,1
gpt2_small,text,0.124,12,wolf,animal,instruction_forest,instruction,encounter,wolf,0,mean_diff,all_layers,-1,1.0,all_layers,15.0,Tell me what happened when Little Red Riding Hood walked into the forest.,"o the forest.

I was in the middle of a forest clearing when I saw Little Red Riding Hood. He was standing in the middle of the forest, looking at the trees. He was wearing a white shirt and black pants. He was wearing a black hat and black boots. He was wearing a black hat and black boots. He was wearing a black hat and black boots. He was wearing a black hat and black boots. He was wearing a black hat and black boots. He was wearing a black hat and black boots. He was wearing a black hat and black boots. He was wearing a black hat and black boots. He was wearing a black hat and black boots. He was wearing a black hat and black boots. He was wearing a black hat and black boots. He was wearing a black hat and black boots. He was wearing a black hat and black boots. He was wearing a black hat and black boots. He was wearing a black hat and black boots. He was wearing a black hat",o the forest. Sachs Sachs Sachs Sachs Sachs Sachs Sachs Sachs Sachs Sachs Sachs Sachs Sachs Sachs Sachs Sachs Sachs Sachs Sachs Sachs Sachs Sachs Sachs Sachs Sachs Sachs Sachs Sachs Sachs Sachs Sachs Sachs Sachs Sachs Sachs Sachs Sachs Sachs Sachs Sachs Sachs Sachs Sachs Sachs Sachs Sachs Sachs Sachs Sachs Sachs Sachs Sachs Sachs Sachs Sachs Sachs Sachs Sachs Sachs Sachs Sachs Sachs Sachs Sachs Sachs Sachs Sachs Sachs Sachs Sachs Sachs Sachs Sachs Sachs Sachs Sachs Sachs Sachs Sachs Sachs Sachs Sachs Sachs Sachs Sachs Sachs Sachs Sachs Sachs Sachs Sachs Sachs Sachs Sachs Sachs Sachs Sachs Sachs Sachs Sachs Sachs Sachs Sachs Sachs Sachs Sachs Sachs Sachs Sachs Sachs Sachs Sachs Sachs Sachs Sachs Sachs Sachs Sachs Sachs Sachs Sachs Sachs Sachs Sachs Sachs Sachs Sachs Sachs Sachs Sachs Sachs Sachs Sachs Sachs Sachs Sachs Sachs Sachs Sachs Sachs Sachs Sachs Sachs Sachs Sachs Sachs Sachs Sachs Sachs Sachs Sachs Sachs Sachs Sachs Sachs Sachs Sachs Sachs Sachs Sachs Sachs Sachs Sachs Sachs Sachs Sachs Sachs Sachs Sachs Sachs Sachs Sachs Sachs Sachs Sachs Sachs Sachs Sachs Sachs Sachs Sachs Sachs Sachs Sachs Sachs Sachs Sachs Sachs Sachs Sachs Sachs Sachs Sachs Sachs Sachs Sachs Sachs Sachs Sachs Sachs,182,203,1.1154,1,0,0,0.0,0.0,0,0,0,0,0,0.0,0.9062,0,0,0,0,0,0,0,0,0,0,0,0,0,0,0,0,0,0,2,1,12,0.1667,0.0833,0,0,6,2,1,6,1,0,1,0,0,0,0,0,0,0,0,0,0,0,0,0,0,0,0,0,0,1,0,1,0,0,0,1,1,0,0,0,0,0,0,0,0,0,0,1
gpt2_small,text,0.124,12,wolf,animal,instruction_grandmother,instruction,deception,wolf,0,mean_diff,all_layers,-1,1.0,all_layers,15.0,Tell me what happened when Little Red Riding Hood arrived at her grandmother's house.,"ther's house.

I was in the middle of a long day at work when I heard a knock at the door. I looked up and saw Little Red Riding Hood standing there, looking at me with a smile.

""Hello, Little Red,"" she said.

""Hello, Little Red,"" I said.

""Hello, Little Red,"" she said.

""Hello, Little Red,"" I said.

""Hello, Little Red,"" she said.

""Hello, Little Red,"" I said.

""Hello, Little Red,"" she said.

""Hello, Little Red,"" I said.

""Hello, Little Red,"" she said.

""Hello, Little Red,"" I said.

""Hello, Little Red,"" she said.

""Hello, Little Red,"" I said.

""Hello, Little Red,"" I said.

""Hello, Little Red,"" I said.

""Hello,",ther's house. Sachs Sachs Sachs Sachs Sachs Sachs Sachs Sachs Sachs Sachs Sachs Sachs Sachs Sachs Sachs Sachs Sachs Sachs Sachs Sachs Sachs Sachs Sachs Sachs Sachs Sachs Sachs Sachs Sachs Sachs Sachs Sachs Sachs Sachs Sachs Sachs Sachs Sachs Sachs Sachs Sachs Sachs Sachs Sachs Sachs Sachs Sachs Sachs Sachs Sachs Sachs Sachs Sachs Sachs Sachs Sachs Sachs Sachs Sachs Sachs Sachs Sachs Sachs Sachs Sachs Sachs Sachs Sachs Sachs Sachs Sachs Sachs Sachs Sachs Sachs Sachs Sachs Sachs Sachs Sachs Sachs Sachs Sachs Sachs Sachs Sachs Sachs Sachs Sachs Sachs Sachs Sachs Sachs Sachs Sachs Sachs Sachs Sachs Sachs Sachs Sachs Sachs Sachs Sachs Sachs Sachs Sachs Sachs Sachs Sachs Sachs Sachs Sachs Sachs Sachs Sachs Sachs Sachs Sachs Sachs Sachs Sachs Sachs Sachs Sachs Sachs Sachs Sachs Sachs Sachs Sachs Sachs Sachs Sachs Sachs Sachs Sachs Sachs Sachs Sachs Sachs Sachs Sachs Sachs Sachs Sachs Sachs Sachs Sachs Sachs Sachs Sachs Sachs Sachs Sachs Sachs Sachs Sachs Sachs Sachs Sachs Sachs Sachs Sachs Sachs Sachs Sachs Sachs Sachs Sachs Sachs Sachs Sachs Sachs Sachs Sachs Sachs Sachs Sachs Sachs Sachs Sachs Sachs Sachs Sachs Sachs Sachs Sachs Sachs Sachs Sachs Sachs Sachs Sachs Sachs Sachs Sachs Sachs Sachs Sachs,109,202,1.8532,1,0,0,0.0,0.0,0,0,0,0,0,0.0,0.9444,0,0,0,0,0,0,0,0,0,0,0,0,0,0,0,0,0,0,1,0,12,0.0833,0.0,0,0,6,1,0,6,1,0,1,0,0,0,0,0,0,0,0,0,0,0,0,0,0,0,0,0,0,1,0,1,0,0,0,0,0,0,0,0,0,0,0,0,0,0,0,1
gpt2_small,text,0.124,12,wolf,animal,completion_full_story,completion,full_narrative,wolf,0,mean_diff,all_layers,-1,1.0,all_layers,15.0,"Once upon a time, there was a little girl called Little Red Riding Hood. She walked through the forest and",he forest and was a little girl. She was a little girl. She was a little girl. She was a little girl. She was a little girl. She was a little girl. She was a little girl. She was a little girl. She was a little girl. She was a little girl. She was a little girl. She was a little girl. She was a little girl. She was a little girl. She was a little girl. She was a little girl. She was a little girl. She was a little girl. She was a little girl. She was a little girl. She was a little girl. She was a little girl. She was a little girl. She was a little girl. She was a little girl. She was a little girl. She was a little girl. She was a little girl. She was a little girl. She was a little girl. She was a little girl. She was a little girl. She was a little girl. She was a,he forest and Sachs Sachs Sachs Sachs Sachs Sachs Sachs Sachs Sachs Sachs Sachs Sachs Sachs Sachs Sachs Sachs Sachs Sachs Sachs Sachs Sachs Sachs Sachs Sachs Sachs Sachs Sachs Sachs Sachs Sachs Sachs Sachs Sachs Sachs Sachs Sachs Sachs Sachs Sachs Sachs Sachs Sachs Sachs Sachs Sachs Sachs Sachs Sachs Sachs Sachs Sachs Sachs Sachs Sachs Sachs Sachs Sachs Sachs Sachs Sachs Sachs Sachs Sachs Sachs Sachs Sachs Sachs Sachs Sachs Sachs Sachs Sachs Sachs Sachs Sachs Sachs Sachs Sachs Sachs Sachs Sachs Sachs Sachs Sachs Sachs Sachs Sachs Sachs Sachs Sachs Sachs Sachs Sachs Sachs Sachs Sachs Sachs Sachs Sachs Sachs Sachs Sachs Sachs Sachs Sachs Sachs Sachs Sachs Sachs Sachs Sachs Sachs Sachs Sachs Sachs Sachs Sachs Sachs Sachs Sachs Sachs Sachs Sachs Sachs Sachs Sachs Sachs Sachs Sachs Sachs Sachs Sachs Sachs Sachs Sachs Sachs Sachs Sachs Sachs Sachs Sachs Sachs Sachs Sachs Sachs Sachs Sachs Sachs Sachs Sachs Sachs Sachs Sachs Sachs Sachs Sachs Sachs Sachs Sachs Sachs Sachs Sachs Sachs Sachs Sachs Sachs Sachs Sachs Sachs Sachs Sachs Sachs Sachs Sachs Sachs Sachs Sachs Sachs Sachs Sachs Sachs Sachs Sachs Sachs Sachs Sachs Sachs Sachs Sachs Sachs Sachs Sachs Sachs Sachs Sachs Sachs Sachs Sachs Sachs Sachs,170,203,1.1941,1,0,0,0.0,0.0,0,0,0,0,0,0.0,0.6667,0,0,0,0,0,0,0,0,0,0,0,0,0,0,0,0,0,0,2,1,12,0.1667,0.0833,0,0,6,2,1,6,1,0,1,0,0,0,0,0,0,0,0,0,0,0,0,0,0,0,0,0,0,1,0,1,0,0,0,1,1,0,0,0,0,0,0,0,0,0,0,1
gpt2_small,text,0.124,12,wolf,animal,completion_forest,completion,encounter,wolf,0,mean_diff,all_layers,-1,1.0,all_layers,15.0,Little Red Riding Hood was walking through the dark forest when she met a,"hen she met a man who was looking for her.

""Hey, you're a little red, huh?""

""Yeah, I'm a little red.""

""I'm a little red, huh?""

""Yeah, I'm a little red.""

""I'm a little red.""

""I'm a little red.""

""I'm a little red.""

""I'm a little red.""

""I'm a little red.""

""I'm a little red.""

""I'm a little red.""

""I'm a little red.""

""I'm a little red.""

""I'm a little red.""

""I'm a little red.""

""I'm a little red.""

""I'm a little red.""

""I'm a little red.""

""I'm a little red.""

""I'm a little red.""

""",hen she met a Sachs Sachs Sachs Sachs Sachs Sachs Sachs Sachs Sachs Sachs Sachs Sachs Sachs Sachs Sachs Sachs Sachs Sachs Sachs Sachs Sachs Sachs Sachs Sachs Sachs Sachs Sachs Sachs Sachs Sachs Sachs Sachs Sachs Sachs Sachs Sachs Sachs Sachs Sachs Sachs Sachs Sachs Sachs Sachs Sachs Sachs Sachs Sachs Sachs Sachs Sachs Sachs Sachs Sachs Sachs Sachs Sachs Sachs Sachs Sachs Sachs Sachs Sachs Sachs Sachs Sachs Sachs Sachs Sachs Sachs Sachs Sachs Sachs Sachs Sachs Sachs Sachs Sachs Sachs Sachs Sachs Sachs Sachs Sachs Sachs Sachs Sachs Sachs Sachs Sachs Sachs Sachs Sachs Sachs Sachs Sachs Sachs Sachs Sachs Sachs Sachs Sachs Sachs Sachs Sachs Sachs Sachs Sachs Sachs Sachs Sachs Sachs Sachs Sachs Sachs Sachs Sachs Sachs Sachs Sachs Sachs Sachs Sachs Sachs Sachs Sachs Sachs Sachs Sachs Sachs Sachs Sachs Sachs Sachs Sachs Sachs Sachs Sachs Sachs Sachs Sachs Sachs Sachs Sachs Sachs Sachs Sachs Sachs Sachs Sachs Sachs Sachs Sachs Sachs Sachs Sachs Sachs Sachs Sachs Sachs Sachs Sachs Sachs Sachs Sachs Sachs Sachs Sachs Sachs Sachs Sachs Sachs Sachs Sachs Sachs Sachs Sachs Sachs Sachs Sachs Sachs Sachs Sachs Sachs Sachs Sachs Sachs Sachs Sachs Sachs Sachs Sachs Sachs Sachs Sachs Sachs Sachs Sachs Sachs Sachs,96,204,2.125,1,0,0,0.0,0.0,0,0,0,0,0,0.0,0.8095,0,0,0,0,0,0,0,0,0,0,0,0,0,0,0,0,0,0,2,1,12,0.1667,0.0833,1,1,6,1,0,6,1,0,1,0,0,0,1,1,0,0,0,0,0,0,0,0,0,0,0,0,0,1,0,1,0,0,0,0,0,0,0,0,0,0,0,0,0,0,0,1
gpt2_small,text,0.124,12,wolf,animal,completion_grandmother,completion,deception,wolf,0,mean_diff,all_layers,-1,1.0,all_layers,15.0,Little Red Riding Hood arrived at her grandmother's house. She knocked on the door and a voice said,"a voice said, ""Hello, Little Red.""

Little Red was a little girl. She was a little girl. She was a little girl. She was a little girl. She was a little girl. She was a little girl. She was a little girl. She was a little girl. She was a little girl. She was a little girl. She was a little girl. She was a little girl. She was a little girl. She was a little girl. She was a little girl. She was a little girl. She was a little girl. She was a little girl. She was a little girl. She was a little girl. She was a little girl. She was a little girl. She was a little girl. She was a little girl. She was a little girl. She was a little girl. She was a little girl. She was a little girl. She was a little girl. She was a little girl. She was a little girl. She was a little",a voice said Sachs Sachs Sachs Sachs Sachs Sachs Sachs Sachs Sachs Sachs Sachs Sachs Sachs Sachs Sachs Sachs Sachs Sachs Sachs Sachs Sachs Sachs Sachs Sachs Sachs Sachs Sachs Sachs Sachs Sachs Sachs Sachs Sachs Sachs Sachs Sachs Sachs Sachs Sachs Sachs Sachs Sachs Sachs Sachs Sachs Sachs Sachs Sachs Sachs Sachs Sachs Sachs Sachs Sachs Sachs Sachs Sachs Sachs Sachs Sachs Sachs Sachs Sachs Sachs Sachs Sachs Sachs Sachs Sachs Sachs Sachs Sachs Sachs Sachs Sachs Sachs Sachs Sachs Sachs Sachs Sachs Sachs Sachs Sachs Sachs Sachs Sachs Sachs Sachs Sachs Sachs Sachs Sachs Sachs Sachs Sachs Sachs Sachs Sachs Sachs Sachs Sachs Sachs Sachs Sachs Sachs Sachs Sachs Sachs Sachs Sachs Sachs Sachs Sachs Sachs Sachs Sachs Sachs Sachs Sachs Sachs Sachs Sachs Sachs Sachs Sachs Sachs Sachs Sachs Sachs Sachs Sachs Sachs Sachs Sachs Sachs Sachs Sachs Sachs Sachs Sachs Sachs Sachs Sachs Sachs Sachs Sachs Sachs Sachs Sachs Sachs Sachs Sachs Sachs Sachs Sachs Sachs Sachs Sachs Sachs Sachs Sachs Sachs Sachs Sachs Sachs Sachs Sachs Sachs Sachs Sachs Sachs Sachs Sachs Sachs Sachs Sachs Sachs Sachs Sachs Sachs Sachs Sachs Sachs Sachs Sachs Sachs Sachs Sachs Sachs Sachs Sachs Sachs Sachs Sachs Sachs Sachs Sachs Sachs Sachs,166,203,1.2229,1,0,0,0.0,0.0,0,0,0,0,0,0.0,0.8333,0,0,0,0,0,0,0,0,0,0,0,0,0,0,0,0,0,0,1,0,12,0.0833,0.0,0,0,6,1,0,6,1,0,1,0,0,0,0,0,0,0,0,0,0,0,0,0,0,0,0,0,0,1,0,1,0,0,0,0,0,0,0,0,0,0,0,0,0,0,0,1
gpt2_small,text,0.124,12,wolf,animal,control_cinderella,instruction,control,none,1,mean_diff,all_layers,-1,1.0,all_layers,15.0,Tell me the story of Cinderella from beginning to end.,"nning to end.

I was a little bit of a girl when I was a kid. I was a little bit of a girl when I was a kid. I was a little bit of a girl when I was a kid. I was a little bit of a girl when I was a kid. I was a little bit of a girl when I was a kid. I was a little bit of a girl when I was a kid. I was a little bit of a girl when I was a kid. I was a little bit of a girl when I was a kid. I was a little bit of a girl when I was a kid. I was a little bit of a girl when I was a kid. I was a little bit of a girl when I was a kid. I was a little bit of a girl when I was a kid. I was a little bit of a girl when I was a kid. I was a little bit of a girl when I was a kid. I was",nning to end. Sachs Sachs Sachs Sachs Sachs Sachs Sachs Sachs Sachs Sachs Sachs Sachs Sachs Sachs Sachs Sachs Sachs Sachs Sachs Sachs Sachs Sachs Sachs Sachs Sachs Sachs Sachs Sachs Sachs Sachs Sachs Sachs Sachs Sachs Sachs Sachs Sachs Sachs Sachs Sachs Sachs Sachs Sachs Sachs Sachs Sachs Sachs Sachs Sachs Sachs Sachs Sachs Sachs Sachs Sachs Sachs Sachs Sachs Sachs Sachs Sachs Sachs Sachs Sachs Sachs Sachs Sachs Sachs Sachs Sachs Sachs Sachs Sachs Sachs Sachs Sachs Sachs Sachs Sachs Sachs Sachs Sachs Sachs Sachs Sachs Sachs Sachs Sachs Sachs Sachs Sachs Sachs Sachs Sachs Sachs Sachs Sachs Sachs Sachs Sachs Sachs Sachs Sachs Sachs Sachs Sachs Sachs Sachs Sachs Sachs Sachs Sachs Sachs Sachs Sachs Sachs Sachs Sachs Sachs Sachs Sachs Sachs Sachs Sachs Sachs Sachs Sachs Sachs Sachs Sachs Sachs Sachs Sachs Sachs Sachs Sachs Sachs Sachs Sachs Sachs Sachs Sachs Sachs Sachs Sachs Sachs Sachs Sachs Sachs Sachs Sachs Sachs Sachs Sachs Sachs Sachs Sachs Sachs Sachs Sachs Sachs Sachs Sachs Sachs Sachs Sachs Sachs Sachs Sachs Sachs Sachs Sachs Sachs Sachs Sachs Sachs Sachs Sachs Sachs Sachs Sachs Sachs Sachs Sachs Sachs Sachs Sachs Sachs Sachs Sachs Sachs Sachs Sachs Sachs Sachs Sachs Sachs Sachs Sachs Sachs,187,203,1.0856,1,1,0,0.0053,0.0,0,0,0,0,1,0.0053,0.7692,0,0,0,0,0,0,0,0,0,0,0,0,1,0,1,0,0,0,1,0,12,0.0833,0.0,0,0,6,1,0,6,1,0,1,0,0,0,0,0,0,0,0,0,0,0,0,0,0,0,0,0,0,1,0,1,0,0,0,0,0,0,0,0,0,0,0,0,0,0,0,0
gpt2_small,text,0.124,12,wolf,animal,control_generic,completion,control,none,1,mean_diff,all_layers,-1,1.0,all_layers,15.0,The old man sat by the fireplace and told his grandchildren about the time he,"t the time he was born.

""I was born in the middle of the night, and I was a little bit scared,"" he said. ""I was just a little bit scared. I was just a little bit scared. I was just a little bit scared.""

The old man said he was a little bit scared because he was a little bit scared.

""I was just a little bit scared. I was just a little bit scared. I was just a little bit scared,"" he said.

The old man said he was a little bit scared because he was a little bit scared.

""I was just a little bit scared. I was just a little bit scared. I was just a little bit scared. I was just a little bit scared. I was just a little bit scared. I was just a little bit scared. I was just a little bit scared. I was just a little bit scared. I was just a little bit scared. I was just",t the time he Sachs Sachs Sachs Sachs Sachs Sachs Sachs Sachs Sachs Sachs Sachs Sachs Sachs Sachs Sachs Sachs Sachs Sachs Sachs Sachs Sachs Sachs Sachs Sachs Sachs Sachs Sachs Sachs Sachs Sachs Sachs Sachs Sachs Sachs Sachs Sachs Sachs Sachs Sachs Sachs Sachs Sachs Sachs Sachs Sachs Sachs Sachs Sachs Sachs Sachs Sachs Sachs Sachs Sachs Sachs Sachs Sachs Sachs Sachs Sachs Sachs Sachs Sachs Sachs Sachs Sachs Sachs Sachs Sachs Sachs Sachs Sachs Sachs Sachs Sachs Sachs Sachs Sachs Sachs Sachs Sachs Sachs Sachs Sachs Sachs Sachs Sachs Sachs Sachs Sachs Sachs Sachs Sachs Sachs Sachs Sachs Sachs Sachs Sachs Sachs Sachs Sachs Sachs Sachs Sachs Sachs Sachs Sachs Sachs Sachs Sachs Sachs Sachs Sachs Sachs Sachs Sachs Sachs Sachs Sachs Sachs Sachs Sachs Sachs Sachs Sachs Sachs Sachs Sachs Sachs Sachs Sachs Sachs Sachs Sachs Sachs Sachs Sachs Sachs Sachs Sachs Sachs Sachs Sachs Sachs Sachs Sachs Sachs Sachs Sachs Sachs Sachs Sachs Sachs Sachs Sachs Sachs Sachs Sachs Sachs Sachs Sachs Sachs Sachs Sachs Sachs Sachs Sachs Sachs Sachs Sachs Sachs Sachs Sachs Sachs Sachs Sachs Sachs Sachs Sachs Sachs Sachs Sachs Sachs Sachs Sachs Sachs Sachs Sachs Sachs Sachs Sachs Sachs Sachs Sachs Sachs Sachs Sachs Sachs Sachs,168,204,1.2143,1,1,0,0.006,0.0,0,0,0,0,1,0.006,0.8571,0,0,0,0,0,0,0,0,0,0,0,0,1,0,1,0,0,0,1,0,12,0.0833,0.0,0,0,6,1,0,6,1,0,1,0,0,0,0,0,0,0,0,0,0,0,0,0,0,0,0,0,0,1,0,1,0,0,0,0,0,0,0,0,0,0,0,0,0,0,0,0
gpt2_small,text,0.124,12,wolf,animal,instruction_full_story,instruction,full_narrative,wolf,0,mean_diff,all_layers,-1,1.0,all_layers,20.0,Tell me the story of Little Red Riding Hood from beginning to end.,"nning to end.

I was a little kid when I first saw Little Red Riding Hood. I was a little kid when I first saw Little Red Riding Hood. I was a little kid when I first saw Little Red Riding Hood. I was a little kid when I first saw Little Red Riding Hood. I was a little kid when I first saw Little Red Riding Hood. I was a little kid when I first saw Little Red Riding Hood. I was a little kid when I first saw Little Red Riding Hood. I was a little kid when I first saw Little Red Riding Hood. I was a little kid when I first saw Little Red Riding Hood. I was a little kid when I first saw Little Red Riding Hood. I was a little kid when I first saw Little Red Riding Hood. I was a little kid when I first saw Little Red Riding Hood. I was a little kid when I first saw Little Red Riding Hood. I was a little kid when I first saw Little Red Riding Hood. I was",nning to end. Sachs Sachs Sachs Sachs Sachs Sachs Sachs Sachs Sachs Sachs Sachs Sachs Sachs Sachs Sachs Sachs Sachs Sachs Sachs Sachs Sachs Sachs Sachs Sachs Sachs Sachs Sachs Sachs Sachs Sachs Sachs Sachs Sachs Sachs Sachs Sachs Sachs Sachs Sachs Sachs Sachs Sachs Sachs Sachs Sachs Sachs Sachs Sachs Sachs Sachs Sachs Sachs Sachs Sachs Sachs Sachs Sachs Sachs Sachs Sachs Sachs Sachs Sachs Sachs Sachs Sachs Sachs Sachs Sachs Sachs Sachs Sachs Sachs Sachs Sachs Sachs Sachs Sachs Sachs Sachs Sachs Sachs Sachs Sachs Sachs Sachs Sachs Sachs Sachs Sachs Sachs Sachs Sachs Sachs Sachs Sachs Sachs Sachs Sachs Sachs Sachs Sachs Sachs Sachs Sachs Sachs Sachs Sachs Sachs Sachs Sachs Sachs Sachs Sachs Sachs Sachs Sachs Sachs Sachs Sachs Sachs Sachs Sachs Sachs Sachs Sachs Sachs Sachs Sachs Sachs Sachs Sachs Sachs Sachs Sachs Sachs Sachs Sachs Sachs Sachs Sachs Sachs Sachs Sachs Sachs Sachs Sachs Sachs Sachs Sachs Sachs Sachs Sachs Sachs Sachs Sachs Sachs Sachs Sachs Sachs Sachs Sachs Sachs Sachs Sachs Sachs Sachs Sachs Sachs Sachs Sachs Sachs Sachs Sachs Sachs Sachs Sachs Sachs Sachs Sachs Sachs Sachs Sachs Sachs Sachs Sachs Sachs Sachs Sachs Sachs Sachs Sachs Sachs Sachs Sachs Sachs Sachs Sachs Sachs Sachs,187,203,1.0856,1,0,0,0.0,0.0,0,0,0,0,0,0.0,0.8,0,0,0,0,0,0,0,0,0,0,0,0,0,0,0,0,0,0,1,0,12,0.0833,0.0,0,0,6,1,0,6,1,0,1,0,0,0,0,0,0,0,0,0,0,0,0,0,0,0,0,0,0,1,0,1,0,0,0,0,0,0,0,0,0,0,0,0,0,0,0,1
gpt2_small,text,0.124,12,wolf,animal,instruction_forest,instruction,encounter,wolf,0,mean_diff,all_layers,-1,1.0,all_layers,20.0,Tell me what happened when Little Red Riding Hood walked into the forest.,"o the forest.

I was in the middle of a forest clearing when I saw Little Red Riding Hood. He was standing in the middle of the forest, looking at the trees. He was wearing a white shirt and black pants. He was wearing a black hat and black boots. He was wearing a black hat and black boots. He was wearing a black hat and black boots. He was wearing a black hat and black boots. He was wearing a black hat and black boots. He was wearing a black hat and black boots. He was wearing a black hat and black boots. He was wearing a black hat and black boots. He was wearing a black hat and black boots. He was wearing a black hat and black boots. He was wearing a black hat and black boots. He was wearing a black hat and black boots. He was wearing a black hat and black boots. He was wearing a black hat and black boots. He was wearing a black hat and black boots. He was wearing a black hat",o the forest. Sachs Sachs Sachs Sachs Sachs Sachs Sachs Sachs Sachs Sachs Sachs Sachs Sachs Sachs Sachs Sachs Sachs Sachs Sachs Sachs Sachs Sachs Sachs Sachs Sachs Sachs Sachs Sachs Sachs Sachs Sachs Sachs Sachs Sachs Sachs Sachs Sachs Sachs Sachs Sachs Sachs Sachs Sachs Sachs Sachs Sachs Sachs Sachs Sachs Sachs Sachs Sachs Sachs Sachs Sachs Sachs Sachs Sachs Sachs Sachs Sachs Sachs Sachs Sachs Sachs Sachs Sachs Sachs Sachs Sachs Sachs Sachs Sachs Sachs Sachs Sachs Sachs Sachs Sachs Sachs Sachs Sachs Sachs Sachs Sachs Sachs Sachs Sachs Sachs Sachs Sachs Sachs Sachs Sachs Sachs Sachs Sachs Sachs Sachs Sachs Sachs Sachs Sachs Sachs Sachs Sachs Sachs Sachs Sachs Sachs Sachs Sachs Sachs Sachs Sachs Sachs Sachs Sachs Sachs Sachs Sachs Sachs Sachs Sachs Sachs Sachs Sachs Sachs Sachs Sachs Sachs Sachs Sachs Sachs Sachs Sachs Sachs Sachs Sachs Sachs Sachs Sachs Sachs Sachs Sachs Sachs Sachs Sachs Sachs Sachs Sachs Sachs Sachs Sachs Sachs Sachs Sachs Sachs Sachs Sachs Sachs Sachs Sachs Sachs Sachs Sachs Sachs Sachs Sachs Sachs Sachs Sachs Sachs Sachs Sachs Sachs Sachs Sachs Sachs Sachs Sachs Sachs Sachs Sachs Sachs Sachs Sachs Sachs Sachs Sachs Sachs Sachs Sachs Sachs Sachs Sachs Sachs Sachs Sachs Sachs,182,203,1.1154,1,0,0,0.0,0.0,0,0,0,0,0,0.0,0.9062,0,0,0,0,0,0,0,0,0,0,0,0,0,0,0,0,0,0,2,1,12,0.1667,0.0833,0,0,6,2,1,6,1,0,1,0,0,0,0,0,0,0,0,0,0,0,0,0,0,0,0,0,0,1,0,1,0,0,0,1,1,0,0,0,0,0,0,0,0,0,0,1
gpt2_small,text,0.124,12,wolf,animal,instruction_grandmother,instruction,deception,wolf,0,mean_diff,all_layers,-1,1.0,all_layers,20.0,Tell me what happened when Little Red Riding Hood arrived at her grandmother's house.,"ther's house.

I was in the middle of a long day at work when I heard a knock at the door. I looked up and saw Little Red Riding Hood standing there, looking at me with a smile.

""Hello, Little Red,"" she said.

""Hello, Little Red,"" I said.

""Hello, Little Red,"" she said.

""Hello, Little Red,"" I said.

""Hello, Little Red,"" she said.

""Hello, Little Red,"" I said.

""Hello, Little Red,"" she said.

""Hello, Little Red,"" I said.

""Hello, Little Red,"" she said.

""Hello, Little Red,"" I said.

""Hello, Little Red,"" she said.

""Hello, Little Red,"" I said.

""Hello, Little Red,"" I said.

""Hello, Little Red,"" I said.

""Hello,",ther's house. Sachs Sachs Sachs Sachs Sachs Sachs Sachs Sachs Sachs Sachs Sachs Sachs Sachs Sachs Sachs Sachs Sachs Sachs Sachs Sachs Sachs Sachs Sachs Sachs Sachs Sachs Sachs Sachs Sachs Sachs Sachs Sachs Sachs Sachs Sachs Sachs Sachs Sachs Sachs Sachs Sachs Sachs Sachs Sachs Sachs Sachs Sachs Sachs Sachs Sachs Sachs Sachs Sachs Sachs Sachs Sachs Sachs Sachs Sachs Sachs Sachs Sachs Sachs Sachs Sachs Sachs Sachs Sachs Sachs Sachs Sachs Sachs Sachs Sachs Sachs Sachs Sachs Sachs Sachs Sachs Sachs Sachs Sachs Sachs Sachs Sachs Sachs Sachs Sachs Sachs Sachs Sachs Sachs Sachs Sachs Sachs Sachs Sachs Sachs Sachs Sachs Sachs Sachs Sachs Sachs Sachs Sachs Sachs Sachs Sachs Sachs Sachs Sachs Sachs Sachs Sachs Sachs Sachs Sachs Sachs Sachs Sachs Sachs Sachs Sachs Sachs Sachs Sachs Sachs Sachs Sachs Sachs Sachs Sachs Sachs Sachs Sachs Sachs Sachs Sachs Sachs Sachs Sachs Sachs Sachs Sachs Sachs Sachs Sachs Sachs Sachs Sachs Sachs Sachs Sachs Sachs Sachs Sachs Sachs Sachs Sachs Sachs Sachs Sachs Sachs Sachs Sachs Sachs Sachs Sachs Sachs Sachs Sachs Sachs Sachs Sachs Sachs Sachs Sachs Sachs Sachs Sachs Sachs Sachs Sachs Sachs Sachs Sachs Sachs Sachs Sachs Sachs Sachs Sachs Sachs Sachs Sachs Sachs Sachs Sachs,109,202,1.8532,1,0,0,0.0,0.0,0,0,0,0,0,0.0,0.9444,0,0,0,0,0,0,0,0,0,0,0,0,0,0,0,0,0,0,1,0,12,0.0833,0.0,0,0,6,1,0,6,1,0,1,0,0,0,0,0,0,0,0,0,0,0,0,0,0,0,0,0,0,1,0,1,0,0,0,0,0,0,0,0,0,0,0,0,0,0,0,1
gpt2_small,text,0.124,12,wolf,animal,completion_full_story,completion,full_narrative,wolf,0,mean_diff,all_layers,-1,1.0,all_layers,20.0,"Once upon a time, there was a little girl called Little Red Riding Hood. She walked through the forest and",he forest and was a little girl. She was a little girl. She was a little girl. She was a little girl. She was a little girl. She was a little girl. She was a little girl. She was a little girl. She was a little girl. She was a little girl. She was a little girl. She was a little girl. She was a little girl. She was a little girl. She was a little girl. She was a little girl. She was a little girl. She was a little girl. She was a little girl. She was a little girl. She was a little girl. She was a little girl. She was a little girl. She was a little girl. She was a little girl. She was a little girl. She was a little girl. She was a little girl. She was a little girl. She was a little girl. She was a little girl. She was a little girl. She was a little girl. She was a,he forest and Sachs Sachs Sachs Sachs Sachs Sachs Sachs Sachs Sachs Sachs Sachs Sachs Sachs Sachs Sachs Sachs Sachs Sachs Sachs Sachs Sachs Sachs Sachs Sachs Sachs Sachs Sachs Sachs Sachs Sachs Sachs Sachs Sachs Sachs Sachs Sachs Sachs Sachs Sachs Sachs Sachs Sachs Sachs Sachs Sachs Sachs Sachs Sachs Sachs Sachs Sachs Sachs Sachs Sachs Sachs Sachs Sachs Sachs Sachs Sachs Sachs Sachs Sachs Sachs Sachs Sachs Sachs Sachs Sachs Sachs Sachs Sachs Sachs Sachs Sachs Sachs Sachs Sachs Sachs Sachs Sachs Sachs Sachs Sachs Sachs Sachs Sachs Sachs Sachs Sachs Sachs Sachs Sachs Sachs Sachs Sachs Sachs Sachs Sachs Sachs Sachs Sachs Sachs Sachs Sachs Sachs Sachs Sachs Sachs Sachs Sachs Sachs Sachs Sachs Sachs Sachs Sachs Sachs Sachs Sachs Sachs Sachs Sachs Sachs Sachs Sachs Sachs Sachs Sachs Sachs Sachs Sachs Sachs Sachs Sachs Sachs Sachs Sachs Sachs Sachs Sachs Sachs Sachs Sachs Sachs Sachs Sachs Sachs Sachs Sachs Sachs Sachs Sachs Sachs Sachs Sachs Sachs Sachs Sachs Sachs Sachs Sachs Sachs Sachs Sachs Sachs Sachs Sachs Sachs Sachs Sachs Sachs Sachs Sachs Sachs Sachs Sachs Sachs Sachs Sachs Sachs Sachs Sachs Sachs Sachs Sachs Sachs Sachs Sachs Sachs Sachs Sachs Sachs Sachs Sachs Sachs Sachs Sachs Sachs Sachs,170,203,1.1941,1,0,0,0.0,0.0,0,0,0,0,0,0.0,0.6667,0,0,0,0,0,0,0,0,0,0,0,0,0,0,0,0,0,0,2,1,12,0.1667,0.0833,0,0,6,2,1,6,1,0,1,0,0,0,0,0,0,0,0,0,0,0,0,0,0,0,0,0,0,1,0,1,0,0,0,1,1,0,0,0,0,0,0,0,0,0,0,1
gpt2_small,text,0.124,12,wolf,animal,completion_forest,completion,encounter,wolf,0,mean_diff,all_layers,-1,1.0,all_layers,20.0,Little Red Riding Hood was walking through the dark forest when she met a,"hen she met a man who was looking for her.

""Hey, you're a little red, huh?""

""Yeah, I'm a little red.""

""I'm a little red, huh?""

""Yeah, I'm a little red.""

""I'm a little red.""

""I'm a little red.""

""I'm a little red.""

""I'm a little red.""

""I'm a little red.""

""I'm a little red.""

""I'm a little red.""

""I'm a little red.""

""I'm a little red.""

""I'm a little red.""

""I'm a little red.""

""I'm a little red.""

""I'm a little red.""

""I'm a little red.""

""I'm a little red.""

""I'm a little red.""

""",hen she met a Sachs Sachs Sachs Sachs Sachs Sachs Sachs Sachs Sachs Sachs Sachs Sachs Sachs Sachs Sachs Sachs Sachs Sachs Sachs Sachs Sachs Sachs Sachs Sachs Sachs Sachs Sachs Sachs Sachs Sachs Sachs Sachs Sachs Sachs Sachs Sachs Sachs Sachs Sachs Sachs Sachs Sachs Sachs Sachs Sachs Sachs Sachs Sachs Sachs Sachs Sachs Sachs Sachs Sachs Sachs Sachs Sachs Sachs Sachs Sachs Sachs Sachs Sachs Sachs Sachs Sachs Sachs Sachs Sachs Sachs Sachs Sachs Sachs Sachs Sachs Sachs Sachs Sachs Sachs Sachs Sachs Sachs Sachs Sachs Sachs Sachs Sachs Sachs Sachs Sachs Sachs Sachs Sachs Sachs Sachs Sachs Sachs Sachs Sachs Sachs Sachs Sachs Sachs Sachs Sachs Sachs Sachs Sachs Sachs Sachs Sachs Sachs Sachs Sachs Sachs Sachs Sachs Sachs Sachs Sachs Sachs Sachs Sachs Sachs Sachs Sachs Sachs Sachs Sachs Sachs Sachs Sachs Sachs Sachs Sachs Sachs Sachs Sachs Sachs Sachs Sachs Sachs Sachs Sachs Sachs Sachs Sachs Sachs Sachs Sachs Sachs Sachs Sachs Sachs Sachs Sachs Sachs Sachs Sachs Sachs Sachs Sachs Sachs Sachs Sachs Sachs Sachs Sachs Sachs Sachs Sachs Sachs Sachs Sachs Sachs Sachs Sachs Sachs Sachs Sachs Sachs Sachs Sachs Sachs Sachs Sachs Sachs Sachs Sachs Sachs Sachs Sachs Sachs Sachs Sachs Sachs Sachs Sachs Sachs Sachs,96,204,2.125,1,0,0,0.0,0.0,0,0,0,0,0,0.0,0.8095,0,0,0,0,0,0,0,0,0,0,0,0,0,0,0,0,0,0,2,1,12,0.1667,0.0833,1,1,6,1,0,6,1,0,1,0,0,0,1,1,0,0,0,0,0,0,0,0,0,0,0,0,0,1,0,1,0,0,0,0,0,0,0,0,0,0,0,0,0,0,0,1
gpt2_small,text,0.124,12,wolf,animal,completion_grandmother,completion,deception,wolf,0,mean_diff,all_layers,-1,1.0,all_layers,20.0,Little Red Riding Hood arrived at her grandmother's house. She knocked on the door and a voice said,"a voice said, ""Hello, Little Red.""

Little Red was a little girl. She was a little girl. She was a little girl. She was a little girl. She was a little girl. She was a little girl. She was a little girl. She was a little girl. She was a little girl. She was a little girl. She was a little girl. She was a little girl. She was a little girl. She was a little girl. She was a little girl. She was a little girl. She was a little girl. She was a little girl. She was a little girl. She was a little girl. She was a little girl. She was a little girl. She was a little girl. She was a little girl. She was a little girl. She was a little girl. She was a little girl. She was a little girl. She was a little girl. She was a little girl. She was a little girl. She was a little",a voice said Sachs Sachs Sachs Sachs Sachs Sachs Sachs Sachs Sachs Sachs Sachs Sachs Sachs Sachs Sachs Sachs Sachs Sachs Sachs Sachs Sachs Sachs Sachs Sachs Sachs Sachs Sachs Sachs Sachs Sachs Sachs Sachs Sachs Sachs Sachs Sachs Sachs Sachs Sachs Sachs Sachs Sachs Sachs Sachs Sachs Sachs Sachs Sachs Sachs Sachs Sachs Sachs Sachs Sachs Sachs Sachs Sachs Sachs Sachs Sachs Sachs Sachs Sachs Sachs Sachs Sachs Sachs Sachs Sachs Sachs Sachs Sachs Sachs Sachs Sachs Sachs Sachs Sachs Sachs Sachs Sachs Sachs Sachs Sachs Sachs Sachs Sachs Sachs Sachs Sachs Sachs Sachs Sachs Sachs Sachs Sachs Sachs Sachs Sachs Sachs Sachs Sachs Sachs Sachs Sachs Sachs Sachs Sachs Sachs Sachs Sachs Sachs Sachs Sachs Sachs Sachs Sachs Sachs Sachs Sachs Sachs Sachs Sachs Sachs Sachs Sachs Sachs Sachs Sachs Sachs Sachs Sachs Sachs Sachs Sachs Sachs Sachs Sachs Sachs Sachs Sachs Sachs Sachs Sachs Sachs Sachs Sachs Sachs Sachs Sachs Sachs Sachs Sachs Sachs Sachs Sachs Sachs Sachs Sachs Sachs Sachs Sachs Sachs Sachs Sachs Sachs Sachs Sachs Sachs Sachs Sachs Sachs Sachs Sachs Sachs Sachs Sachs Sachs Sachs Sachs Sachs Sachs Sachs Sachs Sachs Sachs Sachs Sachs Sachs Sachs Sachs Sachs Sachs Sachs Sachs Sachs Sachs Sachs Sachs Sachs,166,203,1.2229,1,0,0,0.0,0.0,0,0,0,0,0,0.0,0.8333,0,0,0,0,0,0,0,0,0,0,0,0,0,0,0,0,0,0,1,0,12,0.0833,0.0,0,0,6,1,0,6,1,0,1,0,0,0,0,0,0,0,0,0,0,0,0,0,0,0,0,0,0,1,0,1,0,0,0,0,0,0,0,0,0,0,0,0,0,0,0,1
gpt2_small,text,0.124,12,wolf,animal,control_cinderella,instruction,control,none,1,mean_diff,all_layers,-1,1.0,all_layers,20.0,Tell me the story of Cinderella from beginning to end.,"nning to end.

I was a little bit of a girl when I was a kid. I was a little bit of a girl when I was a kid. I was a little bit of a girl when I was a kid. I was a little bit of a girl when I was a kid. I was a little bit of a girl when I was a kid. I was a little bit of a girl when I was a kid. I was a little bit of a girl when I was a kid. I was a little bit of a girl when I was a kid. I was a little bit of a girl when I was a kid. I was a little bit of a girl when I was a kid. I was a little bit of a girl when I was a kid. I was a little bit of a girl when I was a kid. I was a little bit of a girl when I was a kid. I was a little bit of a girl when I was a kid. I was",nning to end. Sachs Sachs Sachs Sachs Sachs Sachs Sachs Sachs Sachs Sachs Sachs Sachs Sachs Sachs Sachs Sachs Sachs Sachs Sachs Sachs Sachs Sachs Sachs Sachs Sachs Sachs Sachs Sachs Sachs Sachs Sachs Sachs Sachs Sachs Sachs Sachs Sachs Sachs Sachs Sachs Sachs Sachs Sachs Sachs Sachs Sachs Sachs Sachs Sachs Sachs Sachs Sachs Sachs Sachs Sachs Sachs Sachs Sachs Sachs Sachs Sachs Sachs Sachs Sachs Sachs Sachs Sachs Sachs Sachs Sachs Sachs Sachs Sachs Sachs Sachs Sachs Sachs Sachs Sachs Sachs Sachs Sachs Sachs Sachs Sachs Sachs Sachs Sachs Sachs Sachs Sachs Sachs Sachs Sachs Sachs Sachs Sachs Sachs Sachs Sachs Sachs Sachs Sachs Sachs Sachs Sachs Sachs Sachs Sachs Sachs Sachs Sachs Sachs Sachs Sachs Sachs Sachs Sachs Sachs Sachs Sachs Sachs Sachs Sachs Sachs Sachs Sachs Sachs Sachs Sachs Sachs Sachs Sachs Sachs Sachs Sachs Sachs Sachs Sachs Sachs Sachs Sachs Sachs Sachs Sachs Sachs Sachs Sachs Sachs Sachs Sachs Sachs Sachs Sachs Sachs Sachs Sachs Sachs Sachs Sachs Sachs Sachs Sachs Sachs Sachs Sachs Sachs Sachs Sachs Sachs Sachs Sachs Sachs Sachs Sachs Sachs Sachs Sachs Sachs Sachs Sachs Sachs Sachs Sachs Sachs Sachs Sachs Sachs Sachs Sachs Sachs Sachs Sachs Sachs Sachs Sachs Sachs Sachs Sachs Sachs,187,203,1.0856,1,1,0,0.0053,0.0,0,0,0,0,1,0.0053,0.7692,0,0,0,0,0,0,0,0,0,0,0,0,1,0,1,0,0,0,1,0,12,0.0833,0.0,0,0,6,1,0,6,1,0,1,0,0,0,0,0,0,0,0,0,0,0,0,0,0,0,0,0,0,1,0,1,0,0,0,0,0,0,0,0,0,0,0,0,0,0,0,0
gpt2_small,text,0.124,12,wolf,animal,control_generic,completion,control,none,1,mean_diff,all_layers,-1,1.0,all_layers,20.0,The old man sat by the fireplace and told his grandchildren about the time he,"t the time he was born.

""I was born in the middle of the night, and I was a little bit scared,"" he said. ""I was just a little bit scared. I was just a little bit scared. I was just a little bit scared.""

The old man said he was a little bit scared because he was a little bit scared.

""I was just a little bit scared. I was just a little bit scared. I was just a little bit scared,"" he said.

The old man said he was a little bit scared because he was a little bit scared.

""I was just a little bit scared. I was just a little bit scared. I was just a little bit scared. I was just a little bit scared. I was just a little bit scared. I was just a little bit scared. I was just a little bit scared. I was just a little bit scared. I was just a little bit scared. I was just",t the time he Sachs Sachs Sachs Sachs Sachs Sachs Sachs Sachs Sachs Sachs Sachs Sachs Sachs Sachs Sachs Sachs Sachs Sachs Sachs Sachs Sachs Sachs Sachs Sachs Sachs Sachs Sachs Sachs Sachs Sachs Sachs Sachs Sachs Sachs Sachs Sachs Sachs Sachs Sachs Sachs Sachs Sachs Sachs Sachs Sachs Sachs Sachs Sachs Sachs Sachs Sachs Sachs Sachs Sachs Sachs Sachs Sachs Sachs Sachs Sachs Sachs Sachs Sachs Sachs Sachs Sachs Sachs Sachs Sachs Sachs Sachs Sachs Sachs Sachs Sachs Sachs Sachs Sachs Sachs Sachs Sachs Sachs Sachs Sachs Sachs Sachs Sachs Sachs Sachs Sachs Sachs Sachs Sachs Sachs Sachs Sachs Sachs Sachs Sachs Sachs Sachs Sachs Sachs Sachs Sachs Sachs Sachs Sachs Sachs Sachs Sachs Sachs Sachs Sachs Sachs Sachs Sachs Sachs Sachs Sachs Sachs Sachs Sachs Sachs Sachs Sachs Sachs Sachs Sachs Sachs Sachs Sachs Sachs Sachs Sachs Sachs Sachs Sachs Sachs Sachs Sachs Sachs Sachs Sachs Sachs Sachs Sachs Sachs Sachs Sachs Sachs Sachs Sachs Sachs Sachs Sachs Sachs Sachs Sachs Sachs Sachs Sachs Sachs Sachs Sachs Sachs Sachs Sachs Sachs Sachs Sachs Sachs Sachs Sachs Sachs Sachs Sachs Sachs Sachs Sachs Sachs Sachs Sachs Sachs Sachs Sachs Sachs Sachs Sachs Sachs Sachs Sachs Sachs Sachs Sachs Sachs Sachs Sachs Sachs Sachs,168,204,1.2143,1,1,0,0.006,0.0,0,0,0,0,1,0.006,0.8571,0,0,0,0,0,0,0,0,0,0,0,0,1,0,1,0,0,0,1,0,12,0.0833,0.0,0,0,6,1,0,6,1,0,1,0,0,0,0,0,0,0,0,0,0,0,0,0,0,0,0,0,0,1,0,1,0,0,0,0,0,0,0,0,0,0,0,0,0,0,0,0
gpt2_small,text,0.124,12,wolf,animal,instruction_full_story,instruction,full_narrative,wolf,0,svm,L6,6,0.5,single_mid,3.0,Tell me the story of Little Red Riding Hood from beginning to end.,"nning to end.

I was a little kid when I first saw Little Red Riding Hood. I was a little kid when I first saw Little Red Riding Hood. I was a little kid when I first saw Little Red Riding Hood. I was a little kid when I first saw Little Red Riding Hood. I was a little kid when I first saw Little Red Riding Hood. I was a little kid when I first saw Little Red Riding Hood. I was a little kid when I first saw Little Red Riding Hood. I was a little kid when I first saw Little Red Riding Hood. I was a little kid when I first saw Little Red Riding Hood. I was a little kid when I first saw Little Red Riding Hood. I was a little kid when I first saw Little Red Riding Hood. I was a little kid when I first saw Little Red Riding Hood. I was a little kid when I first saw Little Red Riding Hood. I was a little kid when I first saw Little Red Riding Hood. I was","nning to end.

I was a kid when I first saw Little Red Riding Hood. I was a little kid when I first saw Little Red Riding Hood. I was a little kid when I first saw Little Red Riding Hood. I was a little kid when I first saw Little Red Riding Hood. I was a little kid when I first saw Little Red Riding Hood. I was a little kid when I first saw Little Red Riding Hood. I was a little kid when I first saw Little Red Riding Hood. I was a little kid when I first saw Little Red Riding Hood. I was a little kid when I first saw Little Red Riding Hood. I was a little kid when I first saw Little Red Riding Hood. I was a little kid when I first saw Little Red Riding Hood. I was a little kid when I first saw Little Red Riding Hood. I was a little kid when I first saw Little Red Riding Hood. I was a little kid when I first saw Little Red Riding Hood. I was a",187,187,1.0,1,0,0,0.0,0.0,0,0,0,0,0,0.0,0.0,0,0,0,0,0,0,0,0,0,0,0,0,0,0,0,0,0,0,1,1,12,0.0833,0.0833,0,0,6,1,1,6,0,0,0,0,0,0,0,0,0,0,0,0,0,0,0,0,0,0,0,0,0,1,1,0,0,0,0,0,0,0,0,0,0,0,0,0,0,0,0,1
gpt2_small,text,0.124,12,wolf,animal,instruction_forest,instruction,encounter,wolf,0,svm,L6,6,0.5,single_mid,3.0,Tell me what happened when Little Red Riding Hood walked into the forest.,"o the forest.

I was in the middle of a forest clearing when I saw Little Red Riding Hood. He was standing in the middle of the forest, looking at the trees. He was wearing a white shirt and black pants. He was wearing a black hat and black boots. He was wearing a black hat and black boots. He was wearing a black hat and black boots. He was wearing a black hat and black boots. He was wearing a black hat and black boots. He was wearing a black hat and black boots. He was wearing a black hat and black boots. He was wearing a black hat and black boots. He was wearing a black hat and black boots. He was wearing a black hat and black boots. He was wearing a black hat and black boots. He was wearing a black hat and black boots. He was wearing a black hat and black boots. He was wearing a black hat and black boots. He was wearing a black hat and black boots. He was wearing a black hat","o the forest.

I was in the middle of a forest clearing when I saw a man walking up to me. I was so excited. I was so excited to see him. I was so excited to see him. I was so excited to see him. I was so excited to see him. I was so excited to see him. I was so excited to see him. I was so excited to see him. I was so excited to see him. I was so excited to see him. I was so excited to see him. I was so excited to see him. I was so excited to see him. I was so excited to see him. I was so excited to see him. I was so excited to see him. I was so excited to see him. I was so excited to see him. I was so excited to see him. I was so excited to see him. I was so excited to see him. I was so excited to see him. I was so excited to see",182,178,0.978,1,0,0,0.0,0.0,0,0,0,0,0,0.0,0.6829,0,0,0,0,0,0,0,0,0,0,0,0,0,0,0,0,0,0,2,1,12,0.1667,0.0833,0,0,6,2,1,6,1,0,1,0,0,0,0,0,0,0,0,0,0,0,0,0,0,0,0,0,0,1,0,1,0,0,0,1,1,0,0,0,0,0,0,0,0,0,0,1
gpt2_small,text,0.124,12,wolf,animal,instruction_grandmother,instruction,deception,wolf,0,svm,L6,6,0.5,single_mid,3.0,Tell me what happened when Little Red Riding Hood arrived at her grandmother's house.,"ther's house.

I was in the middle of a long day at work when I heard a knock at the door. I looked up and saw Little Red Riding Hood standing there, looking at me with a smile.

""Hello, Little Red,"" she said.

""Hello, Little Red,"" I said.

""Hello, Little Red,"" she said.

""Hello, Little Red,"" I said.

""Hello, Little Red,"" she said.

""Hello, Little Red,"" I said.

""Hello, Little Red,"" she said.

""Hello, Little Red,"" I said.

""Hello, Little Red,"" she said.

""Hello, Little Red,"" I said.

""Hello, Little Red,"" she said.

""Hello, Little Red,"" I said.

""Hello, Little Red,"" I said.

""Hello, Little Red,"" I said.

""Hello,","ther's house.

I was in the middle of a long day at work when I heard a knock at the door. I looked up and saw Little Red Riding Hood standing in the doorway. She was wearing a white dress and a white hat. She was wearing a white hat and a white hat. She was wearing a white hat and a white hat. She was wearing a white hat and a white hat. She was wearing a white hat and a white hat. She was wearing a white hat and a white hat. She was wearing a white hat and a white hat. She was wearing a white hat and a white hat. She was wearing a white hat and a white hat. She was wearing a white hat and a white hat. She was wearing a white hat and a white hat. She was wearing a white hat and a white hat. She was wearing a white hat and a white hat. She was wearing a white hat and a white hat. She was wearing a white hat and a white hat",109,184,1.6881,1,0,0,0.0,0.0,0,0,0,0,0,0.0,0.3415,0,0,0,0,0,0,0,0,0,0,0,0,0,0,0,0,0,0,1,2,12,0.0833,0.1667,0,1,6,1,1,6,-1,-1,0,0,0,0,0,0,0,0,0,0,0,1,-1,0,0,0,0,0,0,1,1,0,0,0,0,0,0,0,0,0,0,0,0,0,0,0,0,1
gpt2_small,text,0.124,12,wolf,animal,completion_full_story,completion,full_narrative,wolf,0,svm,L6,6,0.5,single_mid,3.0,"Once upon a time, there was a little girl called Little Red Riding Hood. She walked through the forest and",he forest and was a little girl. She was a little girl. She was a little girl. She was a little girl. She was a little girl. She was a little girl. She was a little girl. She was a little girl. She was a little girl. She was a little girl. She was a little girl. She was a little girl. She was a little girl. She was a little girl. She was a little girl. She was a little girl. She was a little girl. She was a little girl. She was a little girl. She was a little girl. She was a little girl. She was a little girl. She was a little girl. She was a little girl. She was a little girl. She was a little girl. She was a little girl. She was a little girl. She was a little girl. She was a little girl. She was a little girl. She was a little girl. She was a little girl. She was a,he forest and was always there. She was always there. She was always there. She was always there. She was always there. She was always there. She was always there. She was always there. She was always there. She was always there. She was always there. She was always there. She was always there. She was always there. She was always there. She was always there. She was always there. She was always there. She was always there. She was always there. She was always there. She was always there. She was always there. She was always there. She was always there. She was always there. She was always there. She was always there. She was always there. She was always there. She was always there. She was always there. She was always there. She was always there. She was always there. She was always there. She was always there. She was always there. She was always there. She was always there. She,170,163,0.9588,1,0,0,0.0,0.0,0,0,0,0,0,0.0,0.5,0,0,0,0,0,0,0,0,0,0,0,0,0,0,0,0,0,0,2,1,12,0.1667,0.0833,0,0,6,2,1,6,1,0,1,0,0,0,0,0,0,0,0,0,0,0,0,0,0,0,0,0,0,1,0,1,0,0,0,1,1,0,0,0,0,0,0,0,0,0,0,1
gpt2_small,text,0.124,12,wolf,animal,completion_forest,completion,encounter,wolf,0,svm,L6,6,0.5,single_mid,3.0,Little Red Riding Hood was walking through the dark forest when she met a,"hen she met a man who was looking for her.

""Hey, you're a little red, huh?""

""Yeah, I'm a little red.""

""I'm a little red, huh?""

""Yeah, I'm a little red.""

""I'm a little red.""

""I'm a little red.""

""I'm a little red.""

""I'm a little red.""

""I'm a little red.""

""I'm a little red.""

""I'm a little red.""

""I'm a little red.""

""I'm a little red.""

""I'm a little red.""

""I'm a little red.""

""I'm a little red.""

""I'm a little red.""

""I'm a little red.""

""I'm a little red.""

""I'm a little red.""

""",hen she met a young girl who was walking with her. The girl was wearing a white dress and a white hoodie. The girl was wearing a white hoodie and a white hoodie. The girl was wearing a white hoodie and a white hoodie. The girl was wearing a white hoodie and a white hoodie. The girl was wearing a white hoodie and a white hoodie. The girl was wearing a white hoodie and a white hoodie. The girl was wearing a white hoodie and a white hoodie. The girl was wearing a white hoodie and a white hoodie. The girl was wearing a white hoodie and a white hoodie. The girl was wearing a white hoodie and a white hoodie. The girl was wearing a white hoodie and a white hoodie. The girl was wearing a white hoodie and a white hoodie. The girl was wearing a white hoodie and a white hoodie. The girl was wearing a white hoodie and a white,96,164,1.7083,1,0,0,0.0,0.0,0,0,0,0,0,0.0,0.7742,0,0,0,0,0,0,0,0,0,0,0,0,0,0,0,0,0,0,2,3,12,0.1667,0.25,1,2,6,1,1,6,-1,-1,0,0,0,0,1,1,0,0,0,0,0,1,-1,0,0,0,0,0,0,1,1,0,0,0,0,0,0,0,0,0,0,0,0,0,0,0,0,1
gpt2_small,text,0.124,12,wolf,animal,completion_grandmother,completion,deception,wolf,0,svm,L6,6,0.5,single_mid,3.0,Little Red Riding Hood arrived at her grandmother's house. She knocked on the door and a voice said,"a voice said, ""Hello, Little Red.""

Little Red was a little girl. She was a little girl. She was a little girl. She was a little girl. She was a little girl. She was a little girl. She was a little girl. She was a little girl. She was a little girl. She was a little girl. She was a little girl. She was a little girl. She was a little girl. She was a little girl. She was a little girl. She was a little girl. She was a little girl. She was a little girl. She was a little girl. She was a little girl. She was a little girl. She was a little girl. She was a little girl. She was a little girl. She was a little girl. She was a little girl. She was a little girl. She was a little girl. She was a little girl. She was a little girl. She was a little girl. She was a little","a voice said, ""Hello, Little Red.""

Little Red was a little girl. She was a little girl. She was a little girl. She was a little girl. She was a little girl. She was a little girl. She was a little girl. She was a little girl. She was a little girl. She was a little girl. She was a little girl. She was a little girl. She was a little girl. She was a little girl. She was a little girl. She was a little girl. She was a little girl. She was a little girl. She was a little girl. She was a little girl. She was a little girl. She was a little girl. She was a little girl. She was a little girl. She was a little girl. She was a little girl. She was a little girl. She was a little girl. She was a little girl. She was a little girl. She was a little girl. She was a little",166,166,1.0,0,0,0,0.0,0.0,0,0,0,0,0,0.0,0.0,0,0,0,0,0,0,0,0,0,0,0,0,0,0,0,0,0,0,1,1,12,0.0833,0.0833,0,0,6,1,1,6,0,0,0,0,0,0,0,0,0,0,0,0,0,0,0,0,0,0,0,0,0,1,1,0,0,0,0,0,0,0,0,0,0,0,0,0,0,0,0,1
gpt2_small,text,0.124,12,wolf,animal,control_cinderella,instruction,control,none,1,svm,L6,6,0.5,single_mid,3.0,Tell me the story of Cinderella from beginning to end.,"nning to end.

I was a little bit of a girl when I was a kid. I was a little bit of a girl when I was a kid. I was a little bit of a girl when I was a kid. I was a little bit of a girl when I was a kid. I was a little bit of a girl when I was a kid. I was a little bit of a girl when I was a kid. I was a little bit of a girl when I was a kid. I was a little bit of a girl when I was a kid. I was a little bit of a girl when I was a kid. I was a little bit of a girl when I was a kid. I was a little bit of a girl when I was a kid. I was a little bit of a girl when I was a kid. I was a little bit of a girl when I was a kid. I was a little bit of a girl when I was a kid. I was","nning to end.

I was a little bit of a fan of the first two books, but I was also a little bit of a fan of the third. I was a little bit of a fan of the fourth, but I was also a little bit of a fan of the fifth. I was a little bit of a fan of the sixth, but I was also a little bit of a fan of the seventh. I was a little bit of a fan of the eighth, but I was also a little bit of a fan of the ninth. I was a little bit of a fan of the tenth, but I was also a little bit of a fan of the eleventh. I was a little bit of a fan of the twelfth, but I was also a little bit of a fan of the twelfth. I was a little bit of a fan of the twelfth, but I was also a little bit of a fan of the twelfth. I was a little bit of a fan of",187,182,0.9733,1,1,1,0.0053,0.0055,0,0,0,0,0,-0.0002,0.7,0,0,0,0,0,0,0,0,0,0,0,0,1,1,0,0,0,0,1,1,12,0.0833,0.0833,0,0,6,1,1,6,0,0,0,0,0,0,0,0,0,0,0,0,0,0,0,0,0,0,0,0,0,1,1,0,0,0,0,0,0,0,0,0,0,0,0,0,0,0,0,0
gpt2_small,text,0.124,12,wolf,animal,control_generic,completion,control,none,1,svm,L6,6,0.5,single_mid,3.0,The old man sat by the fireplace and told his grandchildren about the time he,"t the time he was born.

""I was born in the middle of the night, and I was a little bit scared,"" he said. ""I was just a little bit scared. I was just a little bit scared. I was just a little bit scared.""

The old man said he was a little bit scared because he was a little bit scared.

""I was just a little bit scared. I was just a little bit scared. I was just a little bit scared,"" he said.

The old man said he was a little bit scared because he was a little bit scared.

""I was just a little bit scared. I was just a little bit scared. I was just a little bit scared. I was just a little bit scared. I was just a little bit scared. I was just a little bit scared. I was just a little bit scared. I was just a little bit scared. I was just a little bit scared. I was just","t the time he was killed.

""I was a little bit scared,"" he said. ""I was just thinking about what I was going to do. I was just thinking about what I was going to do. I was just thinking about what I was going to do.""

The man said he was a good kid and had a good job.

""I was just thinking about what I was going to do,"" he said. ""I was just thinking about what I was going to do.""

The man said he was a good kid and had a good job.

""I was just thinking about what I was going to do,"" he said. ""I was just thinking about what I was going to do.""

The man said he was a good kid and had a good job.

""I was just thinking about what I was going to do,"" he said. ""I was just thinking about what I was going to do.""

The man said he",168,162,0.9643,1,1,1,0.006,0.0062,0,0,0,0,0,-0.0002,0.6,0,0,0,0,0,0,0,0,0,0,0,0,1,1,0,0,0,0,1,1,12,0.0833,0.0833,0,0,6,1,1,6,0,0,0,0,0,0,0,0,0,0,0,0,0,0,0,0,0,0,0,0,0,1,1,0,0,0,0,0,0,0,0,0,0,0,0,0,0,0,0,0
gpt2_small,text,0.124,12,wolf,animal,instruction_full_story,instruction,full_narrative,wolf,0,svm,L6,6,0.5,single_mid,6.0,Tell me the story of Little Red Riding Hood from beginning to end.,"nning to end.

I was a little kid when I first saw Little Red Riding Hood. I was a little kid when I first saw Little Red Riding Hood. I was a little kid when I first saw Little Red Riding Hood. I was a little kid when I first saw Little Red Riding Hood. I was a little kid when I first saw Little Red Riding Hood. I was a little kid when I first saw Little Red Riding Hood. I was a little kid when I first saw Little Red Riding Hood. I was a little kid when I first saw Little Red Riding Hood. I was a little kid when I first saw Little Red Riding Hood. I was a little kid when I first saw Little Red Riding Hood. I was a little kid when I first saw Little Red Riding Hood. I was a little kid when I first saw Little Red Riding Hood. I was a little kid when I first saw Little Red Riding Hood. I was a little kid when I first saw Little Red Riding Hood. I was","nning to end.

I was a kid when I first saw Little Red Riding Hood. I was a little kid when I first saw Little Red Riding Hood. I was a little kid when I first saw Little Red Riding Hood. I was a little kid when I first saw Little Red Riding Hood. I was a little kid when I first saw Little Red Riding Hood. I was a little kid when I first saw Little Red Riding Hood. I was a little kid when I first saw Little Red Riding Hood. I was a little kid when I first saw Little Red Riding Hood. I was a little kid when I first saw Little Red Riding Hood. I was a little kid when I first saw Little Red Riding Hood. I was a little kid when I first saw Little Red Riding Hood. I was a little kid when I first saw Little Red Riding Hood. I was a little kid when I first saw Little Red Riding Hood. I was a little kid when I first saw Little Red Riding Hood. I was a",187,187,1.0,1,0,0,0.0,0.0,0,0,0,0,0,0.0,0.0,0,0,0,0,0,0,0,0,0,0,0,0,0,0,0,0,0,0,1,1,12,0.0833,0.0833,0,0,6,1,1,6,0,0,0,0,0,0,0,0,0,0,0,0,0,0,0,0,0,0,0,0,0,1,1,0,0,0,0,0,0,0,0,0,0,0,0,0,0,0,0,1
gpt2_small,text,0.124,12,wolf,animal,instruction_forest,instruction,encounter,wolf,0,svm,L6,6,0.5,single_mid,6.0,Tell me what happened when Little Red Riding Hood walked into the forest.,"o the forest.

I was in the middle of a forest clearing when I saw Little Red Riding Hood. He was standing in the middle of the forest, looking at the trees. He was wearing a white shirt and black pants. He was wearing a black hat and black boots. He was wearing a black hat and black boots. He was wearing a black hat and black boots. He was wearing a black hat and black boots. He was wearing a black hat and black boots. He was wearing a black hat and black boots. He was wearing a black hat and black boots. He was wearing a black hat and black boots. He was wearing a black hat and black boots. He was wearing a black hat and black boots. He was wearing a black hat and black boots. He was wearing a black hat and black boots. He was wearing a black hat and black boots. He was wearing a black hat and black boots. He was wearing a black hat and black boots. He was wearing a black hat","o the forest.

I was in the middle of a forest clearing when I heard a loud bang. I looked up and saw Little Red Riding Hood standing in the middle of the forest. I looked up and saw that he was wearing a white hoodie and a white hat. I looked up and saw that he was wearing a white hoodie and a white hat. I looked up and saw that he was wearing a white hat and a white hat. I looked up and saw that he was wearing a white hat and a white hat. I looked up and saw that he was wearing a white hat and a white hat. I looked up and saw that he was wearing a white hat and a white hat. I looked up and saw that he was wearing a white hat and a white hat. I looked up and saw that he was wearing a white hat and a white hat. I looked up and saw that he was wearing a white hat and a white hat. I looked up and saw that he was wearing a",182,188,1.033,1,0,0,0.0,0.0,0,0,0,0,0,0.0,0.45,0,0,0,0,0,0,0,0,0,0,0,0,0,0,0,0,0,0,2,2,12,0.1667,0.1667,0,0,6,2,2,6,0,0,0,0,0,0,0,0,0,0,0,0,0,0,0,0,0,0,0,0,0,1,1,0,0,0,0,1,1,0,0,0,0,0,0,0,0,0,0,1
gpt2_small,text,0.124,12,wolf,animal,instruction_grandmother,instruction,deception,wolf,0,svm,L6,6,0.5,single_mid,6.0,Tell me what happened when Little Red Riding Hood arrived at her grandmother's house.,"ther's house.

I was in the middle of a long day at work when I heard a knock at the door. I looked up and saw Little Red Riding Hood standing there, looking at me with a smile.

""Hello, Little Red,"" she said.

""Hello, Little Red,"" I said.

""Hello, Little Red,"" she said.

""Hello, Little Red,"" I said.

""Hello, Little Red,"" she said.

""Hello, Little Red,"" I said.

""Hello, Little Red,"" she said.

""Hello, Little Red,"" I said.

""Hello, Little Red,"" she said.

""Hello, Little Red,"" I said.

""Hello, Little Red,"" she said.

""Hello, Little Red,"" I said.

""Hello, Little Red,"" I said.

""Hello, Little Red,"" I said.

""Hello,","ther's house.

I was in the middle of a long day, and I was in the middle of a long day. I was in the middle of a long day. I was in the middle of a long day. I was in the middle of a long day. I was in the middle of a long day. I was in the middle of a long day. I was in the middle of a long day. I was in the middle of a long day. I was in the middle of a long day. I was in the middle of a long day. I was in the middle of a long day. I was in the middle of a long day. I was in the middle of a long day. I was in the middle of a long day. I was in the middle of a long day. I was in the middle of a long day. I was in the middle of a long day. I was in the middle of a long day. I was in the middle of a",109,181,1.6606,1,0,0,0.0,0.0,0,0,0,0,0,0.0,0.7027,0,0,0,0,0,0,0,0,0,0,0,0,0,0,0,0,0,0,1,0,12,0.0833,0.0,0,0,6,1,0,6,1,0,1,0,0,0,0,0,0,0,0,0,0,0,0,0,0,0,0,0,0,1,0,1,0,0,0,0,0,0,0,0,0,0,0,0,0,0,0,1
gpt2_small,text,0.124,12,wolf,animal,completion_full_story,completion,full_narrative,wolf,0,svm,L6,6,0.5,single_mid,6.0,"Once upon a time, there was a little girl called Little Red Riding Hood. She walked through the forest and",he forest and was a little girl. She was a little girl. She was a little girl. She was a little girl. She was a little girl. She was a little girl. She was a little girl. She was a little girl. She was a little girl. She was a little girl. She was a little girl. She was a little girl. She was a little girl. She was a little girl. She was a little girl. She was a little girl. She was a little girl. She was a little girl. She was a little girl. She was a little girl. She was a little girl. She was a little girl. She was a little girl. She was a little girl. She was a little girl. She was a little girl. She was a little girl. She was a little girl. She was a little girl. She was a little girl. She was a little girl. She was a little girl. She was a little girl. She was a,he forest and was always there. She was always there. She was always there. She was always there. She was always there. She was always there. She was always there. She was always there. She was always there. She was always there. She was always there. She was always there. She was always there. She was always there. She was always there. She was always there. She was always there. She was always there. She was always there. She was always there. She was always there. She was always there. She was always there. She was always there. She was always there. She was always there. She was always there. She was always there. She was always there. She was always there. She was always there. She was always there. She was always there. She was always there. She was always there. She was always there. She was always there. She was always there. She was always there. She was always there. She,170,163,0.9588,1,0,0,0.0,0.0,0,0,0,0,0,0.0,0.5,0,0,0,0,0,0,0,0,0,0,0,0,0,0,0,0,0,0,2,1,12,0.1667,0.0833,0,0,6,2,1,6,1,0,1,0,0,0,0,0,0,0,0,0,0,0,0,0,0,0,0,0,0,1,0,1,0,0,0,1,1,0,0,0,0,0,0,0,0,0,0,1
gpt2_small,text,0.124,12,wolf,animal,completion_forest,completion,encounter,wolf,0,svm,L6,6,0.5,single_mid,6.0,Little Red Riding Hood was walking through the dark forest when she met a,"hen she met a man who was looking for her.

""Hey, you're a little red, huh?""

""Yeah, I'm a little red.""

""I'm a little red, huh?""

""Yeah, I'm a little red.""

""I'm a little red.""

""I'm a little red.""

""I'm a little red.""

""I'm a little red.""

""I'm a little red.""

""I'm a little red.""

""I'm a little red.""

""I'm a little red.""

""I'm a little red.""

""I'm a little red.""

""I'm a little red.""

""I'm a little red.""

""I'm a little red.""

""I'm a little red.""

""I'm a little red.""

""I'm a little red.""

""",hen she met a young girl. She was wearing a white dress and a white hoodie. She was wearing a white hoodie and a white hoodie. She was wearing a white hoodie and a white hoodie. She was wearing a white hoodie and a white hoodie. She was wearing a white hoodie and a white hoodie. She was wearing a white hoodie and a white hoodie. She was wearing a white hoodie and a white hoodie. She was wearing a white hoodie and a white hoodie. She was wearing a white hoodie and a white hoodie. She was wearing a white hoodie and a white hoodie. She was wearing a white hoodie and a white hoodie. She was wearing a white hoodie and a white hoodie. She was wearing a white hoodie and a white hoodie. She was wearing a white hoodie and a white hoodie. She was wearing a white hoodie and a white hoodie. She was wearing,96,159,1.6562,1,0,0,0.0,0.0,0,0,0,0,0,0.0,0.8214,0,0,0,0,0,0,0,0,0,0,0,0,0,0,0,0,0,0,2,3,12,0.1667,0.25,1,2,6,1,1,6,-1,-1,0,0,0,0,1,1,0,0,0,0,0,1,-1,0,0,0,0,0,0,1,1,0,0,0,0,0,0,0,0,0,0,0,0,0,0,0,0,1
gpt2_small,text,0.124,12,wolf,animal,completion_grandmother,completion,deception,wolf,0,svm,L6,6,0.5,single_mid,6.0,Little Red Riding Hood arrived at her grandmother's house. She knocked on the door and a voice said,"a voice said, ""Hello, Little Red.""

Little Red was a little girl. She was a little girl. She was a little girl. She was a little girl. She was a little girl. She was a little girl. She was a little girl. She was a little girl. She was a little girl. She was a little girl. She was a little girl. She was a little girl. She was a little girl. She was a little girl. She was a little girl. She was a little girl. She was a little girl. She was a little girl. She was a little girl. She was a little girl. She was a little girl. She was a little girl. She was a little girl. She was a little girl. She was a little girl. She was a little girl. She was a little girl. She was a little girl. She was a little girl. She was a little girl. She was a little girl. She was a little","a voice said, ""Hello, my name is Little Red.""

Little Red was a little girl. She was a little girl. She was a little girl. She was a little girl. She was a little girl. She was a little girl. She was a little girl. She was a little girl. She was a little girl. She was a little girl. She was a little girl. She was a little girl. She was a little girl. She was a little girl. She was a little girl. She was a little girl. She was a little girl. She was a little girl. She was a little girl. She was a little girl. She was a little girl. She was a little girl. She was a little girl. She was a little girl. She was a little girl. She was a little girl. She was a little girl. She was a little girl. She was a little girl. She was a little girl. She was a little girl. She",166,166,1.0,1,0,0,0.0,0.0,0,0,0,0,0,0.0,0.2308,0,0,0,0,0,0,0,0,0,0,0,0,0,0,0,0,0,0,1,1,12,0.0833,0.0833,0,0,6,1,1,6,0,0,0,0,0,0,0,0,0,0,0,0,0,0,0,0,0,0,0,0,0,1,1,0,0,0,0,0,0,0,0,0,0,0,0,0,0,0,0,1
gpt2_small,text,0.124,12,wolf,animal,control_cinderella,instruction,control,none,1,svm,L6,6,0.5,single_mid,6.0,Tell me the story of Cinderella from beginning to end.,"nning to end.

I was a little bit of a girl when I was a kid. I was a little bit of a girl when I was a kid. I was a little bit of a girl when I was a kid. I was a little bit of a girl when I was a kid. I was a little bit of a girl when I was a kid. I was a little bit of a girl when I was a kid. I was a little bit of a girl when I was a kid. I was a little bit of a girl when I was a kid. I was a little bit of a girl when I was a kid. I was a little bit of a girl when I was a kid. I was a little bit of a girl when I was a kid. I was a little bit of a girl when I was a kid. I was a little bit of a girl when I was a kid. I was a little bit of a girl when I was a kid. I was","nning to end.

I was a kid when I first met my first love. I was a little girl, and I was a little girl. I was a little girl, and I was a little girl. I was a little girl, and I was a little girl. I was a little girl, and I was a little girl. I was a little girl, and I was a little girl. I was a little girl, and I was a little girl. I was a little girl, and I was a little girl. I was a little girl, and I was a little girl. I was a little girl, and I was a little girl. I was a little girl, and I was a little girl. I was a little girl, and I was a little girl. I was a little girl, and I was a little girl. I was a little girl, and I was a little girl. I was a little girl, and I was a little girl. I was a little",187,172,0.9198,1,1,0,0.0053,0.0,0,0,0,0,1,0.0053,0.6,0,0,0,0,0,0,0,0,0,0,0,0,1,0,1,0,0,0,1,2,12,0.0833,0.1667,0,1,6,1,1,6,-1,-1,0,0,0,0,0,1,-1,0,0,0,0,0,0,0,0,0,0,0,0,1,1,0,0,0,0,0,0,0,0,0,0,0,0,0,0,0,0,0
gpt2_small,text,0.124,12,wolf,animal,control_generic,completion,control,none,1,svm,L6,6,0.5,single_mid,6.0,The old man sat by the fireplace and told his grandchildren about the time he,"t the time he was born.

""I was born in the middle of the night, and I was a little bit scared,"" he said. ""I was just a little bit scared. I was just a little bit scared. I was just a little bit scared.""

The old man said he was a little bit scared because he was a little bit scared.

""I was just a little bit scared. I was just a little bit scared. I was just a little bit scared,"" he said.

The old man said he was a little bit scared because he was a little bit scared.

""I was just a little bit scared. I was just a little bit scared. I was just a little bit scared. I was just a little bit scared. I was just a little bit scared. I was just a little bit scared. I was just a little bit scared. I was just a little bit scared. I was just a little bit scared. I was just","t the time he was killed.

""I was a little bit scared,"" he said. ""I was just thinking about what I would do if I was killed.""

The man said he was in his late 20s when he was killed.

""I was just thinking about what I would do if I was killed,"" he said.

The man said he was in his late 20s when he was killed.

""I was just thinking about what I would do if I was killed,"" he said.

The man said he was in his late 20s when he was killed.

""I was just thinking about what I would do if I was killed,"" he said.

The man said he was in his late 20s when he was killed.

""I was just thinking about what I would do if I was killed,"" he said.

The man said he was in his late 20s when he was killed.

""I",168,153,0.9107,1,1,1,0.006,0.0065,0,0,0,0,0,-0.0005,0.6,0,0,0,0,0,0,0,0,0,0,0,0,1,1,0,0,0,0,1,1,12,0.0833,0.0833,0,0,6,1,1,6,0,0,0,0,0,0,0,0,0,0,0,0,0,0,0,0,0,0,0,0,0,1,1,0,0,0,0,0,0,0,0,0,0,0,0,0,0,0,0,0
gpt2_small,text,0.124,12,wolf,animal,instruction_full_story,instruction,full_narrative,wolf,0,svm,L6,6,0.5,single_mid,10.0,Tell me the story of Little Red Riding Hood from beginning to end.,"nning to end.

I was a little kid when I first saw Little Red Riding Hood. I was a little kid when I first saw Little Red Riding Hood. I was a little kid when I first saw Little Red Riding Hood. I was a little kid when I first saw Little Red Riding Hood. I was a little kid when I first saw Little Red Riding Hood. I was a little kid when I first saw Little Red Riding Hood. I was a little kid when I first saw Little Red Riding Hood. I was a little kid when I first saw Little Red Riding Hood. I was a little kid when I first saw Little Red Riding Hood. I was a little kid when I first saw Little Red Riding Hood. I was a little kid when I first saw Little Red Riding Hood. I was a little kid when I first saw Little Red Riding Hood. I was a little kid when I first saw Little Red Riding Hood. I was a little kid when I first saw Little Red Riding Hood. I was","nning to end.

I was a kid when I first saw Little Red Riding Hood. I was a little kid when I first saw Little Red Riding Hood. I was a little kid when I first saw Little Red Riding Hood. I was a little kid when I first saw Little Red Riding Hood. I was a little kid when I first saw Little Red Riding Hood. I was a little kid when I first saw Little Red Riding Hood. I was a little kid when I first saw Little Red Riding Hood. I was a little kid when I first saw Little Red Riding Hood. I was a little kid when I first saw Little Red Riding Hood. I was a little kid when I first saw Little Red Riding Hood. I was a little kid when I first saw Little Red Riding Hood. I was a little kid when I first saw Little Red Riding Hood. I was a little kid when I first saw Little Red Riding Hood. I was a little kid when I first saw Little Red Riding Hood. I was a",187,187,1.0,1,0,0,0.0,0.0,0,0,0,0,0,0.0,0.0,0,0,0,0,0,0,0,0,0,0,0,0,0,0,0,0,0,0,1,1,12,0.0833,0.0833,0,0,6,1,1,6,0,0,0,0,0,0,0,0,0,0,0,0,0,0,0,0,0,0,0,0,0,1,1,0,0,0,0,0,0,0,0,0,0,0,0,0,0,0,0,1
gpt2_small,text,0.124,12,wolf,animal,instruction_forest,instruction,encounter,wolf,0,svm,L6,6,0.5,single_mid,10.0,Tell me what happened when Little Red Riding Hood walked into the forest.,"o the forest.

I was in the middle of a forest clearing when I saw Little Red Riding Hood. He was standing in the middle of the forest, looking at the trees. He was wearing a white shirt and black pants. He was wearing a black hat and black boots. He was wearing a black hat and black boots. He was wearing a black hat and black boots. He was wearing a black hat and black boots. He was wearing a black hat and black boots. He was wearing a black hat and black boots. He was wearing a black hat and black boots. He was wearing a black hat and black boots. He was wearing a black hat and black boots. He was wearing a black hat and black boots. He was wearing a black hat and black boots. He was wearing a black hat and black boots. He was wearing a black hat and black boots. He was wearing a black hat and black boots. He was wearing a black hat and black boots. He was wearing a black hat","o the forest.

I was in the middle of a forest clearing when I heard a noise. I looked up and saw a young girl walking up to me. I looked back and saw that she was wearing a white dress. I looked back and saw that she was wearing a white dress. I looked back and saw that she was wearing a white dress. I looked back and saw that she was wearing a white dress. I looked back and saw that she was wearing a white dress. I looked back and saw that she was wearing a white dress. I looked back and saw that she was wearing a dress. I looked back and saw that she was wearing a dress. I looked back and saw that she was wearing a dress. I looked back and saw that she was wearing a dress. I looked back and saw that she was wearing a dress. I looked back and saw that she was wearing a dress. I looked back and saw that she was wearing a dress. I looked back and saw that she was",182,186,1.022,1,0,0,0.0,0.0,0,0,0,0,0,0.0,0.6364,0,0,0,0,0,0,0,0,0,0,0,0,0,0,0,0,0,0,2,3,12,0.1667,0.25,0,1,6,2,2,6,-1,-1,0,0,0,0,0,0,0,0,0,0,0,1,-1,0,0,0,0,0,0,1,1,0,0,0,0,1,1,0,0,0,0,0,0,0,0,0,0,1
gpt2_small,text,0.124,12,wolf,animal,instruction_grandmother,instruction,deception,wolf,0,svm,L6,6,0.5,single_mid,10.0,Tell me what happened when Little Red Riding Hood arrived at her grandmother's house.,"ther's house.

I was in the middle of a long day at work when I heard a knock at the door. I looked up and saw Little Red Riding Hood standing there, looking at me with a smile.

""Hello, Little Red,"" she said.

""Hello, Little Red,"" I said.

""Hello, Little Red,"" she said.

""Hello, Little Red,"" I said.

""Hello, Little Red,"" she said.

""Hello, Little Red,"" I said.

""Hello, Little Red,"" she said.

""Hello, Little Red,"" I said.

""Hello, Little Red,"" she said.

""Hello, Little Red,"" I said.

""Hello, Little Red,"" she said.

""Hello, Little Red,"" I said.

""Hello, Little Red,"" I said.

""Hello, Little Red,"" I said.

""Hello,","ther's house.

I was in the middle of a long day, and I was in the middle of a long day. I was in the middle of a long day. I was in the middle of a long day. I was in the middle of a long day. I was in the middle of a long day. I was in the middle of a long day. I was in the middle of a long day. I was in the middle of a long day. I was in the middle of a long day. I was in the middle of a long day. I was in the middle of a long day. I was in the middle of a long day. I was in the middle of a long day. I was in the middle of a long day. I was in the middle of a long day. I was in the middle of a long day. I was in the middle of a long day. I was in the middle of a long day. I was in the middle of a",109,181,1.6606,1,0,0,0.0,0.0,0,0,0,0,0,0.0,0.7027,0,0,0,0,0,0,0,0,0,0,0,0,0,0,0,0,0,0,1,0,12,0.0833,0.0,0,0,6,1,0,6,1,0,1,0,0,0,0,0,0,0,0,0,0,0,0,0,0,0,0,0,0,1,0,1,0,0,0,0,0,0,0,0,0,0,0,0,0,0,0,1
gpt2_small,text,0.124,12,wolf,animal,completion_full_story,completion,full_narrative,wolf,0,svm,L6,6,0.5,single_mid,10.0,"Once upon a time, there was a little girl called Little Red Riding Hood. She walked through the forest and",he forest and was a little girl. She was a little girl. She was a little girl. She was a little girl. She was a little girl. She was a little girl. She was a little girl. She was a little girl. She was a little girl. She was a little girl. She was a little girl. She was a little girl. She was a little girl. She was a little girl. She was a little girl. She was a little girl. She was a little girl. She was a little girl. She was a little girl. She was a little girl. She was a little girl. She was a little girl. She was a little girl. She was a little girl. She was a little girl. She was a little girl. She was a little girl. She was a little girl. She was a little girl. She was a little girl. She was a little girl. She was a little girl. She was a little girl. She was a,he forest and was always there. She was always there. She was always there. She was always there. She was always there. She was always there. She was always there. She was always there. She was always there. She was always there. She was always there. She was always there. She was always there. She was always there. She was always there. She was always there. She was always there. She was always there. She was always there. She was always there. She was always there. She was always there. She was always there. She was always there. She was always there. She was always there. She was always there. She was always there. She was always there. She was always there. She was always there. She was always there. She was always there. She was always there. She was always there. She was always there. She was always there. She was always there. She was always there. She was always there. She,170,163,0.9588,1,0,0,0.0,0.0,0,0,0,0,0,0.0,0.5,0,0,0,0,0,0,0,0,0,0,0,0,0,0,0,0,0,0,2,1,12,0.1667,0.0833,0,0,6,2,1,6,1,0,1,0,0,0,0,0,0,0,0,0,0,0,0,0,0,0,0,0,0,1,0,1,0,0,0,1,1,0,0,0,0,0,0,0,0,0,0,1
gpt2_small,text,0.124,12,wolf,animal,completion_forest,completion,encounter,wolf,0,svm,L6,6,0.5,single_mid,10.0,Little Red Riding Hood was walking through the dark forest when she met a,"hen she met a man who was looking for her.

""Hey, you're a little red, huh?""

""Yeah, I'm a little red.""

""I'm a little red, huh?""

""Yeah, I'm a little red.""

""I'm a little red.""

""I'm a little red.""

""I'm a little red.""

""I'm a little red.""

""I'm a little red.""

""I'm a little red.""

""I'm a little red.""

""I'm a little red.""

""I'm a little red.""

""I'm a little red.""

""I'm a little red.""

""I'm a little red.""

""I'm a little red.""

""I'm a little red.""

""I'm a little red.""

""I'm a little red.""

""",hen she met a young girl. She was wearing a white dress and a white hoodie. She was wearing a white hoodie and a white hoodie. She was wearing a white hoodie and a white hoodie. She was wearing a white hoodie and a white hoodie. She was wearing a white hoodie and a white hoodie. She was wearing a white hoodie and a white hoodie. She was wearing a white hoodie and a white hoodie. She was wearing a white hoodie and a white hoodie. She was wearing a white hoodie and a white hoodie. She was wearing a white hoodie and a white hoodie. She was wearing a white hoodie and a white hoodie. She was wearing a white hoodie and a white hoodie. She was wearing a white hoodie and a white hoodie. She was wearing a white hoodie and a white hoodie. She was wearing a white hoodie and a white hoodie. She was wearing,96,159,1.6562,1,0,0,0.0,0.0,0,0,0,0,0,0.0,0.8214,0,0,0,0,0,0,0,0,0,0,0,0,0,0,0,0,0,0,2,3,12,0.1667,0.25,1,2,6,1,1,6,-1,-1,0,0,0,0,1,1,0,0,0,0,0,1,-1,0,0,0,0,0,0,1,1,0,0,0,0,0,0,0,0,0,0,0,0,0,0,0,0,1
gpt2_small,text,0.124,12,wolf,animal,completion_grandmother,completion,deception,wolf,0,svm,L6,6,0.5,single_mid,10.0,Little Red Riding Hood arrived at her grandmother's house. She knocked on the door and a voice said,"a voice said, ""Hello, Little Red.""

Little Red was a little girl. She was a little girl. She was a little girl. She was a little girl. She was a little girl. She was a little girl. She was a little girl. She was a little girl. She was a little girl. She was a little girl. She was a little girl. She was a little girl. She was a little girl. She was a little girl. She was a little girl. She was a little girl. She was a little girl. She was a little girl. She was a little girl. She was a little girl. She was a little girl. She was a little girl. She was a little girl. She was a little girl. She was a little girl. She was a little girl. She was a little girl. She was a little girl. She was a little girl. She was a little girl. She was a little girl. She was a little","a voice said, ""Hello, my name is Little Red.""

Little Red was in the house. She was wearing a white dress and a white hat. She was wearing a white hat and a white hat. She was wearing a white hat and a white hat.

Little Red was in the house. She was in the house.

Little Red was in the house. She was in the house.

Little Red was in the house. She was in the house.

Little Red was in the house. She was in the house.

Little Red was in the house. She was in the house.

Little Red was in the house. She was in the house.

Little Red was in the house. She was in the house.

Little Red was in the house. She was in the house.

Little Red was in the house. She was in the house.

Little Red was in the house. She was in the",166,154,0.9277,1,0,0,0.0,0.0,0,0,0,0,0,0.0,0.5909,0,0,0,0,0,0,0,0,0,0,0,0,0,0,0,0,0,0,1,2,12,0.0833,0.1667,0,1,6,1,1,6,-1,-1,0,0,0,0,0,0,0,0,0,0,0,1,-1,0,0,0,0,0,0,1,1,0,0,0,0,0,0,0,0,0,0,0,0,0,0,0,0,1
gpt2_small,text,0.124,12,wolf,animal,control_cinderella,instruction,control,none,1,svm,L6,6,0.5,single_mid,10.0,Tell me the story of Cinderella from beginning to end.,"nning to end.

I was a little bit of a girl when I was a kid. I was a little bit of a girl when I was a kid. I was a little bit of a girl when I was a kid. I was a little bit of a girl when I was a kid. I was a little bit of a girl when I was a kid. I was a little bit of a girl when I was a kid. I was a little bit of a girl when I was a kid. I was a little bit of a girl when I was a kid. I was a little bit of a girl when I was a kid. I was a little bit of a girl when I was a kid. I was a little bit of a girl when I was a kid. I was a little bit of a girl when I was a kid. I was a little bit of a girl when I was a kid. I was a little bit of a girl when I was a kid. I was","nning to end.

I was a kid when I first met my first love. I was a little girl, and I was in the middle of a family. I was in the middle of a family. I was in the middle of a family. I was in the middle of a family. I was in the middle of a family. I was in the middle of a family. I was in the middle of a family. I was in the middle of a family. I was in the middle of a family. I was in the middle of a family. I was in the middle of a family. I was in the middle of a family. I was in the middle of a family. I was in the middle of a family. I was in the middle of a family. I was in the middle of a family. I was in the middle of a family. I was in the middle of a family. I was in the middle of a family. I was in the middle of a family",187,180,0.9626,1,1,0,0.0053,0.0,0,0,0,0,1,0.0053,0.625,0,0,0,0,0,0,0,0,0,0,0,0,1,0,1,0,0,0,1,2,12,0.0833,0.1667,0,1,6,1,1,6,-1,-1,0,0,0,0,0,1,-1,0,0,0,0,0,0,0,0,0,0,0,0,1,1,0,0,0,0,0,0,0,0,0,0,0,0,0,0,0,0,0
gpt2_small,text,0.124,12,wolf,animal,control_generic,completion,control,none,1,svm,L6,6,0.5,single_mid,10.0,The old man sat by the fireplace and told his grandchildren about the time he,"t the time he was born.

""I was born in the middle of the night, and I was a little bit scared,"" he said. ""I was just a little bit scared. I was just a little bit scared. I was just a little bit scared.""

The old man said he was a little bit scared because he was a little bit scared.

""I was just a little bit scared. I was just a little bit scared. I was just a little bit scared,"" he said.

The old man said he was a little bit scared because he was a little bit scared.

""I was just a little bit scared. I was just a little bit scared. I was just a little bit scared. I was just a little bit scared. I was just a little bit scared. I was just a little bit scared. I was just a little bit scared. I was just a little bit scared. I was just a little bit scared. I was just","t the time he was killed.

""I was just a kid,"" he said. ""I was just a kid. I was just a kid. I was just a kid. I was just a kid. I was just a kid. I was just a kid. I was just a kid. I was just a kid. I was just a kid. I was just a kid. I was just a kid. I was just a kid. I was just a kid. I was just a kid. I was just a kid. I was just a kid. I was just a kid. I was just a kid. I was just a kid. I was just a kid. I was just a kid. I was just a kid. I was just a kid. I was just a kid. I was just a kid. I was just a kid. I was just a kid. I was just a kid. I was just a kid. I was just a kid. I was just a",168,167,0.994,1,1,0,0.006,0.0,0,0,0,0,1,0.006,0.6667,0,0,0,0,0,0,0,0,0,0,0,0,1,0,1,0,0,0,1,0,12,0.0833,0.0,0,0,6,1,0,6,1,0,1,0,0,0,0,0,0,0,0,0,0,0,0,0,0,0,0,0,0,1,0,1,0,0,0,0,0,0,0,0,0,0,0,0,0,0,0,0
gpt2_small,text,0.124,12,wolf,animal,instruction_full_story,instruction,full_narrative,wolf,0,svm,L6,6,0.5,single_mid,15.0,Tell me the story of Little Red Riding Hood from beginning to end.,"nning to end.

I was a little kid when I first saw Little Red Riding Hood. I was a little kid when I first saw Little Red Riding Hood. I was a little kid when I first saw Little Red Riding Hood. I was a little kid when I first saw Little Red Riding Hood. I was a little kid when I first saw Little Red Riding Hood. I was a little kid when I first saw Little Red Riding Hood. I was a little kid when I first saw Little Red Riding Hood. I was a little kid when I first saw Little Red Riding Hood. I was a little kid when I first saw Little Red Riding Hood. I was a little kid when I first saw Little Red Riding Hood. I was a little kid when I first saw Little Red Riding Hood. I was a little kid when I first saw Little Red Riding Hood. I was a little kid when I first saw Little Red Riding Hood. I was a little kid when I first saw Little Red Riding Hood. I was","nning to end.

I was a kid when I first saw Little Red Riding Hood. I was a little bit of a girl, but I was also a little bit of a girl. I was a little bit of a girl, but I was also a little bit of a girl. I was a little bit of a girl, but I was also a little bit of a girl. I was a little bit of a girl, but I was also a little bit of a girl. I was a little bit of a girl, but I was also a little bit of a girl. I was a little bit of a girl, but I was also a little bit of a girl. I was a little bit of a girl, but I was also a little bit of a girl. I was a little bit of a girl, but I was also a little bit of a girl. I was a little bit of a girl, but I was also a little bit of a girl. I was a little bit",187,182,0.9733,1,0,1,0.0,0.0055,0,0,0,0,-1,-0.0055,0.3,0,0,0,0,0,0,0,0,0,0,0,0,0,1,-1,0,0,0,1,1,12,0.0833,0.0833,0,0,6,1,1,6,0,0,0,0,0,0,0,0,0,0,0,0,0,0,0,0,0,0,0,0,0,1,1,0,0,0,0,0,0,0,0,0,0,0,0,0,0,0,0,1
gpt2_small,text,0.124,12,wolf,animal,instruction_forest,instruction,encounter,wolf,0,svm,L6,6,0.5,single_mid,15.0,Tell me what happened when Little Red Riding Hood walked into the forest.,"o the forest.

I was in the middle of a forest clearing when I saw Little Red Riding Hood. He was standing in the middle of the forest, looking at the trees. He was wearing a white shirt and black pants. He was wearing a black hat and black boots. He was wearing a black hat and black boots. He was wearing a black hat and black boots. He was wearing a black hat and black boots. He was wearing a black hat and black boots. He was wearing a black hat and black boots. He was wearing a black hat and black boots. He was wearing a black hat and black boots. He was wearing a black hat and black boots. He was wearing a black hat and black boots. He was wearing a black hat and black boots. He was wearing a black hat and black boots. He was wearing a black hat and black boots. He was wearing a black hat and black boots. He was wearing a black hat and black boots. He was wearing a black hat","o the forest.

I'm not sure what happened. I don't know what happened. I don't know what happened.

I'm not sure what happened. I don't know what happened.

I'm not sure what happened. I don't know what happened.

I'm not sure what happened. I don't know what happened.

I'm not sure what happened. I don't know what happened.

I'm not sure what happened. I don't know what happened.

I'm not sure what happened. I don't know what happened.

I'm not sure what happened. I don't know what happened.

I'm not sure what happened. I don't know what happened.

I'm not sure what happened. I don't know what happened.

I'm not sure what happened. I don't know what happened.

I'm not sure what happened. I don't know what happened.",182,128,0.7033,1,0,0,0.0,0.0,0,0,0,0,0,0.0,0.8947,0,0,0,0,0,0,0,0,0,0,0,0,0,0,0,0,0,0,2,1,12,0.1667,0.0833,0,0,6,2,1,6,1,0,1,0,0,0,0,0,0,0,0,0,0,0,0,0,0,0,0,0,0,1,0,1,0,0,0,1,1,0,0,0,0,0,0,0,0,0,0,1
gpt2_small,text,0.124,12,wolf,animal,instruction_grandmother,instruction,deception,wolf,0,svm,L6,6,0.5,single_mid,15.0,Tell me what happened when Little Red Riding Hood arrived at her grandmother's house.,"ther's house.

I was in the middle of a long day at work when I heard a knock at the door. I looked up and saw Little Red Riding Hood standing there, looking at me with a smile.

""Hello, Little Red,"" she said.

""Hello, Little Red,"" I said.

""Hello, Little Red,"" she said.

""Hello, Little Red,"" I said.

""Hello, Little Red,"" she said.

""Hello, Little Red,"" I said.

""Hello, Little Red,"" she said.

""Hello, Little Red,"" I said.

""Hello, Little Red,"" she said.

""Hello, Little Red,"" I said.

""Hello, Little Red,"" she said.

""Hello, Little Red,"" I said.

""Hello, Little Red,"" I said.

""Hello, Little Red,"" I said.

""Hello,","ther's house.

I was in the middle of a long conversation with my mother, and I was told that my mother was in the house. I was told that my mother was in the house. I was told that my mother was in the house. I was told that my mother was in the house. I was told that my mother was in the house. I was told that my mother was in the house. I was told that my mother was in the house. I was told that my mother was in the house. I was told that my mother was in the house. I was told that my mother was in the house. I was told that my mother was in the house. I was told that my mother was in the house. I was told that my mother was in the house. I was also told that my mother was in the house. I was also told that my mother was in the house. I was also told that my mother was in the house. I was also told that",109,183,1.6789,1,0,0,0.0,0.0,0,0,0,0,0,0.0,0.7143,0,0,0,0,0,0,0,0,0,0,0,0,0,0,0,0,0,0,1,1,12,0.0833,0.0833,0,0,6,1,1,6,0,0,0,0,0,0,0,0,0,0,0,0,0,0,0,0,0,0,0,0,0,1,0,1,0,0,0,0,0,0,0,0,0,0,1,-1,0,0,0,1
gpt2_small,text,0.124,12,wolf,animal,completion_full_story,completion,full_narrative,wolf,0,svm,L6,6,0.5,single_mid,15.0,"Once upon a time, there was a little girl called Little Red Riding Hood. She walked through the forest and",he forest and was a little girl. She was a little girl. She was a little girl. She was a little girl. She was a little girl. She was a little girl. She was a little girl. She was a little girl. She was a little girl. She was a little girl. She was a little girl. She was a little girl. She was a little girl. She was a little girl. She was a little girl. She was a little girl. She was a little girl. She was a little girl. She was a little girl. She was a little girl. She was a little girl. She was a little girl. She was a little girl. She was a little girl. She was a little girl. She was a little girl. She was a little girl. She was a little girl. She was a little girl. She was a little girl. She was a little girl. She was a little girl. She was a little girl. She was a,"he forest and was never seen.

She was so beautiful, so beautiful, so beautiful.

She was so beautiful, so beautiful.

She was so beautiful, so beautiful.

She was so beautiful, so so so so so so so so so so so so so so so so so so so so so so so so so so so so so so so so so so so so so so so so so so so so so so so so so so so so so so so so so so so so so so so so so so so so so so so so so so so so so so so so so so so so so so so so so so so so so so so so so so so so so so so so so so so so so so so so so so so so so so so so so so so so so so so so so so so so so so so so so so so so so so so so so so so so so so so so so so so so",170,186,1.0941,1,0,0,0.0,0.0,0,0,0,0,0,0.0,0.6154,0,0,0,0,0,0,0,0,0,0,0,0,0,0,0,0,0,0,2,1,12,0.1667,0.0833,0,0,6,2,1,6,1,0,1,0,0,0,0,0,0,0,0,0,0,0,0,0,0,0,0,0,0,1,0,1,0,0,0,1,1,0,0,0,0,0,0,0,0,0,0,1
gpt2_small,text,0.124,12,wolf,animal,completion_forest,completion,encounter,wolf,0,svm,L6,6,0.5,single_mid,15.0,Little Red Riding Hood was walking through the dark forest when she met a,"hen she met a man who was looking for her.

""Hey, you're a little red, huh?""

""Yeah, I'm a little red.""

""I'm a little red, huh?""

""Yeah, I'm a little red.""

""I'm a little red.""

""I'm a little red.""

""I'm a little red.""

""I'm a little red.""

""I'm a little red.""

""I'm a little red.""

""I'm a little red.""

""I'm a little red.""

""I'm a little red.""

""I'm a little red.""

""I'm a little red.""

""I'm a little red.""

""I'm a little red.""

""I'm a little red.""

""I'm a little red.""

""I'm a little red.""

""","hen she met a young girl. She was so excited, she was so excited. She was so excited. She was so excited. She was so excited. She was so excited. She was so excited. She was so excited. She was so excited. She was so excited. She was so excited. She was so excited. She was so excited. She was so excited. She was so excited. She was so excited. She was so excited. She was so excited. She was so excited. She was so excited. She was so excited. She was so excited. She was so excited. She was so excited. She was so excited. She was so excited. She was so excited. She was so excited. She was so excited. She was so excited. She was so excited. She was so excited. She was so excited. She was so excited. She was so excited. She was so excited. She was so excited. She was so excited. She was so excited. She was",96,164,1.7083,1,0,0,0.0,0.0,0,0,0,0,0,0.0,0.8,0,0,0,0,0,0,0,0,0,0,0,0,0,0,0,0,0,0,2,2,12,0.1667,0.1667,1,1,6,1,1,6,0,0,0,0,0,0,1,1,0,0,0,0,0,0,0,0,0,0,0,0,0,1,1,0,0,0,0,0,0,0,0,0,0,0,0,0,0,0,0,1
gpt2_small,text,0.124,12,wolf,animal,completion_grandmother,completion,deception,wolf,0,svm,L6,6,0.5,single_mid,15.0,Little Red Riding Hood arrived at her grandmother's house. She knocked on the door and a voice said,"a voice said, ""Hello, Little Red.""

Little Red was a little girl. She was a little girl. She was a little girl. She was a little girl. She was a little girl. She was a little girl. She was a little girl. She was a little girl. She was a little girl. She was a little girl. She was a little girl. She was a little girl. She was a little girl. She was a little girl. She was a little girl. She was a little girl. She was a little girl. She was a little girl. She was a little girl. She was a little girl. She was a little girl. She was a little girl. She was a little girl. She was a little girl. She was a little girl. She was a little girl. She was a little girl. She was a little girl. She was a little girl. She was a little girl. She was a little girl. She was a little","a voice said, ""I'm coming to get you.""

She was so excited. She was so excited.

She was so excited.

She was so excited.

She was so excited.

She was so excited.

She was so excited.

She was so excited.

She was so excited.

She was so excited.

She was so excited.

She was so excited.

She was so excited.

She was so excited.

She was so excited.

She was so excited.

She was so excited.

She was so excited.

She was so excited.

She was so excited.

She was so excited.

She was so excited.

She was so excited.

She was so excited.

She was so excited.

She was so excited.

She was so excited.

She was",166,118,0.7108,1,0,0,0.0,0.0,0,0,0,0,0,0.0,0.7059,0,0,0,0,0,0,0,0,0,0,0,0,0,0,0,0,0,0,1,0,12,0.0833,0.0,0,0,6,1,0,6,1,0,1,0,0,0,0,0,0,0,0,0,0,0,0,0,0,0,0,0,0,1,0,1,0,0,0,0,0,0,0,0,0,0,0,0,0,0,0,1
gpt2_small,text,0.124,12,wolf,animal,control_cinderella,instruction,control,none,1,svm,L6,6,0.5,single_mid,15.0,Tell me the story of Cinderella from beginning to end.,"nning to end.

I was a little bit of a girl when I was a kid. I was a little bit of a girl when I was a kid. I was a little bit of a girl when I was a kid. I was a little bit of a girl when I was a kid. I was a little bit of a girl when I was a kid. I was a little bit of a girl when I was a kid. I was a little bit of a girl when I was a kid. I was a little bit of a girl when I was a kid. I was a little bit of a girl when I was a kid. I was a little bit of a girl when I was a kid. I was a little bit of a girl when I was a kid. I was a little bit of a girl when I was a kid. I was a little bit of a girl when I was a kid. I was a little bit of a girl when I was a kid. I was","nning to end.

I'm a big fan of the story of the story of the story of the story of the story of the story of the story of the story of the story of the story of the story of the story of the story of the story of the story of the story of the story of the story of the story of the story of the story of the story of the story of the story of the story of the story of the story of the story of the story of the story of the story of the story of the story of the story of the story of the story of the story of the story of the story of the story of the story of the story of the story of the story of the story of the story of the story of the story of the story of the story of the story of the story of the story of the story of the story of the story of the story of the story of the story of the story of the story of the story of the story of the story of",187,200,1.0695,1,1,0,0.0053,0.0,0,0,0,0,1,0.0053,0.7059,0,0,0,0,0,0,0,0,0,0,0,0,1,0,1,0,0,0,1,1,12,0.0833,0.0833,0,1,6,1,0,6,0,-1,1,0,0,0,0,0,0,0,0,0,0,0,0,0,1,-1,0,0,0,1,0,1,0,0,0,0,0,0,0,0,0,0,0,0,0,0,0,0
gpt2_small,text,0.124,12,wolf,animal,control_generic,completion,control,none,1,svm,L6,6,0.5,single_mid,15.0,The old man sat by the fireplace and told his grandchildren about the time he,"t the time he was born.

""I was born in the middle of the night, and I was a little bit scared,"" he said. ""I was just a little bit scared. I was just a little bit scared. I was just a little bit scared.""

The old man said he was a little bit scared because he was a little bit scared.

""I was just a little bit scared. I was just a little bit scared. I was just a little bit scared,"" he said.

The old man said he was a little bit scared because he was a little bit scared.

""I was just a little bit scared. I was just a little bit scared. I was just a little bit scared. I was just a little bit scared. I was just a little bit scared. I was just a little bit scared. I was just a little bit scared. I was just a little bit scared. I was just a little bit scared. I was just","t the time he was killed.

""I was just sitting on the couch, thinking about it,"" said the man's wife, Nancy. ""I was just thinking about it. I was just thinking about it. I was just thinking about it. I was just thinking about it. I was just thinking about it. I was just thinking about it. I was just thinking about it. I was just thinking about it. I was just thinking about it. I was just thinking about it. I was just thinking about it. I was just thinking about it. I was just thinking about it. I was just thinking about it. I was just thinking about it. I was just thinking about it. I was just thinking about it. I was just thinking about it. I was just thinking about it. I was just thinking about it. I was just thinking about it. I was just thinking about it. I was just thinking about it. I was just thinking about it. I was just thinking about",168,170,1.0119,1,1,0,0.006,0.0,0,0,0,0,1,0.006,0.7632,0,0,0,0,0,0,0,0,0,0,0,0,1,0,1,0,0,0,1,0,12,0.0833,0.0,0,0,6,1,0,6,1,0,1,0,0,0,0,0,0,0,0,0,0,0,0,0,0,0,0,0,0,1,0,1,0,0,0,0,0,0,0,0,0,0,0,0,0,0,0,0
gpt2_small,text,0.124,12,wolf,animal,instruction_full_story,instruction,full_narrative,wolf,0,svm,L6,6,0.5,single_mid,20.0,Tell me the story of Little Red Riding Hood from beginning to end.,"nning to end.

I was a little kid when I first saw Little Red Riding Hood. I was a little kid when I first saw Little Red Riding Hood. I was a little kid when I first saw Little Red Riding Hood. I was a little kid when I first saw Little Red Riding Hood. I was a little kid when I first saw Little Red Riding Hood. I was a little kid when I first saw Little Red Riding Hood. I was a little kid when I first saw Little Red Riding Hood. I was a little kid when I first saw Little Red Riding Hood. I was a little kid when I first saw Little Red Riding Hood. I was a little kid when I first saw Little Red Riding Hood. I was a little kid when I first saw Little Red Riding Hood. I was a little kid when I first saw Little Red Riding Hood. I was a little kid when I first saw Little Red Riding Hood. I was a little kid when I first saw Little Red Riding Hood. I was","nning to end.

I was a kid, and I was so excited. I was so excited to be a kid. I was so excited to be a kid. I was so excited to be a kid. I was so excited to be a kid. I was so excited to be a kid. I was so excited to be a kid. I was so excited to be a kid. I was so excited to be a kid. I was so excited to be a kid. I was so excited to be a kid. I was so excited to be a kid. I was so excited to be a kid. I was so excited to be a kid. I was so excited to be a kid. I was so excited to be a kid. I was so excited to be a kid. I was so excited to be a kid. I was so excited to be a kid. I was so excited to be a kid. I was so excited to be a kid. I was so excited to be a",187,179,0.9572,1,0,0,0.0,0.0,0,0,0,0,0,0.0,0.7143,0,0,0,0,0,0,0,0,0,0,0,0,0,0,0,0,0,0,1,0,12,0.0833,0.0,0,0,6,1,0,6,1,0,1,0,0,0,0,0,0,0,0,0,0,0,0,0,0,0,0,0,0,1,0,1,0,0,0,0,0,0,0,0,0,0,0,0,0,0,0,1
gpt2_small,text,0.124,12,wolf,animal,instruction_forest,instruction,encounter,wolf,0,svm,L6,6,0.5,single_mid,20.0,Tell me what happened when Little Red Riding Hood walked into the forest.,"o the forest.

I was in the middle of a forest clearing when I saw Little Red Riding Hood. He was standing in the middle of the forest, looking at the trees. He was wearing a white shirt and black pants. He was wearing a black hat and black boots. He was wearing a black hat and black boots. He was wearing a black hat and black boots. He was wearing a black hat and black boots. He was wearing a black hat and black boots. He was wearing a black hat and black boots. He was wearing a black hat and black boots. He was wearing a black hat and black boots. He was wearing a black hat and black boots. He was wearing a black hat and black boots. He was wearing a black hat and black boots. He was wearing a black hat and black boots. He was wearing a black hat and black boots. He was wearing a black hat and black boots. He was wearing a black hat and black boots. He was wearing a black hat","o the forest.

I'm not sure what happened. I don't know what happened. I don't know what happened.

I'm not sure what happened. I don't know what happened.

I'm not sure what happened. I don't know what happened.

I'm not sure what happened. I don't know what happened.

I'm not sure what happened. I don't know what happened.

I'm not sure what happened. I don't know what happened.

I'm not sure what happened. I don't know what happened.

I'm not sure what happened. I don't know what happened.

I'm not sure what happened. I don't know what happened.

I'm not sure what happened. I don't know what happened.

I'm not sure what happened. I don't know what happened.

I'm not sure what happened. I don't know what happened.",182,128,0.7033,1,0,0,0.0,0.0,0,0,0,0,0,0.0,0.8947,0,0,0,0,0,0,0,0,0,0,0,0,0,0,0,0,0,0,2,1,12,0.1667,0.0833,0,0,6,2,1,6,1,0,1,0,0,0,0,0,0,0,0,0,0,0,0,0,0,0,0,0,0,1,0,1,0,0,0,1,1,0,0,0,0,0,0,0,0,0,0,1
gpt2_small,text,0.124,12,wolf,animal,instruction_grandmother,instruction,deception,wolf,0,svm,L6,6,0.5,single_mid,20.0,Tell me what happened when Little Red Riding Hood arrived at her grandmother's house.,"ther's house.

I was in the middle of a long day at work when I heard a knock at the door. I looked up and saw Little Red Riding Hood standing there, looking at me with a smile.

""Hello, Little Red,"" she said.

""Hello, Little Red,"" I said.

""Hello, Little Red,"" she said.

""Hello, Little Red,"" I said.

""Hello, Little Red,"" she said.

""Hello, Little Red,"" I said.

""Hello, Little Red,"" she said.

""Hello, Little Red,"" I said.

""Hello, Little Red,"" she said.

""Hello, Little Red,"" I said.

""Hello, Little Red,"" she said.

""Hello, Little Red,"" I said.

""Hello, Little Red,"" I said.

""Hello, Little Red,"" I said.

""Hello,","ther's house.

I'm not sure what happened. I don't know what happened. I don't know what happened. I don't know what happened.

I'm not sure what happened. I don't know what happened. I don't know what happened.

I'm not sure what happened. I don't know what happened. I don't know what happened.

I'm not sure what happened. I don't know what happened. I don't know what happened.

I'm not sure what happened. I don't know what happened.

I'm not sure what happened. I don't know what happened.

I'm not sure what happened. I don't know what happened.

I'm not sure what happened. I don't know what happened.

I'm not sure what happened. I don't know what happened.

I'm not sure what happened. I don't know what happened.

I'm not",109,129,1.1835,1,0,0,0.0,0.0,0,0,0,0,0,0.0,0.9286,0,0,0,0,0,0,0,0,0,0,0,0,0,0,0,0,0,0,1,0,12,0.0833,0.0,0,0,6,1,0,6,1,0,1,0,0,0,0,0,0,0,0,0,0,0,0,0,0,0,0,0,0,1,0,1,0,0,0,0,0,0,0,0,0,0,0,0,0,0,0,1
gpt2_small,text,0.124,12,wolf,animal,completion_full_story,completion,full_narrative,wolf,0,svm,L6,6,0.5,single_mid,20.0,"Once upon a time, there was a little girl called Little Red Riding Hood. She walked through the forest and",he forest and was a little girl. She was a little girl. She was a little girl. She was a little girl. She was a little girl. She was a little girl. She was a little girl. She was a little girl. She was a little girl. She was a little girl. She was a little girl. She was a little girl. She was a little girl. She was a little girl. She was a little girl. She was a little girl. She was a little girl. She was a little girl. She was a little girl. She was a little girl. She was a little girl. She was a little girl. She was a little girl. She was a little girl. She was a little girl. She was a little girl. She was a little girl. She was a little girl. She was a little girl. She was a little girl. She was a little girl. She was a little girl. She was a little girl. She was a,"he forest and was never seen. She was never seen.

She was never seen.

She was never seen.

She was never seen.

She was never seen.

She was never seen.

She was never seen.

She was never seen.

She was never seen.

She was never seen.

She was never seen.

She was never seen.

She was never seen.

She was never seen.

She was never seen.

She was never seen.

She was never seen.

She was never seen.

She was never seen.

She was never seen.

She was never seen.

She was never seen.

She was never seen.

She was never seen.

She was never seen.

She was never seen.

She was never seen.

She was never seen.",170,118,0.6941,1,0,0,0.0,0.0,0,0,0,0,0,0.0,0.5,0,0,0,0,0,0,0,0,0,0,0,0,0,0,0,0,0,0,2,1,12,0.1667,0.0833,0,0,6,2,1,6,1,0,1,0,0,0,0,0,0,0,0,0,0,0,0,0,0,0,0,0,0,1,0,1,0,0,0,1,1,0,0,0,0,0,0,0,0,0,0,1
gpt2_small,text,0.124,12,wolf,animal,completion_forest,completion,encounter,wolf,0,svm,L6,6,0.5,single_mid,20.0,Little Red Riding Hood was walking through the dark forest when she met a,"hen she met a man who was looking for her.

""Hey, you're a little red, huh?""

""Yeah, I'm a little red.""

""I'm a little red, huh?""

""Yeah, I'm a little red.""

""I'm a little red.""

""I'm a little red.""

""I'm a little red.""

""I'm a little red.""

""I'm a little red.""

""I'm a little red.""

""I'm a little red.""

""I'm a little red.""

""I'm a little red.""

""I'm a little red.""

""I'm a little red.""

""I'm a little red.""

""I'm a little red.""

""I'm a little red.""

""I'm a little red.""

""I'm a little red.""

""","hen she met a young girl. She was so excited, she was so excited. She was so excited. She was so excited. She was so excited. She was so excited. She was so excited. She was so excited. She was so excited. She was so excited. She was so excited. She was so excited. She was so excited. She was so excited. She was so excited. She was so excited. She was so excited. She was so excited. She was so excited. She was so excited. She was so excited. She was so excited. She was so excited. She was so excited. She was so excited. She was so excited. She was so excited. She was so excited. She was so excited. She was so excited. She was so excited. She was so excited. She was so excited. She was so excited. She was so excited. She was so excited. She was so excited. She was so excited. She was so excited. She was",96,164,1.7083,1,0,0,0.0,0.0,0,0,0,0,0,0.0,0.8,0,0,0,0,0,0,0,0,0,0,0,0,0,0,0,0,0,0,2,2,12,0.1667,0.1667,1,1,6,1,1,6,0,0,0,0,0,0,1,1,0,0,0,0,0,0,0,0,0,0,0,0,0,1,1,0,0,0,0,0,0,0,0,0,0,0,0,0,0,0,0,1
gpt2_small,text,0.124,12,wolf,animal,completion_grandmother,completion,deception,wolf,0,svm,L6,6,0.5,single_mid,20.0,Little Red Riding Hood arrived at her grandmother's house. She knocked on the door and a voice said,"a voice said, ""Hello, Little Red.""

Little Red was a little girl. She was a little girl. She was a little girl. She was a little girl. She was a little girl. She was a little girl. She was a little girl. She was a little girl. She was a little girl. She was a little girl. She was a little girl. She was a little girl. She was a little girl. She was a little girl. She was a little girl. She was a little girl. She was a little girl. She was a little girl. She was a little girl. She was a little girl. She was a little girl. She was a little girl. She was a little girl. She was a little girl. She was a little girl. She was a little girl. She was a little girl. She was a little girl. She was a little girl. She was a little girl. She was a little girl. She was a little","a voice said, ""I'm going to be here for a while.""

She was so excited. She was so excited.

She was so excited.

She was so excited.

She was so excited.

She was so scared.

She was so scared.

She was so scared.

She was so scared.

She was so scared.

She was so scared.

She was so scared.

She was so scared.

She was so scared.

She was so scared.

She was so scared.

She was so scared.

She was so so so so so so so so so so so so so so so so so so so so so so so so so so so so so so so so so so so so so so so so so so so so so so so so so so so so so so so so so so so so so so so so so so so",166,148,0.8916,1,0,0,0.0,0.0,0,0,0,0,0,0.0,0.75,0,0,0,0,0,0,0,0,0,0,0,0,0,0,0,0,0,0,1,0,12,0.0833,0.0,0,0,6,1,0,6,1,0,1,0,0,0,0,0,0,0,0,0,0,0,0,0,0,0,0,0,0,1,0,1,0,0,0,0,0,0,0,0,0,0,0,0,0,0,0,1
gpt2_small,text,0.124,12,wolf,animal,control_cinderella,instruction,control,none,1,svm,L6,6,0.5,single_mid,20.0,Tell me the story of Cinderella from beginning to end.,"nning to end.

I was a little bit of a girl when I was a kid. I was a little bit of a girl when I was a kid. I was a little bit of a girl when I was a kid. I was a little bit of a girl when I was a kid. I was a little bit of a girl when I was a kid. I was a little bit of a girl when I was a kid. I was a little bit of a girl when I was a kid. I was a little bit of a girl when I was a kid. I was a little bit of a girl when I was a kid. I was a little bit of a girl when I was a kid. I was a little bit of a girl when I was a kid. I was a little bit of a girl when I was a kid. I was a little bit of a girl when I was a kid. I was a little bit of a girl when I was a kid. I was","nning to end.

I'm not sure what I'm talking about here. I'm not sure what I'm talking about.

I'm not sure what I'm talking about.

I'm not sure what I'm talking about.

I'm not sure what I'm talking about.

I'm not sure what I'm talking about.

I'm not sure what I'm talking about.

I'm not sure what I'm talking about.

I'm not sure what I'm talking about.

I'm not sure what I'm talking about.

I'm not sure what I'm talking about.

I'm not sure what I'm talking about.

I'm not sure what I'm talking about.

I'm not sure what I'm talking about.

I'm not sure what I'm talking about.

I'm not sure what I'm talking about.

I'm not sure what I'm",187,121,0.6471,1,1,0,0.0053,0.0,0,0,0,0,1,0.0053,0.85,0,0,0,0,0,0,0,0,0,0,0,0,1,0,1,0,0,0,1,0,12,0.0833,0.0,0,0,6,1,0,6,1,0,1,0,0,0,0,0,0,0,0,0,0,0,0,0,0,0,0,0,0,1,0,1,0,0,0,0,0,0,0,0,0,0,0,0,0,0,0,0
gpt2_small,text,0.124,12,wolf,animal,control_generic,completion,control,none,1,svm,L6,6,0.5,single_mid,20.0,The old man sat by the fireplace and told his grandchildren about the time he,"t the time he was born.

""I was born in the middle of the night, and I was a little bit scared,"" he said. ""I was just a little bit scared. I was just a little bit scared. I was just a little bit scared.""

The old man said he was a little bit scared because he was a little bit scared.

""I was just a little bit scared. I was just a little bit scared. I was just a little bit scared,"" he said.

The old man said he was a little bit scared because he was a little bit scared.

""I was just a little bit scared. I was just a little bit scared. I was just a little bit scared. I was just a little bit scared. I was just a little bit scared. I was just a little bit scared. I was just a little bit scared. I was just a little bit scared. I was just a little bit scared. I was just","t the time he was killed.

""I'm not sure what happened to him,"" said the house. ""I don't know what happened to him. I don't know what happened to me.""

The house is now home to a house and garden.

The family house is in the area of the house where the body was found.

The family house is in the area of the house where the body was found.

The house is in the area of the house where the body was found.

The house is in the area of the house where the body was found.

The house is in the area of the house where the body was found.

The house is in the area of the house where the body was found.

The house is in the area of the house where the body was found.

The house is in the area of the house where the body was found.

The house is in the area of the house",168,163,0.9702,1,1,0,0.006,0.0,0,0,0,0,1,0.006,0.76,0,0,0,0,0,0,0,0,0,0,0,0,1,0,1,0,0,0,1,1,12,0.0833,0.0833,0,1,6,1,0,6,0,-1,1,0,0,0,0,1,-1,0,0,0,0,0,0,0,0,0,0,0,0,1,0,1,0,0,0,0,0,0,0,0,0,0,0,0,0,0,0,0
gpt2_small,text,0.124,12,wolf,animal,instruction_full_story,instruction,full_narrative,wolf,0,svm,L9,9,0.75,single_late,3.0,Tell me the story of Little Red Riding Hood from beginning to end.,"nning to end.

I was a little kid when I first saw Little Red Riding Hood. I was a little kid when I first saw Little Red Riding Hood. I was a little kid when I first saw Little Red Riding Hood. I was a little kid when I first saw Little Red Riding Hood. I was a little kid when I first saw Little Red Riding Hood. I was a little kid when I first saw Little Red Riding Hood. I was a little kid when I first saw Little Red Riding Hood. I was a little kid when I first saw Little Red Riding Hood. I was a little kid when I first saw Little Red Riding Hood. I was a little kid when I first saw Little Red Riding Hood. I was a little kid when I first saw Little Red Riding Hood. I was a little kid when I first saw Little Red Riding Hood. I was a little kid when I first saw Little Red Riding Hood. I was a little kid when I first saw Little Red Riding Hood. I was","nning to end.

I was a little kid when I first saw Little Red Riding Hood. I was a little kid when I first saw Little Red Riding Hood. I was a little kid when I first saw Little Red Riding Hood. I was a little kid when I first saw Little Red Riding Hood. I was a little kid when I first saw Little Red Riding Hood. I was a little kid when I first saw Little Red Riding Hood. I was a little kid when I first saw Little Red Riding Hood. I was a little kid when I first saw Little Red Riding Hood. I was a little kid when I first saw Little Red Riding Hood. I was a little kid when I first saw Little Red Riding Hood. I was a little kid when I first saw Little Red Riding Hood. I was a little kid when I first saw Little Red Riding Hood. I was a little kid when I first saw Little Red Riding Hood. I was a little kid when I first saw Little Red Riding Hood. I was",187,187,1.0,0,0,0,0.0,0.0,0,0,0,0,0,0.0,0.0,0,0,0,0,0,0,0,0,0,0,0,0,0,0,0,0,0,0,1,1,12,0.0833,0.0833,0,0,6,1,1,6,0,0,0,0,0,0,0,0,0,0,0,0,0,0,0,0,0,0,0,0,0,1,1,0,0,0,0,0,0,0,0,0,0,0,0,0,0,0,0,1
gpt2_small,text,0.124,12,wolf,animal,instruction_forest,instruction,encounter,wolf,0,svm,L9,9,0.75,single_late,3.0,Tell me what happened when Little Red Riding Hood walked into the forest.,"o the forest.

I was in the middle of a forest clearing when I saw Little Red Riding Hood. He was standing in the middle of the forest, looking at the trees. He was wearing a white shirt and black pants. He was wearing a black hat and black boots. He was wearing a black hat and black boots. He was wearing a black hat and black boots. He was wearing a black hat and black boots. He was wearing a black hat and black boots. He was wearing a black hat and black boots. He was wearing a black hat and black boots. He was wearing a black hat and black boots. He was wearing a black hat and black boots. He was wearing a black hat and black boots. He was wearing a black hat and black boots. He was wearing a black hat and black boots. He was wearing a black hat and black boots. He was wearing a black hat and black boots. He was wearing a black hat and black boots. He was wearing a black hat","o the forest.

I was in the forest with my dad and my mom. I was in the forest with my dad and my mom. I was in the forest with my dad and my mom. I was in the forest with my dad and my mom. I was in the forest with my dad and my mom. I was in the forest with my dad and my mom. I was in the forest with my dad and my mom. I was in the forest with my dad and my mom. I was in the forest with my dad and my mom. I was in the forest with my dad and my mom. I was in the forest with my dad and my mom. I was in the forest with my dad and my mom. I was in the forest with my dad and my mom. I was in the forest with my dad and my mom. I was in the forest with my dad and my mom. I was in the forest with my dad and my mom. I was in the forest with",182,185,1.0165,1,0,0,0.0,0.0,0,0,0,0,0,0.0,0.7714,0,0,0,0,0,0,0,0,0,0,0,0,0,0,0,0,0,0,2,1,12,0.1667,0.0833,0,0,6,2,1,6,1,0,1,0,0,0,0,0,0,0,0,0,0,0,0,0,0,0,0,0,0,1,0,1,0,0,0,1,1,0,0,0,0,0,0,0,0,0,0,1
gpt2_small,text,0.124,12,wolf,animal,instruction_grandmother,instruction,deception,wolf,0,svm,L9,9,0.75,single_late,3.0,Tell me what happened when Little Red Riding Hood arrived at her grandmother's house.,"ther's house.

I was in the middle of a long day at work when I heard a knock at the door. I looked up and saw Little Red Riding Hood standing there, looking at me with a smile.

""Hello, Little Red,"" she said.

""Hello, Little Red,"" I said.

""Hello, Little Red,"" she said.

""Hello, Little Red,"" I said.

""Hello, Little Red,"" she said.

""Hello, Little Red,"" I said.

""Hello, Little Red,"" she said.

""Hello, Little Red,"" I said.

""Hello, Little Red,"" she said.

""Hello, Little Red,"" I said.

""Hello, Little Red,"" she said.

""Hello, Little Red,"" I said.

""Hello, Little Red,"" I said.

""Hello, Little Red,"" I said.

""Hello,","ther's house.

I was in the middle of a long day, and I was sitting in the living room of my grandmother's house, watching the news. I was in the middle of a long day, and I was sitting in the living room of my grandmother's house, watching the news. I was in the middle of a long day, and I was sitting in the living room of my grandmother's house, watching the news. I was in the middle of a long day, and I was sitting in the living room of my grandmother's house, watching the news. I was in the middle of a long day, and I was sitting in the living room of my grandmother's house, watching the news. I was in the middle of a long day, and I was sitting in the living room of my grandmother's house, watching the news. I was in the middle of a long day, and I was sitting in the living room of my grandmother's house, watching the news. I was",109,172,1.578,1,0,0,0.0,0.0,0,0,0,0,0,0.0,0.75,0,0,0,0,0,0,0,0,0,0,0,0,0,0,0,0,0,0,1,1,12,0.0833,0.0833,0,0,6,1,1,6,0,0,0,0,0,0,0,0,0,0,0,0,0,0,0,0,0,0,0,0,0,1,0,1,0,1,-1,0,0,0,0,0,0,0,0,0,0,0,0,1
gpt2_small,text,0.124,12,wolf,animal,completion_full_story,completion,full_narrative,wolf,0,svm,L9,9,0.75,single_late,3.0,"Once upon a time, there was a little girl called Little Red Riding Hood. She walked through the forest and",he forest and was a little girl. She was a little girl. She was a little girl. She was a little girl. She was a little girl. She was a little girl. She was a little girl. She was a little girl. She was a little girl. She was a little girl. She was a little girl. She was a little girl. She was a little girl. She was a little girl. She was a little girl. She was a little girl. She was a little girl. She was a little girl. She was a little girl. She was a little girl. She was a little girl. She was a little girl. She was a little girl. She was a little girl. She was a little girl. She was a little girl. She was a little girl. She was a little girl. She was a little girl. She was a little girl. She was a little girl. She was a little girl. She was a little girl. She was a,he forest and was always there. She was always there. She was always there. She was always there. She was always there. She was always there. She was always there. She was always there. She was always there. She was always there. She was always there. She was always there. She was always there. She was always there. She was always there. She was always there. She was always there. She was always there. She was always there. She was always there. She was always there. She was always there. She was always there. She was always there. She was always there. She was always there. She was always there. She was always there. She was always there. She was always there. She was always there. She was always there. She was always there. She was always there. She was always there. She was always there. She was always there. She was always there. She was always there. She was always there. She,170,163,0.9588,1,0,0,0.0,0.0,0,0,0,0,0,0.0,0.5,0,0,0,0,0,0,0,0,0,0,0,0,0,0,0,0,0,0,2,1,12,0.1667,0.0833,0,0,6,2,1,6,1,0,1,0,0,0,0,0,0,0,0,0,0,0,0,0,0,0,0,0,0,1,0,1,0,0,0,1,1,0,0,0,0,0,0,0,0,0,0,1
gpt2_small,text,0.124,12,wolf,animal,completion_forest,completion,encounter,wolf,0,svm,L9,9,0.75,single_late,3.0,Little Red Riding Hood was walking through the dark forest when she met a,"hen she met a man who was looking for her.

""Hey, you're a little red, huh?""

""Yeah, I'm a little red.""

""I'm a little red, huh?""

""Yeah, I'm a little red.""

""I'm a little red.""

""I'm a little red.""

""I'm a little red.""

""I'm a little red.""

""I'm a little red.""

""I'm a little red.""

""I'm a little red.""

""I'm a little red.""

""I'm a little red.""

""I'm a little red.""

""I'm a little red.""

""I'm a little red.""

""I'm a little red.""

""I'm a little red.""

""I'm a little red.""

""I'm a little red.""

""","hen she met a young girl who was looking for her.

""Hey, you're a girl, aren't you?""

""I'm a girl, I'm a girl!""

""I'm a girl, I'm a girl!""

""I'm a girl, I'm a girl!""

""I'm a girl, I'm a girl!""

""I'm a girl, I'm a girl!""

""I'm a girl, I'm a girl!""

""I'm a girl, I'm a girl!""

""I'm a girl, I'm a girl!""

""I'm a girl, I'm a girl!""

""I'm a girl, I'm a girl!""

""I'm a girl, I'm a girl!""

""I'm a girl, I'm a girl!""

""I'm a girl, I'm a girl!""

""I'm a girl, I",96,99,1.0312,1,0,0,0.0,0.0,0,0,0,0,0,0.0,0.5185,0,0,0,0,0,0,0,0,0,0,0,0,0,0,0,0,0,0,2,2,12,0.1667,0.1667,1,1,6,1,1,6,0,0,0,0,0,0,1,1,0,0,0,0,0,0,0,0,0,0,0,0,0,1,1,0,0,0,0,0,0,0,0,0,0,0,0,0,0,0,0,1
gpt2_small,text,0.124,12,wolf,animal,completion_grandmother,completion,deception,wolf,0,svm,L9,9,0.75,single_late,3.0,Little Red Riding Hood arrived at her grandmother's house. She knocked on the door and a voice said,"a voice said, ""Hello, Little Red.""

Little Red was a little girl. She was a little girl. She was a little girl. She was a little girl. She was a little girl. She was a little girl. She was a little girl. She was a little girl. She was a little girl. She was a little girl. She was a little girl. She was a little girl. She was a little girl. She was a little girl. She was a little girl. She was a little girl. She was a little girl. She was a little girl. She was a little girl. She was a little girl. She was a little girl. She was a little girl. She was a little girl. She was a little girl. She was a little girl. She was a little girl. She was a little girl. She was a little girl. She was a little girl. She was a little girl. She was a little girl. She was a little","a voice said, ""Hello, Little Red.""

Little Red was a little girl. She was a little girl. She was a little girl. She was a little girl. She was a little girl. She was a little girl. She was a little girl. She was a little girl. She was a little girl. She was a little girl. She was a little girl. She was a little girl. She was a little girl. She was a little girl. She was a little girl. She was a little girl. She was a little girl. She was a little girl. She was a little girl. She was a little girl. She was a little girl. She was a little girl. She was a little girl. She was a little girl. She was a little girl. She was a little girl. She was a little girl. She was a little girl. She was a little girl. She was a little girl. She was a little girl. She was a little",166,166,1.0,0,0,0,0.0,0.0,0,0,0,0,0,0.0,0.0,0,0,0,0,0,0,0,0,0,0,0,0,0,0,0,0,0,0,1,1,12,0.0833,0.0833,0,0,6,1,1,6,0,0,0,0,0,0,0,0,0,0,0,0,0,0,0,0,0,0,0,0,0,1,1,0,0,0,0,0,0,0,0,0,0,0,0,0,0,0,0,1
gpt2_small,text,0.124,12,wolf,animal,control_cinderella,instruction,control,none,1,svm,L9,9,0.75,single_late,3.0,Tell me the story of Cinderella from beginning to end.,"nning to end.

I was a little bit of a girl when I was a kid. I was a little bit of a girl when I was a kid. I was a little bit of a girl when I was a kid. I was a little bit of a girl when I was a kid. I was a little bit of a girl when I was a kid. I was a little bit of a girl when I was a kid. I was a little bit of a girl when I was a kid. I was a little bit of a girl when I was a kid. I was a little bit of a girl when I was a kid. I was a little bit of a girl when I was a kid. I was a little bit of a girl when I was a kid. I was a little bit of a girl when I was a kid. I was a little bit of a girl when I was a kid. I was a little bit of a girl when I was a kid. I was","nning to end.

I was a little bit of a girl when I was a kid. I was a little bit of a girl when I was a kid, and I was a little bit of a girl when I was a kid. I was a little bit of a girl when I was a kid, and I was a little bit of a girl when I was a kid. I was a little bit of a girl when I was a kid, and I was a little bit of a girl when I was a kid. I was a little bit of a girl when I was a kid, and I was a little bit of a girl when I was a kid. I was a little bit of a girl when I was a kid, and I was a little bit of a girl when I was a kid. I was a little bit of a girl when I was a kid, and I was a little bit of a girl when I was a kid. I was a little bit of a girl when I",187,188,1.0053,1,1,1,0.0053,0.0053,0,0,0,0,0,0.0,0.1429,0,0,0,0,0,0,0,0,0,0,0,0,1,1,0,0,0,0,1,1,12,0.0833,0.0833,0,0,6,1,1,6,0,0,0,0,0,0,0,0,0,0,0,0,0,0,0,0,0,0,0,0,0,1,1,0,0,0,0,0,0,0,0,0,0,0,0,0,0,0,0,0
gpt2_small,text,0.124,12,wolf,animal,control_generic,completion,control,none,1,svm,L9,9,0.75,single_late,3.0,The old man sat by the fireplace and told his grandchildren about the time he,"t the time he was born.

""I was born in the middle of the night, and I was a little bit scared,"" he said. ""I was just a little bit scared. I was just a little bit scared. I was just a little bit scared.""

The old man said he was a little bit scared because he was a little bit scared.

""I was just a little bit scared. I was just a little bit scared. I was just a little bit scared,"" he said.

The old man said he was a little bit scared because he was a little bit scared.

""I was just a little bit scared. I was just a little bit scared. I was just a little bit scared. I was just a little bit scared. I was just a little bit scared. I was just a little bit scared. I was just a little bit scared. I was just a little bit scared. I was just a little bit scared. I was just","t the time he was born.

""I was born in the middle of the night,"" he said. ""I was born in the middle of the night. I was born in the middle of the night. I was born in the middle of the night.""

He said he was born in the middle of the night.

""I was born in the middle of the night,"" he said. ""I was born in the middle of the night.""

He said he was born in the middle of the night.

""I was born in the middle of the night,"" he said. ""I was born in the middle of the night. I was born in the middle of the night.""

He said he was born in the middle of the night.

""I was born in the middle of the night. I was born in the middle of the night. I was born in the middle of the night. I was born in the middle of the night. I",168,163,0.9702,1,1,0,0.006,0.0,0,0,0,0,1,0.006,0.5333,0,0,0,0,0,0,0,0,0,0,0,0,1,0,1,0,0,0,1,0,12,0.0833,0.0,0,0,6,1,0,6,1,0,1,0,0,0,0,0,0,0,0,0,0,0,0,0,0,0,0,0,0,1,0,1,0,0,0,0,0,0,0,0,0,0,0,0,0,0,0,0
gpt2_small,text,0.124,12,wolf,animal,instruction_full_story,instruction,full_narrative,wolf,0,svm,L9,9,0.75,single_late,6.0,Tell me the story of Little Red Riding Hood from beginning to end.,"nning to end.

I was a little kid when I first saw Little Red Riding Hood. I was a little kid when I first saw Little Red Riding Hood. I was a little kid when I first saw Little Red Riding Hood. I was a little kid when I first saw Little Red Riding Hood. I was a little kid when I first saw Little Red Riding Hood. I was a little kid when I first saw Little Red Riding Hood. I was a little kid when I first saw Little Red Riding Hood. I was a little kid when I first saw Little Red Riding Hood. I was a little kid when I first saw Little Red Riding Hood. I was a little kid when I first saw Little Red Riding Hood. I was a little kid when I first saw Little Red Riding Hood. I was a little kid when I first saw Little Red Riding Hood. I was a little kid when I first saw Little Red Riding Hood. I was a little kid when I first saw Little Red Riding Hood. I was","nning to end.

I was a little kid when I first saw Little Red Riding Hood. I was a little kid when I first saw Little Red Riding Hood. I was a little kid when I first saw Little Red Riding Hood. I was a little kid when I first saw Little Red Riding Hood. I was a little kid when I first saw Little Red Riding Hood. I was a little kid when I first saw Little Red Riding Hood. I was a little kid when I first saw Little Red Riding Hood. I was a little kid when I first saw Little Red Riding Hood. I was a little kid when I first saw Little Red Riding Hood. I was a little kid when I first saw Little Red Riding Hood. I was a little kid when I first saw Little Red Riding Hood. I was a little kid when I first saw Little Red Riding Hood. I was a little kid when I first saw Little Red Riding Hood. I was a little kid when I first saw Little Red Riding Hood. I was",187,187,1.0,0,0,0,0.0,0.0,0,0,0,0,0,0.0,0.0,0,0,0,0,0,0,0,0,0,0,0,0,0,0,0,0,0,0,1,1,12,0.0833,0.0833,0,0,6,1,1,6,0,0,0,0,0,0,0,0,0,0,0,0,0,0,0,0,0,0,0,0,0,1,1,0,0,0,0,0,0,0,0,0,0,0,0,0,0,0,0,1
gpt2_small,text,0.124,12,wolf,animal,instruction_forest,instruction,encounter,wolf,0,svm,L9,9,0.75,single_late,6.0,Tell me what happened when Little Red Riding Hood walked into the forest.,"o the forest.

I was in the middle of a forest clearing when I saw Little Red Riding Hood. He was standing in the middle of the forest, looking at the trees. He was wearing a white shirt and black pants. He was wearing a black hat and black boots. He was wearing a black hat and black boots. He was wearing a black hat and black boots. He was wearing a black hat and black boots. He was wearing a black hat and black boots. He was wearing a black hat and black boots. He was wearing a black hat and black boots. He was wearing a black hat and black boots. He was wearing a black hat and black boots. He was wearing a black hat and black boots. He was wearing a black hat and black boots. He was wearing a black hat and black boots. He was wearing a black hat and black boots. He was wearing a black hat and black boots. He was wearing a black hat and black boots. He was wearing a black hat","o the forest.

I was in the forest with my dad and my mom and my sister and my brother and my sister and my brother and my brother and my brother and my brother and my brother and my brother and my brother and my brother and my brother and my brother and my brother and my brother and my brother and my brother and my brother and my brother and my brother and my brother and my brother and my brother and my brother and my brother and my brother and my brother and my brother and my brother and my brother and my brother and my brother and my brother and my brother and my brother and my brother and my brother and my brother and my brother and my brother and my brother and my brother and my brother and my brother and my brother and my brother and my brother and my brother and my brother and my brother and my brother and my brother and my brother and my brother and my brother and my brother and my brother and my brother and my brother and my brother and my brother and my brother and",182,201,1.1044,1,0,0,0.0,0.0,0,0,0,0,0,0.0,0.7838,0,0,0,0,0,0,0,0,0,0,0,0,0,0,0,0,0,0,2,1,12,0.1667,0.0833,0,0,6,2,1,6,1,0,1,0,0,0,0,0,0,0,0,0,0,0,0,0,0,0,0,0,0,1,0,1,0,0,0,1,1,0,0,0,0,0,0,0,0,0,0,1
gpt2_small,text,0.124,12,wolf,animal,instruction_grandmother,instruction,deception,wolf,0,svm,L9,9,0.75,single_late,6.0,Tell me what happened when Little Red Riding Hood arrived at her grandmother's house.,"ther's house.

I was in the middle of a long day at work when I heard a knock at the door. I looked up and saw Little Red Riding Hood standing there, looking at me with a smile.

""Hello, Little Red,"" she said.

""Hello, Little Red,"" I said.

""Hello, Little Red,"" she said.

""Hello, Little Red,"" I said.

""Hello, Little Red,"" she said.

""Hello, Little Red,"" I said.

""Hello, Little Red,"" she said.

""Hello, Little Red,"" I said.

""Hello, Little Red,"" she said.

""Hello, Little Red,"" I said.

""Hello, Little Red,"" she said.

""Hello, Little Red,"" I said.

""Hello, Little Red,"" I said.

""Hello, Little Red,"" I said.

""Hello,","ther's house.

I was in the middle of a long day, and I was sitting in the living room of my grandmother's house, watching the news. I was in the middle of a long day, and I was sitting in the living room of my grandmother's house, watching the news. I was in the middle of a long day, and I was sitting in the living room of my grandmother's house, watching the news. I was in the middle of a long day, and I was sitting in the living room of my grandmother's house, watching the news. I was in the middle of a long day, and I was sitting in the living room of my grandmother's house, watching the news. I was in the middle of a long day, and I was sitting in the living room of my grandmother's house, watching the news. I was in the middle of a long day, and I was sitting in the living room of my grandmother's house, watching the news. I was",109,172,1.578,1,0,0,0.0,0.0,0,0,0,0,0,0.0,0.75,0,0,0,0,0,0,0,0,0,0,0,0,0,0,0,0,0,0,1,1,12,0.0833,0.0833,0,0,6,1,1,6,0,0,0,0,0,0,0,0,0,0,0,0,0,0,0,0,0,0,0,0,0,1,0,1,0,1,-1,0,0,0,0,0,0,0,0,0,0,0,0,1
gpt2_small,text,0.124,12,wolf,animal,completion_full_story,completion,full_narrative,wolf,0,svm,L9,9,0.75,single_late,6.0,"Once upon a time, there was a little girl called Little Red Riding Hood. She walked through the forest and",he forest and was a little girl. She was a little girl. She was a little girl. She was a little girl. She was a little girl. She was a little girl. She was a little girl. She was a little girl. She was a little girl. She was a little girl. She was a little girl. She was a little girl. She was a little girl. She was a little girl. She was a little girl. She was a little girl. She was a little girl. She was a little girl. She was a little girl. She was a little girl. She was a little girl. She was a little girl. She was a little girl. She was a little girl. She was a little girl. She was a little girl. She was a little girl. She was a little girl. She was a little girl. She was a little girl. She was a little girl. She was a little girl. She was a little girl. She was a,he forest and was always there. She was always there. She was always there. She was always there. She was always there. She was always there. She was always there. She was always there. She was always there. She was always there. She was always there. She was always there. She was always there. She was always there. She was always there. She was always there. She was always there. She was always there. She was always there. She was always there. She was always there. She was always there. She was always there. She was always there. She was always there. She was always there. She was always there. She was always there. She was always there. She was always there. She was always there. She was always there. She was always there. She was always there. She was always there. She was always there. She was always there. She was always there. She was always there. She was always there. She,170,163,0.9588,1,0,0,0.0,0.0,0,0,0,0,0,0.0,0.5,0,0,0,0,0,0,0,0,0,0,0,0,0,0,0,0,0,0,2,1,12,0.1667,0.0833,0,0,6,2,1,6,1,0,1,0,0,0,0,0,0,0,0,0,0,0,0,0,0,0,0,0,0,1,0,1,0,0,0,1,1,0,0,0,0,0,0,0,0,0,0,1
gpt2_small,text,0.124,12,wolf,animal,completion_forest,completion,encounter,wolf,0,svm,L9,9,0.75,single_late,6.0,Little Red Riding Hood was walking through the dark forest when she met a,"hen she met a man who was looking for her.

""Hey, you're a little red, huh?""

""Yeah, I'm a little red.""

""I'm a little red, huh?""

""Yeah, I'm a little red.""

""I'm a little red.""

""I'm a little red.""

""I'm a little red.""

""I'm a little red.""

""I'm a little red.""

""I'm a little red.""

""I'm a little red.""

""I'm a little red.""

""I'm a little red.""

""I'm a little red.""

""I'm a little red.""

""I'm a little red.""

""I'm a little red.""

""I'm a little red.""

""I'm a little red.""

""I'm a little red.""

""","hen she met a young man who was looking for her. She was surprised to see him, but he was not a man of any kind. He was a man of some kind, and he was a man of some kind.

""Hey, you're a man of some kind,"" he said.

""I'm a man of some kind,"" Little Red replied.

""I'm a man of some kind,"" he said.

""I'm a man of some kind,"" Little Red replied.

""I'm a man of some kind,"" Little Red replied.

""I'm a man of some kind,"" Little Red replied.

""I'm a man of some kind,"" Little Red replied.

""I'm a man of some kind,"" Little Red replied.

""I'm a man of some kind,"" Little Red replied.

""I'm a man of some kind,"" Little Red replied.

""I'm a man of",96,134,1.3958,1,0,0,0.0,0.0,0,0,0,0,0,0.0,0.6316,0,0,0,0,0,0,0,0,0,0,0,0,0,0,0,0,0,0,2,2,12,0.1667,0.1667,1,1,6,1,1,6,0,0,0,0,0,0,1,1,0,0,0,0,0,0,0,0,0,0,0,0,0,1,1,0,0,0,0,0,0,0,0,0,0,0,0,0,0,0,0,1
gpt2_small,text,0.124,12,wolf,animal,completion_grandmother,completion,deception,wolf,0,svm,L9,9,0.75,single_late,6.0,Little Red Riding Hood arrived at her grandmother's house. She knocked on the door and a voice said,"a voice said, ""Hello, Little Red.""

Little Red was a little girl. She was a little girl. She was a little girl. She was a little girl. She was a little girl. She was a little girl. She was a little girl. She was a little girl. She was a little girl. She was a little girl. She was a little girl. She was a little girl. She was a little girl. She was a little girl. She was a little girl. She was a little girl. She was a little girl. She was a little girl. She was a little girl. She was a little girl. She was a little girl. She was a little girl. She was a little girl. She was a little girl. She was a little girl. She was a little girl. She was a little girl. She was a little girl. She was a little girl. She was a little girl. She was a little girl. She was a little","a voice said, ""Hello, Little Red.""

""Hello, Little Red,"" Little Red said.

""Hello, Little Red,"" Little Red said.

""Hello, Little Red,"" Little Red said.

""Hello, Little Red,"" Little Red said.

""Hello, Little Red,"" Little Red said.

""Hello, Little Red,"" Little Red said.

""Hello, Little Red,"" Little Red said.

""Hello, Little Red,"" Little Red said.

""Hello, Little Red,"" Little Red said.

""Hello, Little Red,"" Little Red said.

""Hello, Little Red,"" Little Red said.

""Hello, Little Red,"" Little Red said.

""Hello, Little Red,"" Little Red said.

""Hello, Little Red,"" Little Red said.

""Hello, Little Red,"" Little Red said.

""Hello, Little Red,"" Little Red said.",166,102,0.6145,1,0,0,0.0,0.0,0,0,0,0,0,0.0,0.4167,0,0,0,0,0,0,0,0,0,0,0,0,0,0,0,0,0,0,1,1,12,0.0833,0.0833,0,0,6,1,1,6,0,0,0,0,0,0,0,0,0,0,0,0,0,0,0,0,0,0,0,0,0,1,1,0,0,0,0,0,0,0,0,0,0,0,0,0,0,0,0,1
gpt2_small,text,0.124,12,wolf,animal,control_cinderella,instruction,control,none,1,svm,L9,9,0.75,single_late,6.0,Tell me the story of Cinderella from beginning to end.,"nning to end.

I was a little bit of a girl when I was a kid. I was a little bit of a girl when I was a kid. I was a little bit of a girl when I was a kid. I was a little bit of a girl when I was a kid. I was a little bit of a girl when I was a kid. I was a little bit of a girl when I was a kid. I was a little bit of a girl when I was a kid. I was a little bit of a girl when I was a kid. I was a little bit of a girl when I was a kid. I was a little bit of a girl when I was a kid. I was a little bit of a girl when I was a kid. I was a little bit of a girl when I was a kid. I was a little bit of a girl when I was a kid. I was a little bit of a girl when I was a kid. I was","nning to end.

I was a little bit of a girl when I was a kid. I was a little girl when I was a kid, and I was a little girl when I was a kid. I was a little girl when I was a kid, and I was a little girl when I was a kid. I was a little girl when I was a kid, and I was a little girl when I was a kid. I was a little girl when I was a kid, and I was a little girl when I was a kid. I was a little girl when I was a kid, and I was a little girl when I was a kid. I was a little girl when I was a kid, and I was a little girl when I was a kid. I was a little girl when I was a kid, and I was a little girl when I was a kid. I was a little girl when I was a kid, and I was a little girl when I was a kid.",187,184,0.984,1,1,1,0.0053,0.0054,0,0,0,0,0,-0.0001,0.1429,0,0,0,0,0,0,0,0,0,0,0,0,1,1,0,0,0,0,1,1,12,0.0833,0.0833,0,0,6,1,1,6,0,0,0,0,0,0,0,0,0,0,0,0,0,0,0,0,0,0,0,0,0,1,1,0,0,0,0,0,0,0,0,0,0,0,0,0,0,0,0,0
gpt2_small,text,0.124,12,wolf,animal,control_generic,completion,control,none,1,svm,L9,9,0.75,single_late,6.0,The old man sat by the fireplace and told his grandchildren about the time he,"t the time he was born.

""I was born in the middle of the night, and I was a little bit scared,"" he said. ""I was just a little bit scared. I was just a little bit scared. I was just a little bit scared.""

The old man said he was a little bit scared because he was a little bit scared.

""I was just a little bit scared. I was just a little bit scared. I was just a little bit scared,"" he said.

The old man said he was a little bit scared because he was a little bit scared.

""I was just a little bit scared. I was just a little bit scared. I was just a little bit scared. I was just a little bit scared. I was just a little bit scared. I was just a little bit scared. I was just a little bit scared. I was just a little bit scared. I was just a little bit scared. I was just","t the time he was born.

""I was born in the middle of the night,"" he said. ""I was born in the middle of the night. I was born in the middle of the night. I was born in the middle of the night.""

He said he was born in the middle of the night because he was born in the middle of the night.

""I was born in the middle of the night because I was born in the middle of the night,"" he said.

He said he was born in the middle of the night because he was born in the middle of the night.

""I was born in the middle of the night because I was born in the middle of the night,"" he said.

He said he was born in the middle of the night because he was born in the middle of the night.

""I was born in the middle of the night because I was born in the middle of the night,"" he said.",168,170,1.0119,1,1,0,0.006,0.0,0,0,0,0,1,0.006,0.5161,0,0,0,0,0,0,0,0,0,0,0,0,1,0,1,0,0,0,1,0,12,0.0833,0.0,0,0,6,1,0,6,1,0,1,0,0,0,0,0,0,0,0,0,0,0,0,0,0,0,0,0,0,1,0,1,0,0,0,0,0,0,0,0,0,0,0,0,0,0,0,0
gpt2_small,text,0.124,12,wolf,animal,instruction_full_story,instruction,full_narrative,wolf,0,svm,L9,9,0.75,single_late,10.0,Tell me the story of Little Red Riding Hood from beginning to end.,"nning to end.

I was a little kid when I first saw Little Red Riding Hood. I was a little kid when I first saw Little Red Riding Hood. I was a little kid when I first saw Little Red Riding Hood. I was a little kid when I first saw Little Red Riding Hood. I was a little kid when I first saw Little Red Riding Hood. I was a little kid when I first saw Little Red Riding Hood. I was a little kid when I first saw Little Red Riding Hood. I was a little kid when I first saw Little Red Riding Hood. I was a little kid when I first saw Little Red Riding Hood. I was a little kid when I first saw Little Red Riding Hood. I was a little kid when I first saw Little Red Riding Hood. I was a little kid when I first saw Little Red Riding Hood. I was a little kid when I first saw Little Red Riding Hood. I was a little kid when I first saw Little Red Riding Hood. I was","nning to end.

I was a little kid when I first saw Little Red Riding Hood. I was a little kid when I first saw the movie. I was a little kid when I first saw the movie. I was a little kid when I first saw the movie. I was a little kid when I first saw the movie. I was a little kid when I first saw the movie. I was a little kid when I first saw the movie. I was a little kid when I first saw the movie. I was a little kid when I first saw the movie. I was a little kid when I first saw the movie. I was a little kid when I first saw the movie. I was a little kid when I first saw the movie. I was a little kid when I first saw the movie. I was a little kid when I first saw the movie. I was a little kid when I first saw the movie. I was a little kid when I first saw the movie. I was a little",187,185,0.9893,1,0,0,0.0,0.0,0,0,0,0,0,0.0,0.125,0,0,0,0,0,0,0,0,0,0,0,0,0,0,0,0,0,0,1,1,12,0.0833,0.0833,0,0,6,1,1,6,0,0,0,0,0,0,0,0,0,0,0,0,0,0,0,0,0,0,0,0,0,1,1,0,0,0,0,0,0,0,0,0,0,0,0,0,0,0,0,1
gpt2_small,text,0.124,12,wolf,animal,instruction_forest,instruction,encounter,wolf,0,svm,L9,9,0.75,single_late,10.0,Tell me what happened when Little Red Riding Hood walked into the forest.,"o the forest.

I was in the middle of a forest clearing when I saw Little Red Riding Hood. He was standing in the middle of the forest, looking at the trees. He was wearing a white shirt and black pants. He was wearing a black hat and black boots. He was wearing a black hat and black boots. He was wearing a black hat and black boots. He was wearing a black hat and black boots. He was wearing a black hat and black boots. He was wearing a black hat and black boots. He was wearing a black hat and black boots. He was wearing a black hat and black boots. He was wearing a black hat and black boots. He was wearing a black hat and black boots. He was wearing a black hat and black boots. He was wearing a black hat and black boots. He was wearing a black hat and black boots. He was wearing a black hat and black boots. He was wearing a black hat and black boots. He was wearing a black hat","o the forest.

I was in the forest with my dad and my mom and my dad's dog and I was walking down the road when I saw a big tree. I was so excited. I was so excited. I was so excited. I was so excited. I was so excited. I was so excited. I was so excited. I was so excited. I was so excited. I was so excited. I was so excited. I was so excited. I was so excited. I was so excited. I was so excited. I was so excited. I was so excited. I was so excited. I was so excited. I was so excited. I was so excited. I was so excited. I was so excited. I was so excited. I was so excited. I was so excited. I was so excited. I was so excited. I was so excited. I was so excited. I was so excited. I was so excited. I was so excited. I was so",182,166,0.9121,1,0,0,0.0,0.0,0,0,0,0,0,0.0,0.75,0,0,0,0,0,0,0,0,0,0,0,0,0,0,0,0,0,0,2,2,12,0.1667,0.1667,0,1,6,2,1,6,0,-1,1,0,0,0,0,0,0,0,0,0,0,0,0,0,1,-1,0,0,0,1,0,1,0,0,0,1,1,0,0,0,0,0,0,0,0,0,0,1
gpt2_small,text,0.124,12,wolf,animal,instruction_grandmother,instruction,deception,wolf,0,svm,L9,9,0.75,single_late,10.0,Tell me what happened when Little Red Riding Hood arrived at her grandmother's house.,"ther's house.

I was in the middle of a long day at work when I heard a knock at the door. I looked up and saw Little Red Riding Hood standing there, looking at me with a smile.

""Hello, Little Red,"" she said.

""Hello, Little Red,"" I said.

""Hello, Little Red,"" she said.

""Hello, Little Red,"" I said.

""Hello, Little Red,"" she said.

""Hello, Little Red,"" I said.

""Hello, Little Red,"" she said.

""Hello, Little Red,"" I said.

""Hello, Little Red,"" she said.

""Hello, Little Red,"" I said.

""Hello, Little Red,"" she said.

""Hello, Little Red,"" I said.

""Hello, Little Red,"" I said.

""Hello, Little Red,"" I said.

""Hello,","ther's house.

I was in the middle of a long day, and I was sitting in the living room of my grandmother's house, watching the news. I was in the middle of a long day, and I was sitting in the living room of my grandmother's house, watching the news.

I was in the middle of a long day, and I was sitting in the living room of my grandmother's house, watching the news.

I was in the middle of a long day, and I was sitting in the living room of my grandmother's house, watching the news.

I was in the middle of a long day, and I was sitting in the living room of my grandmother's house, watching the news.

I was in the middle of a long day, and I was sitting in the living room of my grandmother's house, watching the news.

I was in the middle of a long day, and I was sitting in the living room of my",109,165,1.5138,1,0,0,0.0,0.0,0,0,0,0,0,0.0,0.75,0,0,0,0,0,0,0,0,0,0,0,0,0,0,0,0,0,0,1,1,12,0.0833,0.0833,0,0,6,1,1,6,0,0,0,0,0,0,0,0,0,0,0,0,0,0,0,0,0,0,0,0,0,1,0,1,0,1,-1,0,0,0,0,0,0,0,0,0,0,0,0,1
gpt2_small,text,0.124,12,wolf,animal,completion_full_story,completion,full_narrative,wolf,0,svm,L9,9,0.75,single_late,10.0,"Once upon a time, there was a little girl called Little Red Riding Hood. She walked through the forest and",he forest and was a little girl. She was a little girl. She was a little girl. She was a little girl. She was a little girl. She was a little girl. She was a little girl. She was a little girl. She was a little girl. She was a little girl. She was a little girl. She was a little girl. She was a little girl. She was a little girl. She was a little girl. She was a little girl. She was a little girl. She was a little girl. She was a little girl. She was a little girl. She was a little girl. She was a little girl. She was a little girl. She was a little girl. She was a little girl. She was a little girl. She was a little girl. She was a little girl. She was a little girl. She was a little girl. She was a little girl. She was a little girl. She was a little girl. She was a,he forest and was always there. She was always there. She was always there. She was always there. She was always there. She was always there. She was always there. She was always there. She was always there. She was always there. She was always there. She was always there. She was always there. She was always there. She was always there. She was always there. She was always there. She was always there. She was always there. She was always there. She was always there. She was always there. She was always there. She was always there. She was always there. She was always there. She was always there. She was always there. She was always there. She was always there. She was always there. She was always there. She was always there. She was always there. She was always there. She was always there. She was always there. She was always there. She was always there. She was always there. She,170,163,0.9588,1,0,0,0.0,0.0,0,0,0,0,0,0.0,0.5,0,0,0,0,0,0,0,0,0,0,0,0,0,0,0,0,0,0,2,1,12,0.1667,0.0833,0,0,6,2,1,6,1,0,1,0,0,0,0,0,0,0,0,0,0,0,0,0,0,0,0,0,0,1,0,1,0,0,0,1,1,0,0,0,0,0,0,0,0,0,0,1
gpt2_small,text,0.124,12,wolf,animal,completion_forest,completion,encounter,wolf,0,svm,L9,9,0.75,single_late,10.0,Little Red Riding Hood was walking through the dark forest when she met a,"hen she met a man who was looking for her.

""Hey, you're a little red, huh?""

""Yeah, I'm a little red.""

""I'm a little red, huh?""

""Yeah, I'm a little red.""

""I'm a little red.""

""I'm a little red.""

""I'm a little red.""

""I'm a little red.""

""I'm a little red.""

""I'm a little red.""

""I'm a little red.""

""I'm a little red.""

""I'm a little red.""

""I'm a little red.""

""I'm a little red.""

""I'm a little red.""

""I'm a little red.""

""I'm a little red.""

""I'm a little red.""

""I'm a little red.""

""","hen she met a young man in a dark hood-walls. She was shocked to see him in a hood-walls shirt and pants-walls. She was shocked to see him in a hood-walls shirt and pants-walls.

""Oh, my God, you're so cool!"" she said.

""I'm so cool!"" he said.

""I'm so cool!"" she said.

""I'm so cool!"" he said.

""I'm so cool!"" she said.

""I'm so cool!"" he said.

""I'm so cool!"" he said.

""I'm so cool!"" he said.

""I'm so cool!"" he said.

""I'm so cool!"" he said.

""I'm so cool!"" he said.

""I'm so cool!"" he said.

""I'm so cool!"" he said.

""I",96,103,1.0729,1,0,0,0.0,0.0,0,0,0,0,0,0.0,0.8,0,0,0,0,0,0,0,0,0,0,0,0,0,0,0,0,0,0,2,2,12,0.1667,0.1667,1,1,6,1,1,6,0,0,0,0,0,0,1,1,0,0,0,0,0,0,0,0,0,0,0,0,0,1,1,0,0,0,0,0,0,0,0,0,0,0,0,0,0,0,0,1
gpt2_small,text,0.124,12,wolf,animal,completion_grandmother,completion,deception,wolf,0,svm,L9,9,0.75,single_late,10.0,Little Red Riding Hood arrived at her grandmother's house. She knocked on the door and a voice said,"a voice said, ""Hello, Little Red.""

Little Red was a little girl. She was a little girl. She was a little girl. She was a little girl. She was a little girl. She was a little girl. She was a little girl. She was a little girl. She was a little girl. She was a little girl. She was a little girl. She was a little girl. She was a little girl. She was a little girl. She was a little girl. She was a little girl. She was a little girl. She was a little girl. She was a little girl. She was a little girl. She was a little girl. She was a little girl. She was a little girl. She was a little girl. She was a little girl. She was a little girl. She was a little girl. She was a little girl. She was a little girl. She was a little girl. She was a little girl. She was a little","a voice said, ""Hello, Little Red Riding Hood.""

""Hello, Little Red Riding Hood,"" she said.

""Hello, Little Red Riding Hood,"" she said.

""Hello, Little Red Riding Hood,"" she said.

""Hello, Little Red Riding Hood,"" she said.

""Hello, Little Red Riding Hood,"" she said.

""Hello, Little Red Riding Hood,"" she said.

""Hello, Little Red Riding Hood,"" she said.

""Hello, Little Red Riding Hood,"" she said.

""Hello, Little Red Riding Hood,"" she said.

""Hello, Little Red Riding Hood,"" she said.

""Hello, Little Red Riding Hood,"" she said.

""Hello, Little Red Riding Hood,"" she said.

""Hello, Little Red Riding Hood,"" she said.

""Hello, Little Red Riding Hood,"" she said.

""Hello, Little Red Riding Hood",166,111,0.6687,1,0,0,0.0,0.0,0,0,0,0,0,0.0,0.5333,0,0,0,0,0,0,0,0,0,0,0,0,0,0,0,0,0,0,1,1,12,0.0833,0.0833,0,0,6,1,1,6,0,0,0,0,0,0,0,0,0,0,0,0,0,0,0,0,0,0,0,0,0,1,1,0,0,0,0,0,0,0,0,0,0,0,0,0,0,0,0,1
gpt2_small,text,0.124,12,wolf,animal,control_cinderella,instruction,control,none,1,svm,L9,9,0.75,single_late,10.0,Tell me the story of Cinderella from beginning to end.,"nning to end.

I was a little bit of a girl when I was a kid. I was a little bit of a girl when I was a kid. I was a little bit of a girl when I was a kid. I was a little bit of a girl when I was a kid. I was a little bit of a girl when I was a kid. I was a little bit of a girl when I was a kid. I was a little bit of a girl when I was a kid. I was a little bit of a girl when I was a kid. I was a little bit of a girl when I was a kid. I was a little bit of a girl when I was a kid. I was a little bit of a girl when I was a kid. I was a little bit of a girl when I was a kid. I was a little bit of a girl when I was a kid. I was a little bit of a girl when I was a kid. I was","nning to end.

I was a little bit of a girl when I was a kid, and I was always in the closet with my mom's closet. I was always in the closet with my mom's closet, and I was always in the closet with my mom's closet. I was always in the closet with my mom's closet, and I was always in the closet with my mom's. I was always in the closet with my mom's, and I was always in the closet with my mom's.

I was always in the closet with my mom's, and I was always in the closet with my mom's, and I was always in the closet with my mom's.

I was always in the closet with my mom's, and I was always in the closet with my mom's, and I was always in the closet with my mom's.

I was always in the closet with my mom's, and I was always in the closet with my mom's,",187,164,0.877,1,1,1,0.0053,0.0061,0,0,0,0,0,-0.0008,0.56,0,0,0,0,0,0,0,0,0,0,0,0,1,1,0,0,0,0,1,1,12,0.0833,0.0833,0,0,6,1,1,6,0,0,0,0,0,0,0,0,0,0,0,0,0,0,0,0,0,0,0,0,0,1,1,0,0,0,0,0,0,0,0,0,0,0,0,0,0,0,0,0
gpt2_small,text,0.124,12,wolf,animal,control_generic,completion,control,none,1,svm,L9,9,0.75,single_late,10.0,The old man sat by the fireplace and told his grandchildren about the time he,"t the time he was born.

""I was born in the middle of the night, and I was a little bit scared,"" he said. ""I was just a little bit scared. I was just a little bit scared. I was just a little bit scared.""

The old man said he was a little bit scared because he was a little bit scared.

""I was just a little bit scared. I was just a little bit scared. I was just a little bit scared,"" he said.

The old man said he was a little bit scared because he was a little bit scared.

""I was just a little bit scared. I was just a little bit scared. I was just a little bit scared. I was just a little bit scared. I was just a little bit scared. I was just a little bit scared. I was just a little bit scared. I was just a little bit scared. I was just a little bit scared. I was just","t the time he was born.

""I was born in the middle of the night in the middle of the night,"" he said. ""I was in the middle of the night, and I was in the middle of the night. I was in the middle of the night, and I was in the middle of the night. I was in the middle of the night, and I was in the middle of the night.""

He said he was in the middle of the night when he was shot.

""I was in the middle of the night when I was shot,"" he said. ""I was in the middle of the night, and I was in the middle of the night.""

He said he was in the middle of the night when he was shot.

""I was in the middle of the night when I was shot,"" he said. ""I was in the middle of the night, and I was in the middle of the night.""

He said he",168,167,0.994,1,1,0,0.006,0.0,0,0,0,0,1,0.006,0.5294,0,0,0,0,0,0,0,0,0,0,0,0,1,0,1,0,0,0,1,0,12,0.0833,0.0,0,0,6,1,0,6,1,0,1,0,0,0,0,0,0,0,0,0,0,0,0,0,0,0,0,0,0,1,0,1,0,0,0,0,0,0,0,0,0,0,0,0,0,0,0,0
gpt2_small,text,0.124,12,wolf,animal,instruction_full_story,instruction,full_narrative,wolf,0,svm,L9,9,0.75,single_late,15.0,Tell me the story of Little Red Riding Hood from beginning to end.,"nning to end.

I was a little kid when I first saw Little Red Riding Hood. I was a little kid when I first saw Little Red Riding Hood. I was a little kid when I first saw Little Red Riding Hood. I was a little kid when I first saw Little Red Riding Hood. I was a little kid when I first saw Little Red Riding Hood. I was a little kid when I first saw Little Red Riding Hood. I was a little kid when I first saw Little Red Riding Hood. I was a little kid when I first saw Little Red Riding Hood. I was a little kid when I first saw Little Red Riding Hood. I was a little kid when I first saw Little Red Riding Hood. I was a little kid when I first saw Little Red Riding Hood. I was a little kid when I first saw Little Red Riding Hood. I was a little kid when I first saw Little Red Riding Hood. I was a little kid when I first saw Little Red Riding Hood. I was","nning to end.

I was a little kid in the early sixties when I first saw the movie ""The Little Red Riding Hood"" and I was so excited to see it. I was so excited to see the story of the Little Red Riding Hood from beginning to end.

I was a little kid in the early sixties when I first saw the movie ""The Little Red Riding Hood"" and I was so excited to see it. I was so excited to see the story of the Little Red Riding Hood from beginning to end.

I was a little kid in the early sixties when I first saw the movie ""The Little Red Riding Hood"" and I was so excited to see it. I was so excited to see the story of the Little Red Riding Hood from beginning to end.

I was a little kid in the early sixties when I first saw the movie ""The Little Red Riding Hood"" and I was so excited to see it. I was so excited to see the",187,176,0.9412,1,0,0,0.0,0.0,0,0,0,0,0,0.0,0.5806,0,0,0,0,0,0,0,0,0,0,0,0,0,0,0,0,0,0,1,1,12,0.0833,0.0833,0,0,6,1,1,6,0,0,0,0,0,0,0,0,0,0,0,0,0,0,0,0,0,0,0,0,0,1,1,0,0,0,0,0,0,0,0,0,0,0,0,0,0,0,0,1
gpt2_small,text,0.124,12,wolf,animal,instruction_forest,instruction,encounter,wolf,0,svm,L9,9,0.75,single_late,15.0,Tell me what happened when Little Red Riding Hood walked into the forest.,"o the forest.

I was in the middle of a forest clearing when I saw Little Red Riding Hood. He was standing in the middle of the forest, looking at the trees. He was wearing a white shirt and black pants. He was wearing a black hat and black boots. He was wearing a black hat and black boots. He was wearing a black hat and black boots. He was wearing a black hat and black boots. He was wearing a black hat and black boots. He was wearing a black hat and black boots. He was wearing a black hat and black boots. He was wearing a black hat and black boots. He was wearing a black hat and black boots. He was wearing a black hat and black boots. He was wearing a black hat and black boots. He was wearing a black hat and black boots. He was wearing a black hat and black boots. He was wearing a black hat and black boots. He was wearing a black hat and black boots. He was wearing a black hat","o the forest.

I was in the forest with my dad's dog's dog's dog's dog's dog's dog's dog's dog's dog's dog's dog's dog's dog's dog's dog's dog's dog's dog's dog's dog's dog's dog's dog's dog's dog's dog's dog's dog's dog's dog's dog's dog's dog's dog's dog's dog's dog's dog's dog's dog's dog's dog's dog's dog's dog's dog's dog's dog's dog's dog's dog's dog's dog's dog's dog's dog's dog's dog's dog's dog's dog's dog's dog's dog's dog's dog's dog's dog's dog's dog's dog's dog's dog's dog's dog's dog's dog's dog's dog's dog's dog's dog's dog's dog's dog's dog's dog's dog's dog's dog's dog's dog's dog's dog's dog",182,106,0.5824,1,0,0,0.0,0.0,0,0,0,0,0,0.0,0.8056,0,0,0,0,0,0,0,0,0,0,0,0,0,0,0,0,0,0,2,1,12,0.1667,0.0833,0,0,6,2,1,6,1,0,1,0,0,0,0,0,0,0,0,0,0,0,0,0,0,0,0,0,0,1,0,1,0,0,0,1,1,0,0,0,0,0,0,0,0,0,0,1
gpt2_small,text,0.124,12,wolf,animal,instruction_grandmother,instruction,deception,wolf,0,svm,L9,9,0.75,single_late,15.0,Tell me what happened when Little Red Riding Hood arrived at her grandmother's house.,"ther's house.

I was in the middle of a long day at work when I heard a knock at the door. I looked up and saw Little Red Riding Hood standing there, looking at me with a smile.

""Hello, Little Red,"" she said.

""Hello, Little Red,"" I said.

""Hello, Little Red,"" she said.

""Hello, Little Red,"" I said.

""Hello, Little Red,"" she said.

""Hello, Little Red,"" I said.

""Hello, Little Red,"" she said.

""Hello, Little Red,"" I said.

""Hello, Little Red,"" she said.

""Hello, Little Red,"" I said.

""Hello, Little Red,"" she said.

""Hello, Little Red,"" I said.

""Hello, Little Red,"" I said.

""Hello, Little Red,"" I said.

""Hello,","ther's house.

""I was in the middle of the night, and my grandmother was asleep in the living room, and I was thinking, 'Oh, my God, I'm going to be in the living room and I'm going to be in the living room and I'm going to be in the living room and I'm going to be in the living room and I'm going to be in the living room and I'm going to be in the living room and I'm going to be in the living room and I'm going to be in the living room and I'm going to be in the living room and I'm going to be in the living room and I'm going to be in the living room and I'm going to be in the living room and I'm going to be in the living room and I'm going to be in the living room and I'm going to be in the living room and I'm going to be in the living room and I'm going to be in the",109,176,1.6147,1,0,0,0.0,0.0,0,0,0,0,0,0.0,0.82,0,0,0,0,0,0,0,0,0,0,0,0,0,0,0,0,0,0,1,1,12,0.0833,0.0833,0,0,6,1,1,6,0,0,0,0,0,0,0,0,0,0,0,0,0,0,0,0,0,0,0,0,0,1,0,1,0,1,-1,0,0,0,0,0,0,0,0,0,0,0,0,1
gpt2_small,text,0.124,12,wolf,animal,completion_full_story,completion,full_narrative,wolf,0,svm,L9,9,0.75,single_late,15.0,"Once upon a time, there was a little girl called Little Red Riding Hood. She walked through the forest and",he forest and was a little girl. She was a little girl. She was a little girl. She was a little girl. She was a little girl. She was a little girl. She was a little girl. She was a little girl. She was a little girl. She was a little girl. She was a little girl. She was a little girl. She was a little girl. She was a little girl. She was a little girl. She was a little girl. She was a little girl. She was a little girl. She was a little girl. She was a little girl. She was a little girl. She was a little girl. She was a little girl. She was a little girl. She was a little girl. She was a little girl. She was a little girl. She was a little girl. She was a little girl. She was a little girl. She was a little girl. She was a little girl. She was a little girl. She was a,"he forest and was always there, always there. She was always there, always there.

She was always there, always there.

She was always there, always there.

She was always there, always there.

She was always there, always there.

She was always there, always there.

She was always there, always there.

She was always there, always there.

She was always there, always there.

She was always there, always there.

She was always there, always there.

She was always there, always there.

She was always there, always there.

She was always there, always there.

She was always there, always there.

She was always there, always there.

She was always there, always there.

She was always there, always there.

She was always there, always there.

She was always",170,125,0.7353,1,0,0,0.0,0.0,0,0,0,0,0,0.0,0.5455,0,0,0,0,0,0,0,0,0,0,0,0,0,0,0,0,0,0,2,1,12,0.1667,0.0833,0,0,6,2,1,6,1,0,1,0,0,0,0,0,0,0,0,0,0,0,0,0,0,0,0,0,0,1,0,1,0,0,0,1,1,0,0,0,0,0,0,0,0,0,0,1
gpt2_small,text,0.124,12,wolf,animal,completion_forest,completion,encounter,wolf,0,svm,L9,9,0.75,single_late,15.0,Little Red Riding Hood was walking through the dark forest when she met a,"hen she met a man who was looking for her.

""Hey, you're a little red, huh?""

""Yeah, I'm a little red.""

""I'm a little red, huh?""

""Yeah, I'm a little red.""

""I'm a little red.""

""I'm a little red.""

""I'm a little red.""

""I'm a little red.""

""I'm a little red.""

""I'm a little red.""

""I'm a little red.""

""I'm a little red.""

""I'm a little red.""

""I'm a little red.""

""I'm a little red.""

""I'm a little red.""

""I'm a little red.""

""I'm a little red.""

""I'm a little red.""

""I'm a little red.""

""","hen she met a young man in a dark hood-w and a white hood-s-shirt-clad man's.

""Oh, you're not in the same place as me,"" she said.

""I'm not in the same place as you,"" he said.

""I'm not in the same place as you,"" she said.

""I'm not in the same place as you,"" he said.

""I'm not in the same place as you,"" she said.

""I'm not in the same place as you,"" he said.

""I'm not in the same place as you,"" she said.

""I'm not in the same place as you,"" he said.

""I'm not in the same place as you,"" she said.

""I'm not in the same place as you,"" he said.

""I'm not in the same place as you,"" she said.",96,126,1.3125,1,0,0,0.0,0.0,0,0,0,0,0,0.0,0.8158,0,0,0,0,0,0,0,0,0,0,0,0,0,0,0,0,0,0,2,2,12,0.1667,0.1667,1,1,6,1,1,6,0,0,0,0,0,0,1,1,0,0,0,0,0,0,0,0,0,0,0,0,0,1,1,0,0,0,0,0,0,0,0,0,0,0,0,0,0,0,0,1
gpt2_small,text,0.124,12,wolf,animal,completion_grandmother,completion,deception,wolf,0,svm,L9,9,0.75,single_late,15.0,Little Red Riding Hood arrived at her grandmother's house. She knocked on the door and a voice said,"a voice said, ""Hello, Little Red.""

Little Red was a little girl. She was a little girl. She was a little girl. She was a little girl. She was a little girl. She was a little girl. She was a little girl. She was a little girl. She was a little girl. She was a little girl. She was a little girl. She was a little girl. She was a little girl. She was a little girl. She was a little girl. She was a little girl. She was a little girl. She was a little girl. She was a little girl. She was a little girl. She was a little girl. She was a little girl. She was a little girl. She was a little girl. She was a little girl. She was a little girl. She was a little girl. She was a little girl. She was a little girl. She was a little girl. She was a little girl. She was a little","a voice said, ""I'm sorry. I'm sorry. I'm sorry. I'm sorry. I'm sorry. I'm sorry. I'm sorry. I'm sorry. I'm sorry. I'm sorry. I'm sorry. I'm sorry. I'm sorry. I'm sorry. I'm sorry. I'm sorry. I'm sorry. I'm sorry. I'm sorry. I'm sorry. I'm sorry. I'm sorry. I'm sorry. I'm sorry. I'm sorry. I'm sorry. I'm sorry. I'm sorry. I'm sorry. I'm sorry. I'm sorry. I'm sorry. I'm sorry. I'm sorry. I'm sorry. I'm sorry. I'm sorry. I'm sorry. I'm sorry. I'm sorry. I'm sorry. I'm sorry. I'm sorry. I'm sorry. I'm sorry. I'm sorry. I'm sorry. I'm sorry. I'm sorry. I'm",166,102,0.6145,1,0,0,0.0,0.0,0,0,0,0,0,0.0,0.7692,0,0,0,0,0,0,0,0,0,0,0,0,0,0,0,0,0,0,1,0,12,0.0833,0.0,0,0,6,1,0,6,1,0,1,0,0,0,0,0,0,0,0,0,0,0,0,0,0,0,0,0,0,1,0,1,0,0,0,0,0,0,0,0,0,0,0,0,0,0,0,1
gpt2_small,text,0.124,12,wolf,animal,control_cinderella,instruction,control,none,1,svm,L9,9,0.75,single_late,15.0,Tell me the story of Cinderella from beginning to end.,"nning to end.

I was a little bit of a girl when I was a kid. I was a little bit of a girl when I was a kid. I was a little bit of a girl when I was a kid. I was a little bit of a girl when I was a kid. I was a little bit of a girl when I was a kid. I was a little bit of a girl when I was a kid. I was a little bit of a girl when I was a kid. I was a little bit of a girl when I was a kid. I was a little bit of a girl when I was a kid. I was a little bit of a girl when I was a kid. I was a little bit of a girl when I was a kid. I was a little bit of a girl when I was a kid. I was a little bit of a girl when I was a kid. I was a little bit of a girl when I was a kid. I was","nning to end.

I was a little bit of a girl when I was in my early teens and I was in the middle of a very bad childhood. I was in a very bad, very bad, very bad, very bad, very bad, very bad, very bad, very bad, very bad, very bad, very bad, very bad, very bad, very bad, very bad, very bad, very bad, very bad, very bad, very bad, very bad, very bad, very bad, very bad, very bad, very bad, very bad, very bad, very bad, very bad, very bad, very bad, very bad, very bad, very bad, very bad, very bad, very bad, very bad, very bad, very bad, very bad, very bad, very bad, very bad, very bad, very bad, very bad, very bad, very bad, very bad, very bad, very bad, very bad, very bad, very bad",187,145,0.7754,1,1,1,0.0053,0.0069,0,0,0,0,0,-0.0016,0.5217,0,0,0,0,0,0,0,0,0,0,0,0,1,1,0,0,0,0,1,1,12,0.0833,0.0833,0,0,6,1,1,6,0,0,0,0,0,0,0,0,0,0,0,0,0,0,0,0,0,0,0,0,0,1,1,0,0,0,0,0,0,0,0,0,0,0,0,0,0,0,0,0
gpt2_small,text,0.124,12,wolf,animal,control_generic,completion,control,none,1,svm,L9,9,0.75,single_late,15.0,The old man sat by the fireplace and told his grandchildren about the time he,"t the time he was born.

""I was born in the middle of the night, and I was a little bit scared,"" he said. ""I was just a little bit scared. I was just a little bit scared. I was just a little bit scared.""

The old man said he was a little bit scared because he was a little bit scared.

""I was just a little bit scared. I was just a little bit scared. I was just a little bit scared,"" he said.

The old man said he was a little bit scared because he was a little bit scared.

""I was just a little bit scared. I was just a little bit scared. I was just a little bit scared. I was just a little bit scared. I was just a little bit scared. I was just a little bit scared. I was just a little bit scared. I was just a little bit scared. I was just a little bit scared. I was just","t the time he was in the closet-and he was so happy.

""I was so happy,"" he said. ""I was so happy. I was so happy. I was so happy. I was so happy. I was so happy. I was so happy. I was so happy. I was so happy. I was so happy. I was so happy. I was so happy. I was so happy. I was so happy. I was so happy. I was so happy. I was so happy. I was so happy. I was so happy. I was so happy. I was so happy. I was so happy. I was so happy. I was so happy. I was so happy. I was so happy. I was so happy. I was so happy. I was so happy. I was so happy. I was so happy. I was so happy. I was so happy. I was so happy. I was so happy. I was so happy. I was",168,160,0.9524,1,1,0,0.006,0.0,0,0,0,0,1,0.006,0.7097,0,0,0,0,0,0,0,0,0,0,0,0,1,0,1,0,0,0,1,1,12,0.0833,0.0833,0,0,6,1,1,6,0,0,0,0,0,0,0,0,0,0,0,0,0,0,0,0,0,0,0,0,0,1,0,1,0,0,0,0,0,0,0,0,0,0,0,0,0,1,-1,0
gpt2_small,text,0.124,12,wolf,animal,instruction_full_story,instruction,full_narrative,wolf,0,svm,L9,9,0.75,single_late,20.0,Tell me the story of Little Red Riding Hood from beginning to end.,"nning to end.

I was a little kid when I first saw Little Red Riding Hood. I was a little kid when I first saw Little Red Riding Hood. I was a little kid when I first saw Little Red Riding Hood. I was a little kid when I first saw Little Red Riding Hood. I was a little kid when I first saw Little Red Riding Hood. I was a little kid when I first saw Little Red Riding Hood. I was a little kid when I first saw Little Red Riding Hood. I was a little kid when I first saw Little Red Riding Hood. I was a little kid when I first saw Little Red Riding Hood. I was a little kid when I first saw Little Red Riding Hood. I was a little kid when I first saw Little Red Riding Hood. I was a little kid when I first saw Little Red Riding Hood. I was a little kid when I first saw Little Red Riding Hood. I was a little kid when I first saw Little Red Riding Hood. I was","nning to end.

I was a little kid in the early sixties when I first saw the movie's opening. I was in the middle of a two-hour movie, and I was in the middle of a movie about a girl's life. I was in the middle of a movie about a girl's life. And I was in the middle of a movie about a girl's life. And I was in the middle of a movie about a girl's life. And I was in the middle of a movie about a girl's life. And I was in the middle of a movie about a girl's life. And I was in the middle of a movie about a girl's life. And I was in the middle of a movie about a girl's life. And I was in the middle of a movie about a girl's life. And I was in the middle of a movie about a girl's life. And I was in the middle of a movie about a girl's life. And I was",187,173,0.9251,1,0,0,0.0,0.0,0,0,0,0,0,0.0,0.6207,0,0,0,0,0,0,0,0,0,0,0,0,0,0,0,0,0,0,1,1,12,0.0833,0.0833,0,0,6,1,1,6,0,0,0,0,0,0,0,0,0,0,0,0,0,0,0,0,0,0,0,0,0,1,1,0,0,0,0,0,0,0,0,0,0,0,0,0,0,0,0,1
gpt2_small,text,0.124,12,wolf,animal,instruction_forest,instruction,encounter,wolf,0,svm,L9,9,0.75,single_late,20.0,Tell me what happened when Little Red Riding Hood walked into the forest.,"o the forest.

I was in the middle of a forest clearing when I saw Little Red Riding Hood. He was standing in the middle of the forest, looking at the trees. He was wearing a white shirt and black pants. He was wearing a black hat and black boots. He was wearing a black hat and black boots. He was wearing a black hat and black boots. He was wearing a black hat and black boots. He was wearing a black hat and black boots. He was wearing a black hat and black boots. He was wearing a black hat and black boots. He was wearing a black hat and black boots. He was wearing a black hat and black boots. He was wearing a black hat and black boots. He was wearing a black hat and black boots. He was wearing a black hat and black boots. He was wearing a black hat and black boots. He was wearing a black hat and black boots. He was wearing a black hat and black boots. He was wearing a black hat","o the forest.

""I'm sorry, I'm sorry,"" she said in a voice that was almost too much in her voice- she was so much more in her.

""I'm sorry, I'm sorry,"" she said in a voice that was almost too much in her.

""I'm sorry, I'm sorry,"" she said in a voice that was almost too much in her.

""I'm sorry, I'm sorry,"" she said in a voice that was almost too much in her.

""I'm sorry, I'm sorry,"" she said in a voice that was almost too much in her.

""I'm sorry, I'm sorry,"" she said in a voice that was almost too much in her.

""I'm sorry, I'm sorry,"" she said in a voice that was almost too much in her.

""I'm sorry, I'm sorry,"" she said in a voice that was almost too much in her",182,139,0.7637,1,0,0,0.0,0.0,0,0,0,0,0,0.0,0.8723,0,0,0,0,0,0,0,0,0,0,0,0,0,0,0,0,0,0,2,1,12,0.1667,0.0833,0,0,6,2,1,6,1,0,1,0,0,0,0,0,0,0,0,0,0,0,0,0,0,0,0,0,0,1,0,1,0,0,0,1,1,0,0,0,0,0,0,0,0,0,0,1
gpt2_small,text,0.124,12,wolf,animal,instruction_grandmother,instruction,deception,wolf,0,svm,L9,9,0.75,single_late,20.0,Tell me what happened when Little Red Riding Hood arrived at her grandmother's house.,"ther's house.

I was in the middle of a long day at work when I heard a knock at the door. I looked up and saw Little Red Riding Hood standing there, looking at me with a smile.

""Hello, Little Red,"" she said.

""Hello, Little Red,"" I said.

""Hello, Little Red,"" she said.

""Hello, Little Red,"" I said.

""Hello, Little Red,"" she said.

""Hello, Little Red,"" I said.

""Hello, Little Red,"" she said.

""Hello, Little Red,"" I said.

""Hello, Little Red,"" she said.

""Hello, Little Red,"" I said.

""Hello, Little Red,"" she said.

""Hello, Little Red,"" I said.

""Hello, Little Red,"" I said.

""Hello, Little Red,"" I said.

""Hello,","ther's house.

""I was in the middle of the night, and my grandmother was asleep in the closet-and I was thinking, 'Oh, I'm going to be in the closet-and I'm going to be in the closet-and I'm going to be in the closet-and I'm going to be in the closet-and I'm going to be in the closet-and I'm going to be in the closet-and I'm going to be in the closet-and I'm going to be in the closet-and I'm going to be in the closet-and I'm going to be in the closet-and I'm going to be in the closet-and I'm going to be in the closet-and I'm going to be in the closet-and I'm going to be in the closet-and I'm going to be in the closet-and I'm going to be in the closet-and I'm going to be in the closet-and I",109,142,1.3028,1,0,0,0.0,0.0,0,0,0,0,0,0.0,0.8085,0,0,0,0,0,0,0,0,0,0,0,0,0,0,0,0,0,0,1,1,12,0.0833,0.0833,0,0,6,1,1,6,0,0,0,0,0,0,0,0,0,0,0,0,0,0,0,0,0,0,0,0,0,1,0,1,0,1,-1,0,0,0,0,0,0,0,0,0,0,0,0,1
gpt2_small,text,0.124,12,wolf,animal,completion_full_story,completion,full_narrative,wolf,0,svm,L9,9,0.75,single_late,20.0,"Once upon a time, there was a little girl called Little Red Riding Hood. She walked through the forest and",he forest and was a little girl. She was a little girl. She was a little girl. She was a little girl. She was a little girl. She was a little girl. She was a little girl. She was a little girl. She was a little girl. She was a little girl. She was a little girl. She was a little girl. She was a little girl. She was a little girl. She was a little girl. She was a little girl. She was a little girl. She was a little girl. She was a little girl. She was a little girl. She was a little girl. She was a little girl. She was a little girl. She was a little girl. She was a little girl. She was a little girl. She was a little girl. She was a little girl. She was a little girl. She was a little girl. She was a little girl. She was a little girl. She was a little girl. She was a,"he forest and was always there, always there. She was always there, always there.

She was always there, always there.

She was always there, always there.

She was always there, always there.

She was always there, always there.

She was always there, always there.

She was always there, always there.

She was always there, always there.

She was always there, always there.

She was always there, always there.

She was always there, always there.

She was always there, always there.

She was always there, always there.

She was always there, always there.

She was always there, always there.

She was always there, always there.

She was always there, always there.

She was always there, always there.

She was always there, always there.

She was always",170,125,0.7353,1,0,0,0.0,0.0,0,0,0,0,0,0.0,0.5455,0,0,0,0,0,0,0,0,0,0,0,0,0,0,0,0,0,0,2,1,12,0.1667,0.0833,0,0,6,2,1,6,1,0,1,0,0,0,0,0,0,0,0,0,0,0,0,0,0,0,0,0,0,1,0,1,0,0,0,1,1,0,0,0,0,0,0,0,0,0,0,1
gpt2_small,text,0.124,12,wolf,animal,completion_forest,completion,encounter,wolf,0,svm,L9,9,0.75,single_late,20.0,Little Red Riding Hood was walking through the dark forest when she met a,"hen she met a man who was looking for her.

""Hey, you're a little red, huh?""

""Yeah, I'm a little red.""

""I'm a little red, huh?""

""Yeah, I'm a little red.""

""I'm a little red.""

""I'm a little red.""

""I'm a little red.""

""I'm a little red.""

""I'm a little red.""

""I'm a little red.""

""I'm a little red.""

""I'm a little red.""

""I'm a little red.""

""I'm a little red.""

""I'm a little red.""

""I'm a little red.""

""I'm a little red.""

""I'm a little red.""

""I'm a little red.""

""I'm a little red.""

""","hen she met a man's face in the darkness.

""I'm not in the same place as you,"" she said in a voice that was almost pure joy.

""I'm not in the same place as you,"" he said in a voice that was almost pure joy.

""I'm not in the same place as you,"" she said in a voice that was almost pure joy.

""I'm not in the same place as you,"" he said in a voice that was almost pure joy.

""I'm not in the same place as you,"" she said in a voice that was almost pure joy.

""I'm not in the same place as you,"" he said in a voice that was almost pure joy.

""I'm not in the same place as you,"" she said in a voice that was almost pure joy.

""I'm not in the same place as you,"" he said in a voice that was almost pure joy.",96,153,1.5938,1,0,0,0.0,0.0,0,0,0,0,0,0.0,0.8378,0,0,0,0,0,0,0,0,0,0,0,0,0,0,0,0,0,0,2,1,12,0.1667,0.0833,1,1,6,1,0,6,1,0,1,0,0,0,1,1,0,0,0,0,0,0,0,0,0,0,0,0,0,1,0,1,0,0,0,0,0,0,0,0,0,0,0,0,0,0,0,1
gpt2_small,text,0.124,12,wolf,animal,completion_grandmother,completion,deception,wolf,0,svm,L9,9,0.75,single_late,20.0,Little Red Riding Hood arrived at her grandmother's house. She knocked on the door and a voice said,"a voice said, ""Hello, Little Red.""

Little Red was a little girl. She was a little girl. She was a little girl. She was a little girl. She was a little girl. She was a little girl. She was a little girl. She was a little girl. She was a little girl. She was a little girl. She was a little girl. She was a little girl. She was a little girl. She was a little girl. She was a little girl. She was a little girl. She was a little girl. She was a little girl. She was a little girl. She was a little girl. She was a little girl. She was a little girl. She was a little girl. She was a little girl. She was a little girl. She was a little girl. She was a little girl. She was a little girl. She was a little girl. She was a little girl. She was a little girl. She was a little","a voice said, ""I'm sorry. I'm sorry. I'm sorry. I'm sorry. I'm sorry. I'm sorry. I'm sorry. I'm sorry. I'm sorry. I'm sorry. I'm sorry. I'm sorry. I'm sorry. I'm sorry. I'm sorry. I'm sorry. I'm sorry. I'm sorry. I'm sorry. I'm sorry. I'm sorry. I'm sorry. I'm sorry. I'm sorry. I'm sorry. I'm sorry. I'm sorry. I'm sorry. I'm sorry. I'm sorry. I'm sorry. I'm sorry. I'm sorry. I'm sorry. I'm sorry. I'm sorry. I'm sorry. I'm sorry. I'm sorry. I'm sorry. I'm sorry. I'm sorry. I'm sorry. I'm sorry. I'm sorry. I'm sorry. I'm sorry. I'm sorry. I'm sorry. I'm",166,102,0.6145,1,0,0,0.0,0.0,0,0,0,0,0,0.0,0.7692,0,0,0,0,0,0,0,0,0,0,0,0,0,0,0,0,0,0,1,0,12,0.0833,0.0,0,0,6,1,0,6,1,0,1,0,0,0,0,0,0,0,0,0,0,0,0,0,0,0,0,0,0,1,0,1,0,0,0,0,0,0,0,0,0,0,0,0,0,0,0,1
gpt2_small,text,0.124,12,wolf,animal,control_cinderella,instruction,control,none,1,svm,L9,9,0.75,single_late,20.0,Tell me the story of Cinderella from beginning to end.,"nning to end.

I was a little bit of a girl when I was a kid. I was a little bit of a girl when I was a kid. I was a little bit of a girl when I was a kid. I was a little bit of a girl when I was a kid. I was a little bit of a girl when I was a kid. I was a little bit of a girl when I was a kid. I was a little bit of a girl when I was a kid. I was a little bit of a girl when I was a kid. I was a little bit of a girl when I was a kid. I was a little bit of a girl when I was a kid. I was a little bit of a girl when I was a kid. I was a little bit of a girl when I was a kid. I was a little bit of a girl when I was a kid. I was a little bit of a girl when I was a kid. I was","nning to end.

I was a little bit of a girl when I was in my early teens and I was in the middle of a very bad, very bad, very bad. I was in a very bad, very bad, very bad. I was in a very bad, very bad, very bad. I was in a very bad, very bad, very bad. I was in a very bad, very bad, very bad. I was in a very bad, very bad, very bad. I was in a very bad, very bad, very bad. I was in a very bad, very bad, very bad. I was in a very bad, very bad, very bad. I was in a very bad, very bad, very bad. I was in a very bad, very bad, very bad. I was in a very bad, very bad, very bad. I was in a very bad, very bad, very bad. I was in a very bad, very bad,",187,160,0.8556,1,1,1,0.0053,0.0063,0,0,0,0,0,-0.001,0.5,0,0,0,0,0,0,0,0,0,0,0,0,1,1,0,0,0,0,1,1,12,0.0833,0.0833,0,0,6,1,1,6,0,0,0,0,0,0,0,0,0,0,0,0,0,0,0,0,0,0,0,0,0,1,1,0,0,0,0,0,0,0,0,0,0,0,0,0,0,0,0,0
gpt2_small,text,0.124,12,wolf,animal,control_generic,completion,control,none,1,svm,L9,9,0.75,single_late,20.0,The old man sat by the fireplace and told his grandchildren about the time he,"t the time he was born.

""I was born in the middle of the night, and I was a little bit scared,"" he said. ""I was just a little bit scared. I was just a little bit scared. I was just a little bit scared.""

The old man said he was a little bit scared because he was a little bit scared.

""I was just a little bit scared. I was just a little bit scared. I was just a little bit scared,"" he said.

The old man said he was a little bit scared because he was a little bit scared.

""I was just a little bit scared. I was just a little bit scared. I was just a little bit scared. I was just a little bit scared. I was just a little bit scared. I was just a little bit scared. I was just a little bit scared. I was just a little bit scared. I was just a little bit scared. I was just",t the time he was in the closet-and he was doing a lot of work-says he was doing a lot of work-says he was doing a lot of work-says he was doing a lot of work-says he was doing a lot of work-says he was doing a lot of work-says he was doing a lot of work-says he was doing a lot of work-says he was doing a lot of work-says he was doing a lot of work-says he was doing a lot of work-says he was doing a lot of work-says he was doing a lot of work-says he was doing a lot of work-says he was doing a lot of work-says he was doing a lot of work-says he was doing a lot of work-says he was doing a lot of work-says he was doing a lot of work-says he was doing a,168,145,0.8631,1,1,0,0.006,0.0,0,0,0,0,1,0.006,0.7419,0,0,0,0,0,0,0,0,0,0,0,0,1,0,1,0,0,0,1,0,12,0.0833,0.0,0,0,6,1,0,6,1,0,1,0,0,0,0,0,0,0,0,0,0,0,0,0,0,0,0,0,0,1,0,1,0,0,0,0,0,0,0,0,0,0,0,0,0,0,0,0
gpt2_small,text,0.124,12,wolf,animal,instruction_full_story,instruction,full_narrative,wolf,0,svm,L10,10,0.83,single_deep,3.0,Tell me the story of Little Red Riding Hood from beginning to end.,"nning to end.

I was a little kid when I first saw Little Red Riding Hood. I was a little kid when I first saw Little Red Riding Hood. I was a little kid when I first saw Little Red Riding Hood. I was a little kid when I first saw Little Red Riding Hood. I was a little kid when I first saw Little Red Riding Hood. I was a little kid when I first saw Little Red Riding Hood. I was a little kid when I first saw Little Red Riding Hood. I was a little kid when I first saw Little Red Riding Hood. I was a little kid when I first saw Little Red Riding Hood. I was a little kid when I first saw Little Red Riding Hood. I was a little kid when I first saw Little Red Riding Hood. I was a little kid when I first saw Little Red Riding Hood. I was a little kid when I first saw Little Red Riding Hood. I was a little kid when I first saw Little Red Riding Hood. I was","nning to end.

I was a little kid when I first saw Little Red Riding Hood. I was a little kid when I first saw Little Red Riding Hood. I was a little kid when I first saw Little Red Riding Hood. I was a little kid when I first saw Little Red Riding Hood. I was a little kid when I first saw Little Red Riding Hood. I was a little kid when I first saw Little Red Riding Hood. I was a little kid when I first saw Little Red Riding Hood. I was a little kid when I first saw Little Red Riding Hood. I was a little kid when I first saw Little Red Riding Hood. I was a little kid when I first saw Little Red Riding Hood. I was a little kid when I first saw Little Red Riding Hood. I was a little kid when I first saw Little Red Riding Hood. I was a little kid when I first saw Little Red Riding Hood. I was a little kid when I first saw Little Red Riding Hood. I was",187,187,1.0,0,0,0,0.0,0.0,0,0,0,0,0,0.0,0.0,0,0,0,0,0,0,0,0,0,0,0,0,0,0,0,0,0,0,1,1,12,0.0833,0.0833,0,0,6,1,1,6,0,0,0,0,0,0,0,0,0,0,0,0,0,0,0,0,0,0,0,0,0,1,1,0,0,0,0,0,0,0,0,0,0,0,0,0,0,0,0,1
gpt2_small,text,0.124,12,wolf,animal,instruction_forest,instruction,encounter,wolf,0,svm,L10,10,0.83,single_deep,3.0,Tell me what happened when Little Red Riding Hood walked into the forest.,"o the forest.

I was in the middle of a forest clearing when I saw Little Red Riding Hood. He was standing in the middle of the forest, looking at the trees. He was wearing a white shirt and black pants. He was wearing a black hat and black boots. He was wearing a black hat and black boots. He was wearing a black hat and black boots. He was wearing a black hat and black boots. He was wearing a black hat and black boots. He was wearing a black hat and black boots. He was wearing a black hat and black boots. He was wearing a black hat and black boots. He was wearing a black hat and black boots. He was wearing a black hat and black boots. He was wearing a black hat and black boots. He was wearing a black hat and black boots. He was wearing a black hat and black boots. He was wearing a black hat and black boots. He was wearing a black hat and black boots. He was wearing a black hat","o the forest.

I was in the forest with my dad and my mom. I was in the forest with my dad and my mom. I was in the forest with my dad and my mom. I was in the forest with my dad and my mom. I was in the forest with my dad and my mom. I was in the forest with my dad and my mom. I was in the forest with my dad and my mom. I was in the forest with my dad and my mom. I was in the forest with my dad and my mom. I was in the forest with my dad and my mom. I was in the forest with my dad and my mom. I was in the forest with my dad and my mom. I was in the forest with my dad and my mom. I was in the forest with my dad and my mom. I was in the forest with my dad and my mom. I was in the forest with my dad and my mom. I was in the forest with",182,185,1.0165,1,0,0,0.0,0.0,0,0,0,0,0,0.0,0.7714,0,0,0,0,0,0,0,0,0,0,0,0,0,0,0,0,0,0,2,1,12,0.1667,0.0833,0,0,6,2,1,6,1,0,1,0,0,0,0,0,0,0,0,0,0,0,0,0,0,0,0,0,0,1,0,1,0,0,0,1,1,0,0,0,0,0,0,0,0,0,0,1
gpt2_small,text,0.124,12,wolf,animal,instruction_grandmother,instruction,deception,wolf,0,svm,L10,10,0.83,single_deep,3.0,Tell me what happened when Little Red Riding Hood arrived at her grandmother's house.,"ther's house.

I was in the middle of a long day at work when I heard a knock at the door. I looked up and saw Little Red Riding Hood standing there, looking at me with a smile.

""Hello, Little Red,"" she said.

""Hello, Little Red,"" I said.

""Hello, Little Red,"" she said.

""Hello, Little Red,"" I said.

""Hello, Little Red,"" she said.

""Hello, Little Red,"" I said.

""Hello, Little Red,"" she said.

""Hello, Little Red,"" I said.

""Hello, Little Red,"" she said.

""Hello, Little Red,"" I said.

""Hello, Little Red,"" she said.

""Hello, Little Red,"" I said.

""Hello, Little Red,"" I said.

""Hello, Little Red,"" I said.

""Hello,","ther's house.

I was in the middle of a long day at work when I heard a knock at the door. I looked at my watch and saw that it was the same one that had been stolen from my grandmother's house. I looked at my watch and saw that it was the same one that had been stolen from my grandmother's house. I looked at my watch and saw that it was the same one that had been stolen from my grandmother's house. I looked at my watch and saw that it was the same one that had been stolen from my grandmother's house. I looked at my watch and saw that it was the same one that had been stolen from my grandmother's house. I looked at my watch and saw that it was the same one that had been stolen from my grandmother's house. I looked at my watch and saw that it was the same one that had been stolen from my grandmother's house. I looked at my watch and saw that it was the same one that had been stolen",109,185,1.6972,1,0,0,0.0,0.0,0,0,0,0,0,0.0,0.5652,0,0,0,0,0,0,0,0,0,0,0,0,0,0,0,0,0,0,1,1,12,0.0833,0.0833,0,0,6,1,1,6,0,0,0,0,0,0,0,0,0,0,0,0,0,0,0,0,0,0,0,0,0,1,0,1,0,1,-1,0,0,0,0,0,0,0,0,0,0,0,0,1
gpt2_small,text,0.124,12,wolf,animal,completion_full_story,completion,full_narrative,wolf,0,svm,L10,10,0.83,single_deep,3.0,"Once upon a time, there was a little girl called Little Red Riding Hood. She walked through the forest and",he forest and was a little girl. She was a little girl. She was a little girl. She was a little girl. She was a little girl. She was a little girl. She was a little girl. She was a little girl. She was a little girl. She was a little girl. She was a little girl. She was a little girl. She was a little girl. She was a little girl. She was a little girl. She was a little girl. She was a little girl. She was a little girl. She was a little girl. She was a little girl. She was a little girl. She was a little girl. She was a little girl. She was a little girl. She was a little girl. She was a little girl. She was a little girl. She was a little girl. She was a little girl. She was a little girl. She was a little girl. She was a little girl. She was a little girl. She was a,he forest and was always there. She was always there. She was always there. She was always there. She was always there. She was always there. She was always there. She was always there. She was always there. She was always there. She was always there. She was always there. She was always there. She was always there. She was always there. She was always there. She was always there. She was always there. She was always there. She was always there. She was always there. She was always there. She was always there. She was always there. She was always there. She was always there. She was always there. She was always there. She was always there. She was always there. She was always there. She was always there. She was always there. She was always there. She was always there. She was always there. She was always there. She was always there. She was always there. She was always there. She,170,163,0.9588,1,0,0,0.0,0.0,0,0,0,0,0,0.0,0.5,0,0,0,0,0,0,0,0,0,0,0,0,0,0,0,0,0,0,2,1,12,0.1667,0.0833,0,0,6,2,1,6,1,0,1,0,0,0,0,0,0,0,0,0,0,0,0,0,0,0,0,0,0,1,0,1,0,0,0,1,1,0,0,0,0,0,0,0,0,0,0,1
gpt2_small,text,0.124,12,wolf,animal,completion_forest,completion,encounter,wolf,0,svm,L10,10,0.83,single_deep,3.0,Little Red Riding Hood was walking through the dark forest when she met a,"hen she met a man who was looking for her.

""Hey, you're a little red, huh?""

""Yeah, I'm a little red.""

""I'm a little red, huh?""

""Yeah, I'm a little red.""

""I'm a little red.""

""I'm a little red.""

""I'm a little red.""

""I'm a little red.""

""I'm a little red.""

""I'm a little red.""

""I'm a little red.""

""I'm a little red.""

""I'm a little red.""

""I'm a little red.""

""I'm a little red.""

""I'm a little red.""

""I'm a little red.""

""I'm a little red.""

""I'm a little red.""

""I'm a little red.""

""",hen she met a young girl named Lillian. She was a little girl who was very shy and shy. She was very shy and shy. She was very shy and shy. She was very shy and shy. She was very shy and shy. She was very shy and shy. She was very shy and shy. She was very shy and shy. She was very shy and shy. She was very shy and shy. She was very shy and shy. She was very shy and shy. She was very shy and shy. She was very shy and shy. She was very shy and shy. She was very shy and shy. She was very shy and shy. She was very shy and shy. She was very shy and shy. She was very shy and shy. She was very shy and shy. She was very shy and shy. She was very shy and shy. She was very shy and shy. She was very shy and shy. She was very shy and shy. She was very shy and shy.,96,175,1.8229,1,0,0,0.0,0.0,0,0,0,0,0,0.0,0.75,0,0,0,0,0,0,0,0,0,0,0,0,0,0,0,0,0,0,2,2,12,0.1667,0.1667,1,1,6,1,1,6,0,0,0,0,0,0,1,1,0,0,0,0,0,0,0,0,0,0,0,0,0,1,1,0,0,0,0,0,0,0,0,0,0,0,0,0,0,0,0,1
gpt2_small,text,0.124,12,wolf,animal,completion_grandmother,completion,deception,wolf,0,svm,L10,10,0.83,single_deep,3.0,Little Red Riding Hood arrived at her grandmother's house. She knocked on the door and a voice said,"a voice said, ""Hello, Little Red.""

Little Red was a little girl. She was a little girl. She was a little girl. She was a little girl. She was a little girl. She was a little girl. She was a little girl. She was a little girl. She was a little girl. She was a little girl. She was a little girl. She was a little girl. She was a little girl. She was a little girl. She was a little girl. She was a little girl. She was a little girl. She was a little girl. She was a little girl. She was a little girl. She was a little girl. She was a little girl. She was a little girl. She was a little girl. She was a little girl. She was a little girl. She was a little girl. She was a little girl. She was a little girl. She was a little girl. She was a little girl. She was a little","a voice said, ""Mrs. Hood, I'm sorry. I'm sorry to hear that you're here.""

""I'm sorry,"" said Mrs. Hood. ""I'm sorry to hear that you're here.""

""I'm sorry,"" said Little Red Riding Hood. ""I'm sorry to hear that you're here.""

""I'm sorry,"" said Little Red Riding Hood. ""I'm sorry to hear that you're here.""

""I'm sorry,"" said Little Red Riding Hood. ""I'm sorry to hear that you're here.""

""I'm sorry,"" said Little Red Riding Hood. ""I'm sorry to hear that you're here.""

""I'm sorry,"" said Little Red Riding Hood. ""I'm sorry to hear that you're here.""

""I'm sorry,"" said Little Red Riding Hood. ""I'm sorry to hear that you're here.""

""I'm sorry,"" said Little Red Riding Hood.",166,117,0.7048,1,0,0,0.0,0.0,0,0,0,0,0,0.0,0.8077,0,0,0,0,0,0,0,0,0,0,0,0,0,0,0,0,0,0,1,1,12,0.0833,0.0833,0,0,6,1,1,6,0,0,0,0,0,0,0,0,0,0,0,0,0,0,0,0,0,0,0,0,0,1,1,0,0,0,0,0,0,0,0,0,0,0,0,0,0,0,0,1
gpt2_small,text,0.124,12,wolf,animal,control_cinderella,instruction,control,none,1,svm,L10,10,0.83,single_deep,3.0,Tell me the story of Cinderella from beginning to end.,"nning to end.

I was a little bit of a girl when I was a kid. I was a little bit of a girl when I was a kid. I was a little bit of a girl when I was a kid. I was a little bit of a girl when I was a kid. I was a little bit of a girl when I was a kid. I was a little bit of a girl when I was a kid. I was a little bit of a girl when I was a kid. I was a little bit of a girl when I was a kid. I was a little bit of a girl when I was a kid. I was a little bit of a girl when I was a kid. I was a little bit of a girl when I was a kid. I was a little bit of a girl when I was a kid. I was a little bit of a girl when I was a kid. I was a little bit of a girl when I was a kid. I was","nning to end.

I was a little bit of a girl when I was a kid. I was a little bit of a girl when I was a kid, but I was a little bit of a girl when I was a kid. I was a little bit of a girl when I was a kid, but I was a little bit of a girl when I was a kid. I was a little bit of a girl when I was a kid, but I was a little bit of a girl when I was a kid. I was a little bit of a girl when I was a kid, but I was a little bit of a girl when I was a kid. I was a little bit of a girl when I was a kid, but I was a little bit of a girl when I was a kid. I was a little bit of a girl when I was a kid, but I was a little bit of a girl when I was a kid. I was a little bit of a girl when I",187,188,1.0053,1,1,1,0.0053,0.0053,0,0,0,0,0,0.0,0.1429,0,0,0,0,0,0,0,0,0,0,0,0,1,1,0,0,0,0,1,1,12,0.0833,0.0833,0,0,6,1,1,6,0,0,0,0,0,0,0,0,0,0,0,0,0,0,0,0,0,0,0,0,0,1,1,0,0,0,0,0,0,0,0,0,0,0,0,0,0,0,0,0
gpt2_small,text,0.124,12,wolf,animal,control_generic,completion,control,none,1,svm,L10,10,0.83,single_deep,3.0,The old man sat by the fireplace and told his grandchildren about the time he,"t the time he was born.

""I was born in the middle of the night, and I was a little bit scared,"" he said. ""I was just a little bit scared. I was just a little bit scared. I was just a little bit scared.""

The old man said he was a little bit scared because he was a little bit scared.

""I was just a little bit scared. I was just a little bit scared. I was just a little bit scared,"" he said.

The old man said he was a little bit scared because he was a little bit scared.

""I was just a little bit scared. I was just a little bit scared. I was just a little bit scared. I was just a little bit scared. I was just a little bit scared. I was just a little bit scared. I was just a little bit scared. I was just a little bit scared. I was just a little bit scared. I was just","t the time he was born.

""I was born in the middle of the night,"" he said. ""I was born in the middle of the night. I was born in the middle of the night.""

He said he was born in the middle of the night because he was a little boy.

""I was born in the middle of the night because I was a little boy,"" he said. ""I was born in the middle of the night because I was a little boy.""

He said he was born in the middle of the night because he was a little boy.

""I was born in the middle of the night because I was a little boy,"" he said. ""I was born in the middle of the night because I was a little boy.""

He said he was born in the middle of the night because he was a little boy.

""I was born in the middle of the night because I was a little boy,"" he said.",168,167,0.994,1,1,0,0.006,0.0,0,0,0,0,1,0.006,0.5,0,0,0,0,0,0,0,0,0,0,0,0,1,0,1,0,0,0,1,1,12,0.0833,0.0833,0,0,6,1,1,6,0,0,0,0,0,0,0,0,0,0,0,0,0,0,0,0,0,0,0,0,0,1,1,0,0,0,0,0,0,0,0,0,0,0,0,0,0,0,0,0
gpt2_small,text,0.124,12,wolf,animal,instruction_full_story,instruction,full_narrative,wolf,0,svm,L10,10,0.83,single_deep,6.0,Tell me the story of Little Red Riding Hood from beginning to end.,"nning to end.

I was a little kid when I first saw Little Red Riding Hood. I was a little kid when I first saw Little Red Riding Hood. I was a little kid when I first saw Little Red Riding Hood. I was a little kid when I first saw Little Red Riding Hood. I was a little kid when I first saw Little Red Riding Hood. I was a little kid when I first saw Little Red Riding Hood. I was a little kid when I first saw Little Red Riding Hood. I was a little kid when I first saw Little Red Riding Hood. I was a little kid when I first saw Little Red Riding Hood. I was a little kid when I first saw Little Red Riding Hood. I was a little kid when I first saw Little Red Riding Hood. I was a little kid when I first saw Little Red Riding Hood. I was a little kid when I first saw Little Red Riding Hood. I was a little kid when I first saw Little Red Riding Hood. I was","nning to end.

I was a little bit of a fan of the show and I was very excited to see how it would end up. I was very excited to see how it would end up. I was very excited to see how it would end up. I was very excited to see how it would end up. I was very excited to see how it would end up. I was very excited to see how it would end up. I was very excited to see how it would end up. I was very excited to see how it would end up. I was very excited to see how it would end up. I was very excited to see how it would end up. I was very excited to see how it would end up. I was very excited to see how it would end up. I was very excited to see how it would end up. I was very excited to see how it would end up. I was very excited to see how it would end up. I was very excited to see",187,186,0.9947,1,0,1,0.0,0.0054,0,0,0,0,-1,-0.0054,0.75,0,0,0,0,0,0,0,0,0,0,0,0,0,1,-1,0,0,0,1,1,12,0.0833,0.0833,0,0,6,1,1,6,0,0,0,0,0,0,0,0,0,0,0,0,0,0,0,0,0,0,0,0,0,1,1,0,0,0,0,0,0,0,0,0,0,0,0,0,0,0,0,1
gpt2_small,text,0.124,12,wolf,animal,instruction_forest,instruction,encounter,wolf,0,svm,L10,10,0.83,single_deep,6.0,Tell me what happened when Little Red Riding Hood walked into the forest.,"o the forest.

I was in the middle of a forest clearing when I saw Little Red Riding Hood. He was standing in the middle of the forest, looking at the trees. He was wearing a white shirt and black pants. He was wearing a black hat and black boots. He was wearing a black hat and black boots. He was wearing a black hat and black boots. He was wearing a black hat and black boots. He was wearing a black hat and black boots. He was wearing a black hat and black boots. He was wearing a black hat and black boots. He was wearing a black hat and black boots. He was wearing a black hat and black boots. He was wearing a black hat and black boots. He was wearing a black hat and black boots. He was wearing a black hat and black boots. He was wearing a black hat and black boots. He was wearing a black hat and black boots. He was wearing a black hat and black boots. He was wearing a black hat","o the forest.

I was in the forest with my dad and my mom and my sister and my brother and my sister and my brother and my brother and my brother and my brother and my brother and my brother and my brother and my brother and my brother and my brother and my brother and my brother and my brother and my brother and my brother and my brother and my brother and my brother and my brother and my brother and my brother and my brother and my brother and my brother and my brother and my brother and my brother and my brother and my brother and my brother and my brother and my brother and my brother and my brother and my brother and my brother and my brother and my brother and my brother and my brother and my brother and my brother and my brother and my brother and my brother and my brother and my brother and my brother and my brother and my brother and my brother and my brother and my brother and my brother and my brother and my brother and my brother and my brother and my brother and",182,201,1.1044,1,0,0,0.0,0.0,0,0,0,0,0,0.0,0.7838,0,0,0,0,0,0,0,0,0,0,0,0,0,0,0,0,0,0,2,1,12,0.1667,0.0833,0,0,6,2,1,6,1,0,1,0,0,0,0,0,0,0,0,0,0,0,0,0,0,0,0,0,0,1,0,1,0,0,0,1,1,0,0,0,0,0,0,0,0,0,0,1
gpt2_small,text,0.124,12,wolf,animal,instruction_grandmother,instruction,deception,wolf,0,svm,L10,10,0.83,single_deep,6.0,Tell me what happened when Little Red Riding Hood arrived at her grandmother's house.,"ther's house.

I was in the middle of a long day at work when I heard a knock at the door. I looked up and saw Little Red Riding Hood standing there, looking at me with a smile.

""Hello, Little Red,"" she said.

""Hello, Little Red,"" I said.

""Hello, Little Red,"" she said.

""Hello, Little Red,"" I said.

""Hello, Little Red,"" she said.

""Hello, Little Red,"" I said.

""Hello, Little Red,"" she said.

""Hello, Little Red,"" I said.

""Hello, Little Red,"" she said.

""Hello, Little Red,"" I said.

""Hello, Little Red,"" she said.

""Hello, Little Red,"" I said.

""Hello, Little Red,"" I said.

""Hello, Little Red,"" I said.

""Hello,","ther's house.

I was in the middle of a long day at work and my grandmother was in the kitchen. I was in the middle of a long day at work and my grandmother was in the kitchen. I was in the middle of a long day at work and my grandmother was in the kitchen. I was in the middle of a long day at work and my grandmother was in the kitchen. I was in the middle of a long day at work and my grandmother was in the kitchen. I was in the middle of a long day at work and my grandmother was in the kitchen. I was in the middle of a long day at work and my grandmother was in the kitchen. I was in the middle of a long day at work and my grandmother was in the kitchen. I was in the middle of a long day at work and my grandmother was in the kitchen. I was in the middle of a long day at work and my grandmother was in the kitchen. I was in the middle of a long",109,190,1.7431,1,0,0,0.0,0.0,0,0,0,0,0,0.0,0.6316,0,0,0,0,0,0,0,0,0,0,0,0,0,0,0,0,0,0,1,1,12,0.0833,0.0833,0,0,6,1,1,6,0,0,0,0,0,0,0,0,0,0,0,0,0,0,0,0,0,0,0,0,0,1,0,1,0,1,-1,0,0,0,0,0,0,0,0,0,0,0,0,1
gpt2_small,text,0.124,12,wolf,animal,completion_full_story,completion,full_narrative,wolf,0,svm,L10,10,0.83,single_deep,6.0,"Once upon a time, there was a little girl called Little Red Riding Hood. She walked through the forest and",he forest and was a little girl. She was a little girl. She was a little girl. She was a little girl. She was a little girl. She was a little girl. She was a little girl. She was a little girl. She was a little girl. She was a little girl. She was a little girl. She was a little girl. She was a little girl. She was a little girl. She was a little girl. She was a little girl. She was a little girl. She was a little girl. She was a little girl. She was a little girl. She was a little girl. She was a little girl. She was a little girl. She was a little girl. She was a little girl. She was a little girl. She was a little girl. She was a little girl. She was a little girl. She was a little girl. She was a little girl. She was a little girl. She was a little girl. She was a,"he forest and was always there for her little sister, Little Red Riding Hood. Little Red Riding Hood was always there for her little sister, Little Red Riding Hood. Little Red Riding Hood was always there for her little sister, Little Red Riding Hood. Little Red Riding Hood was always there for her little sister, Little Red Riding Hood. Little Red Riding Hood was always there for her little sister, Little Red Riding Hood. Little Red Riding Hood was always there for her little sister, Little Red Riding Hood. Little Red Riding Hood was always there for her little sister, Little Red Riding Hood. Little Red Riding Hood was always there for her little sister, Little Red Riding Hood. Little Red Riding Hood was always there for her little sister, Little Red Riding Hood. Little Red Riding Hood was always there for her little sister, Little Red Riding Hood. Little Red Riding Hood was always there for her little sister, Little Red Riding Hood. Little Red Riding Hood was always there for her little sister, Little Red Riding Hood.",170,179,1.0529,1,0,0,0.0,0.0,0,0,0,0,0,0.0,0.7059,0,0,0,0,0,0,0,0,0,0,0,0,0,0,0,0,0,0,2,2,12,0.1667,0.1667,0,0,6,2,2,6,0,0,0,0,0,0,0,0,0,0,0,0,0,0,0,0,0,0,0,0,0,1,1,0,0,0,0,1,1,0,0,0,0,0,0,0,0,0,0,1
gpt2_small,text,0.124,12,wolf,animal,completion_forest,completion,encounter,wolf,0,svm,L10,10,0.83,single_deep,6.0,Little Red Riding Hood was walking through the dark forest when she met a,"hen she met a man who was looking for her.

""Hey, you're a little red, huh?""

""Yeah, I'm a little red.""

""I'm a little red, huh?""

""Yeah, I'm a little red.""

""I'm a little red.""

""I'm a little red.""

""I'm a little red.""

""I'm a little red.""

""I'm a little red.""

""I'm a little red.""

""I'm a little red.""

""I'm a little red.""

""I'm a little red.""

""I'm a little red.""

""I'm a little red.""

""I'm a little red.""

""I'm a little red.""

""I'm a little red.""

""I'm a little red.""

""I'm a little red.""

""",hen she met a young girl named Lissa. She was a little girl with a big smile and a big heart. She was a little girl with a big heart and a big heart. She was a little girl with a big heart and a big heart. She was a little girl with a big heart and a big heart. She was a little girl with a big heart and a big heart. She was a little girl with a big heart and a big heart. She was a little girl with a big heart and a big heart. She was a little girl with a big heart and a big heart. She was a little girl with a big heart and a big heart. She was a little girl with a big heart and a big heart. She was a little girl with a big heart and a big heart. She was a little girl with a big heart and a big heart. She was a little girl with a big heart and a big heart. She was a little girl with a big heart and a big,96,189,1.9688,1,0,0,0.0,0.0,0,0,0,0,0,0.0,0.8,0,0,0,0,0,0,0,0,0,0,0,0,0,0,0,0,0,0,2,3,12,0.1667,0.25,1,2,6,1,1,6,-1,-1,0,0,0,0,1,1,0,0,0,0,0,0,0,0,1,-1,0,0,0,1,1,0,0,0,0,0,0,0,0,0,0,0,0,0,0,0,0,1
gpt2_small,text,0.124,12,wolf,animal,completion_grandmother,completion,deception,wolf,0,svm,L10,10,0.83,single_deep,6.0,Little Red Riding Hood arrived at her grandmother's house. She knocked on the door and a voice said,"a voice said, ""Hello, Little Red.""

Little Red was a little girl. She was a little girl. She was a little girl. She was a little girl. She was a little girl. She was a little girl. She was a little girl. She was a little girl. She was a little girl. She was a little girl. She was a little girl. She was a little girl. She was a little girl. She was a little girl. She was a little girl. She was a little girl. She was a little girl. She was a little girl. She was a little girl. She was a little girl. She was a little girl. She was a little girl. She was a little girl. She was a little girl. She was a little girl. She was a little girl. She was a little girl. She was a little girl. She was a little girl. She was a little girl. She was a little girl. She was a little","a voice said, ""Mrs. Hood, I'm sorry. I'm sorry to hear that you're not home.""

""I'm sorry,"" said Mrs. Hood. ""I'm sorry to hear that you're not home.""

""I'm sorry,"" said Little Red Riding Hood. ""I'm sorry to hear that you're not home.""

""I'm sorry,"" said Mrs. Hood. ""I'm sorry to hear that you're not home.""

""I'm sorry,"" said Little Red Riding Hood. ""I'm sorry to hear that you're not home.""

""I'm sorry,"" said Little Red Riding Hood. ""I'm sorry to hear that you're not home.""

""I'm sorry,"" said Little Red Riding Hood. ""I'm sorry to hear that you're not home.""

""I'm sorry,"" said Little Red Riding Hood. ""I'm sorry to hear that you're not home.""

""I'm sorry",166,118,0.7108,1,0,0,0.0,0.0,0,0,0,0,0,0.0,0.8148,0,0,0,0,0,0,0,0,0,0,0,0,0,0,0,0,0,0,1,1,12,0.0833,0.0833,0,0,6,1,1,6,0,0,0,0,0,0,0,0,0,0,0,0,0,0,0,0,0,0,0,0,0,1,1,0,0,0,0,0,0,0,0,0,0,0,0,0,0,0,0,1
gpt2_small,text,0.124,12,wolf,animal,control_cinderella,instruction,control,none,1,svm,L10,10,0.83,single_deep,6.0,Tell me the story of Cinderella from beginning to end.,"nning to end.

I was a little bit of a girl when I was a kid. I was a little bit of a girl when I was a kid. I was a little bit of a girl when I was a kid. I was a little bit of a girl when I was a kid. I was a little bit of a girl when I was a kid. I was a little bit of a girl when I was a kid. I was a little bit of a girl when I was a kid. I was a little bit of a girl when I was a kid. I was a little bit of a girl when I was a kid. I was a little bit of a girl when I was a kid. I was a little bit of a girl when I was a kid. I was a little bit of a girl when I was a kid. I was a little bit of a girl when I was a kid. I was a little bit of a girl when I was a kid. I was","nning to end.

I was a little bit of a fan of Cinderella, but I didn't really know what to make of her. I was a little bit of a fan of Cinderella, but I didn't really know what to make of her. I was a little bit of a fan of Cinderella, but I didn't really know what to make of her. I was a little bit of a fan of Cinderella, but I didn't really know what to make of her. I was a little bit of a fan of Cinderella, but I didn't really know what to make of her. I was a little bit of a fan of Cinderella, but I didn't really know what to make of her. I was a little bit of a fan of Cinderella, but I didn't really know what to make of her. I was a little bit of a fan of Cinderella, but I didn't really know what to make of her. I was a little bit of a fan of Cinderella, but I didn",187,176,0.9412,1,1,1,0.0053,0.0057,0,0,0,0,0,-0.0004,0.5909,0,0,0,0,0,0,0,0,0,0,0,0,1,1,0,0,0,0,1,1,12,0.0833,0.0833,0,0,6,1,1,6,0,0,0,0,0,0,0,0,0,0,0,0,0,0,0,0,0,0,0,0,0,1,1,0,0,0,0,0,0,0,0,0,0,0,0,0,0,0,0,0
gpt2_small,text,0.124,12,wolf,animal,control_generic,completion,control,none,1,svm,L10,10,0.83,single_deep,6.0,The old man sat by the fireplace and told his grandchildren about the time he,"t the time he was born.

""I was born in the middle of the night, and I was a little bit scared,"" he said. ""I was just a little bit scared. I was just a little bit scared. I was just a little bit scared.""

The old man said he was a little bit scared because he was a little bit scared.

""I was just a little bit scared. I was just a little bit scared. I was just a little bit scared,"" he said.

The old man said he was a little bit scared because he was a little bit scared.

""I was just a little bit scared. I was just a little bit scared. I was just a little bit scared. I was just a little bit scared. I was just a little bit scared. I was just a little bit scared. I was just a little bit scared. I was just a little bit scared. I was just a little bit scared. I was just","t the time he was killed.

""I was a little bit scared,"" he said. ""I was just trying to get out of here.""

He said he was in the middle of a fight with his wife and kids when he was shot.

""I was just trying to get out of here,"" he said. ""I was just trying to get out of here.""

The man said he was in the middle of a fight with his wife and kids when he was shot.

""I was just trying to get out of here,"" he said. ""I was just trying to get out of here.""

The man said he was in the middle of a fight with his wife and kids when he was shot.

""I was just trying to get out of here,"" he said. ""I was just trying to get out of here.""

The man said he was in the middle of a fight with his wife and kids when he was shot.",168,162,0.9643,1,1,1,0.006,0.0062,0,0,0,0,0,-0.0002,0.561,0,0,0,0,0,0,0,0,0,0,0,0,1,1,0,0,0,0,1,1,12,0.0833,0.0833,0,0,6,1,1,6,0,0,0,0,0,0,0,0,0,0,0,0,0,0,0,0,0,0,0,0,0,1,1,0,0,0,0,0,0,0,0,0,0,0,0,0,0,0,0,0
gpt2_small,text,0.124,12,wolf,animal,instruction_full_story,instruction,full_narrative,wolf,0,svm,L10,10,0.83,single_deep,10.0,Tell me the story of Little Red Riding Hood from beginning to end.,"nning to end.

I was a little kid when I first saw Little Red Riding Hood. I was a little kid when I first saw Little Red Riding Hood. I was a little kid when I first saw Little Red Riding Hood. I was a little kid when I first saw Little Red Riding Hood. I was a little kid when I first saw Little Red Riding Hood. I was a little kid when I first saw Little Red Riding Hood. I was a little kid when I first saw Little Red Riding Hood. I was a little kid when I first saw Little Red Riding Hood. I was a little kid when I first saw Little Red Riding Hood. I was a little kid when I first saw Little Red Riding Hood. I was a little kid when I first saw Little Red Riding Hood. I was a little kid when I first saw Little Red Riding Hood. I was a little kid when I first saw Little Red Riding Hood. I was a little kid when I first saw Little Red Riding Hood. I was","nning to end.

I was a little bit of a fan of the show and I was very excited to see how it would end up. I was very excited to see how it would end up and I was very excited to see how it would end up. I was very excited to see how it would end up and I was very excited to see how it would end up and I was very excited to see how it would end up and I was very excited to see how it would end up and I was very excited to see how it would end up and I was very excited to see how it would end up and I was very excited to see how it would end up and I was very excited to see how it would end up and I was very excited to see how it would end up and I was very excited to see how it would end up and I was very excited to see how it would end up and I was very excited to see how it would end up and I was very excited to see",187,199,1.0642,1,0,1,0.0,0.005,0,0,0,0,-1,-0.005,0.7586,0,0,0,0,0,0,0,0,0,0,0,0,0,1,-1,0,0,0,1,1,12,0.0833,0.0833,0,0,6,1,1,6,0,0,0,0,0,0,0,0,0,0,0,0,0,0,0,0,0,0,0,0,0,1,1,0,0,0,0,0,0,0,0,0,0,0,0,0,0,0,0,1
gpt2_small,text,0.124,12,wolf,animal,instruction_forest,instruction,encounter,wolf,0,svm,L10,10,0.83,single_deep,10.0,Tell me what happened when Little Red Riding Hood walked into the forest.,"o the forest.

I was in the middle of a forest clearing when I saw Little Red Riding Hood. He was standing in the middle of the forest, looking at the trees. He was wearing a white shirt and black pants. He was wearing a black hat and black boots. He was wearing a black hat and black boots. He was wearing a black hat and black boots. He was wearing a black hat and black boots. He was wearing a black hat and black boots. He was wearing a black hat and black boots. He was wearing a black hat and black boots. He was wearing a black hat and black boots. He was wearing a black hat and black boots. He was wearing a black hat and black boots. He was wearing a black hat and black boots. He was wearing a black hat and black boots. He was wearing a black hat and black boots. He was wearing a black hat and black boots. He was wearing a black hat and black boots. He was wearing a black hat","o the forest.

""I saw him,"" she said. ""He was just a little bit of a wild animal, and I thought he was going to die.""

""I thought he was going to die,"" I said. ""I thought he was going to be killed.""

""I thought he was going to be killed,"" she said. ""I thought he was going to be killed.""

""I thought he was going to be killed,"" I said. ""I thought he was going to be killed.""

""I thought he was going to be killed,"" she said. ""I thought he was going to be killed.""

""I thought he was going to be killed,"" she said. ""I thought he was going to be killed.""

""I thought he was going to be killed,"" she said. ""I thought he was going to be killed.""

""I thought he was going to be killed,"" she said. ""I thought he was",182,147,0.8077,1,0,1,0.0,0.0068,0,0,0,0,-1,-0.0068,0.7708,0,0,0,0,0,0,0,0,0,0,0,0,0,1,-1,0,0,0,2,2,12,0.1667,0.1667,0,0,6,2,2,6,0,0,0,0,0,0,0,0,0,0,0,0,0,0,0,0,0,0,0,0,0,1,1,0,0,0,0,1,1,0,0,0,0,0,0,0,0,0,0,1
gpt2_small,text,0.124,12,wolf,animal,instruction_grandmother,instruction,deception,wolf,0,svm,L10,10,0.83,single_deep,10.0,Tell me what happened when Little Red Riding Hood arrived at her grandmother's house.,"ther's house.

I was in the middle of a long day at work when I heard a knock at the door. I looked up and saw Little Red Riding Hood standing there, looking at me with a smile.

""Hello, Little Red,"" she said.

""Hello, Little Red,"" I said.

""Hello, Little Red,"" she said.

""Hello, Little Red,"" I said.

""Hello, Little Red,"" she said.

""Hello, Little Red,"" I said.

""Hello, Little Red,"" she said.

""Hello, Little Red,"" I said.

""Hello, Little Red,"" she said.

""Hello, Little Red,"" I said.

""Hello, Little Red,"" she said.

""Hello, Little Red,"" I said.

""Hello, Little Red,"" I said.

""Hello, Little Red,"" I said.

""Hello,","ther's house.

""I was in the middle of the night and my grandmother was in the kitchen and she was telling me that she was going to come and see me and she was going to tell me that she was going to come and see me and she was going to tell me that she was going to come and see me and she was going to tell me that she was going to come and see me and she was going to tell me that she was going to come and see me and she was going to tell me that she was going to come and see me and she was going to tell me that she was going to come and see me and she was going to tell me that she was going to come and see me and she was going to tell me that she was going to come and see me and she was going to tell me that she was going to come and see me and she was going to tell me that she was going to come and see me and she was going to tell me that",109,199,1.8257,1,0,0,0.0,0.0,0,0,0,0,0,0.0,0.7872,0,0,0,0,0,0,0,0,0,0,0,0,0,0,0,0,0,0,1,1,12,0.0833,0.0833,0,0,6,1,1,6,0,0,0,0,0,0,0,0,0,0,0,0,0,0,0,0,0,0,0,0,0,1,0,1,0,1,-1,0,0,0,0,0,0,0,0,0,0,0,0,1
gpt2_small,text,0.124,12,wolf,animal,completion_full_story,completion,full_narrative,wolf,0,svm,L10,10,0.83,single_deep,10.0,"Once upon a time, there was a little girl called Little Red Riding Hood. She walked through the forest and",he forest and was a little girl. She was a little girl. She was a little girl. She was a little girl. She was a little girl. She was a little girl. She was a little girl. She was a little girl. She was a little girl. She was a little girl. She was a little girl. She was a little girl. She was a little girl. She was a little girl. She was a little girl. She was a little girl. She was a little girl. She was a little girl. She was a little girl. She was a little girl. She was a little girl. She was a little girl. She was a little girl. She was a little girl. She was a little girl. She was a little girl. She was a little girl. She was a little girl. She was a little girl. She was a little girl. She was a little girl. She was a little girl. She was a little girl. She was a,he forest and saw a man and a woman. She was very happy. She was very happy. She was very happy. She was very happy. She was very happy. She was very happy. She was very happy. She was very happy. She was very happy. She was very happy. She was very happy. She was very happy. She was very happy. She was very happy. She was very happy. She was very happy. She was very happy. She was very happy. She was very happy. She was very happy. She was very happy. She was very happy. She was very happy. She was very happy. She was very happy. She was very happy. She was very happy. She was very happy. She was very happy. She was very happy. She was very happy. She was very happy. She was very happy. She was very happy. She was very happy. She was very happy. She was very happy. She was very happy. She was very,170,164,0.9647,1,0,0,0.0,0.0,0,0,0,0,0,0.0,0.5385,0,0,0,0,0,0,0,0,0,0,0,0,0,0,0,0,0,0,2,2,12,0.1667,0.1667,0,0,6,2,2,6,0,0,0,0,0,0,0,0,0,0,0,0,0,0,0,0,0,0,0,0,0,1,0,1,0,0,0,1,1,0,0,0,0,0,0,0,0,1,-1,1
gpt2_small,text,0.124,12,wolf,animal,completion_forest,completion,encounter,wolf,0,svm,L10,10,0.83,single_deep,10.0,Little Red Riding Hood was walking through the dark forest when she met a,"hen she met a man who was looking for her.

""Hey, you're a little red, huh?""

""Yeah, I'm a little red.""

""I'm a little red, huh?""

""Yeah, I'm a little red.""

""I'm a little red.""

""I'm a little red.""

""I'm a little red.""

""I'm a little red.""

""I'm a little red.""

""I'm a little red.""

""I'm a little red.""

""I'm a little red.""

""I'm a little red.""

""I'm a little red.""

""I'm a little red.""

""I'm a little red.""

""I'm a little red.""

""I'm a little red.""

""I'm a little red.""

""I'm a little red.""

""","hen she met a young girl named Lissa. She was a little girl of about 5'5"" and she was very tall and very skinny. She was very tall and skinny and she was very beautiful. She was very beautiful and she was very beautiful. She was very beautiful and she was very beautiful. She was very beautiful and she was very beautiful. She was very beautiful and she was very beautiful. She was very beautiful and she was very beautiful. She was very beautiful and she was very beautiful. She was very beautiful and she was very beautiful. She was very beautiful and she was very beautiful. She was very beautiful and she was very beautiful. She was very beautiful and she was very beautiful. She was very beautiful and she was very beautiful. She was very beautiful and she was very beautiful. She was very beautiful and she was very beautiful. She was very beautiful and she was very beautiful. She was very beautiful and she was very beautiful. She was very beautiful and she was very beautiful. She was",96,181,1.8854,1,0,0,0.0,0.0,0,0,0,0,0,0.0,0.8235,0,0,0,0,0,0,0,0,0,0,0,0,0,0,0,0,0,0,2,2,12,0.1667,0.1667,1,1,6,1,1,6,0,0,0,0,0,0,1,1,0,0,0,0,0,0,0,0,0,0,0,0,0,1,1,0,0,0,0,0,0,0,0,0,0,0,0,0,0,0,0,1
gpt2_small,text,0.124,12,wolf,animal,completion_grandmother,completion,deception,wolf,0,svm,L10,10,0.83,single_deep,10.0,Little Red Riding Hood arrived at her grandmother's house. She knocked on the door and a voice said,"a voice said, ""Hello, Little Red.""

Little Red was a little girl. She was a little girl. She was a little girl. She was a little girl. She was a little girl. She was a little girl. She was a little girl. She was a little girl. She was a little girl. She was a little girl. She was a little girl. She was a little girl. She was a little girl. She was a little girl. She was a little girl. She was a little girl. She was a little girl. She was a little girl. She was a little girl. She was a little girl. She was a little girl. She was a little girl. She was a little girl. She was a little girl. She was a little girl. She was a little girl. She was a little girl. She was a little girl. She was a little girl. She was a little girl. She was a little girl. She was a little","a voice said, ""Mrs. Hood, I'm sorry. I'm sorry I didn't see you.""

""I'm sorry,"" she said.

""I'm sorry,"" she said.

""I'm sorry,"" she said.

""I'm sorry,"" she said.

""I'm sorry,"" she said.

""I'm sorry,"" she said.

""I'm sorry,"" she said.

""I'm sorry,"" she said.

""I'm sorry,"" she said.

""I'm sorry,"" she said.

""I'm sorry,"" she said.

""I'm sorry,"" she said.

""I'm sorry,"" she said.

""I'm sorry,"" she said.

""I'm sorry,"" she said.

""I'm sorry,"" she said.

""I'm sorry,"" she said.

""I'm sorry,"" she said.",166,85,0.512,1,0,0,0.0,0.0,0,0,0,0,0,0.0,0.8182,0,0,0,0,0,0,0,0,0,0,0,0,0,0,0,0,0,0,1,1,12,0.0833,0.0833,0,0,6,1,1,6,0,0,0,0,0,0,0,0,0,0,0,0,0,0,0,0,0,0,0,0,0,1,1,0,0,0,0,0,0,0,0,0,0,0,0,0,0,0,0,1
gpt2_small,text,0.124,12,wolf,animal,control_cinderella,instruction,control,none,1,svm,L10,10,0.83,single_deep,10.0,Tell me the story of Cinderella from beginning to end.,"nning to end.

I was a little bit of a girl when I was a kid. I was a little bit of a girl when I was a kid. I was a little bit of a girl when I was a kid. I was a little bit of a girl when I was a kid. I was a little bit of a girl when I was a kid. I was a little bit of a girl when I was a kid. I was a little bit of a girl when I was a kid. I was a little bit of a girl when I was a kid. I was a little bit of a girl when I was a kid. I was a little bit of a girl when I was a kid. I was a little bit of a girl when I was a kid. I was a little bit of a girl when I was a kid. I was a little bit of a girl when I was a kid. I was a little bit of a girl when I was a kid. I was","nning to end.

I was in the middle of a long day when I was walking home from a long day of work and I saw a beautiful, beautiful, beautiful girl walking down the street. I was so excited. I was so excited to see her. I was so excited to see her. I was so excited to see her. I was so excited to see her. I was so excited to see her. I was so excited to see her. I was so excited to see her. I was so excited to see her. I was so excited to see her. I was so excited to see her. I was so excited to see her. I was so excited to see her. I was so excited to see her. I was so excited to see her. I was so excited to see her. I was so excited to see her. I was so excited to see her. I was so excited to see her. I was so excited to see her. I was so excited to see",187,178,0.9519,1,1,0,0.0053,0.0,0,0,0,0,1,0.0053,0.7188,0,0,0,0,0,0,0,0,0,0,0,0,1,0,1,0,0,0,1,1,12,0.0833,0.0833,0,0,6,1,1,6,0,0,0,0,0,0,0,0,0,0,0,0,0,0,0,0,0,0,0,0,0,1,1,0,0,0,0,0,0,0,0,0,0,0,0,0,0,0,0,0
gpt2_small,text,0.124,12,wolf,animal,control_generic,completion,control,none,1,svm,L10,10,0.83,single_deep,10.0,The old man sat by the fireplace and told his grandchildren about the time he,"t the time he was born.

""I was born in the middle of the night, and I was a little bit scared,"" he said. ""I was just a little bit scared. I was just a little bit scared. I was just a little bit scared.""

The old man said he was a little bit scared because he was a little bit scared.

""I was just a little bit scared. I was just a little bit scared. I was just a little bit scared,"" he said.

The old man said he was a little bit scared because he was a little bit scared.

""I was just a little bit scared. I was just a little bit scared. I was just a little bit scared. I was just a little bit scared. I was just a little bit scared. I was just a little bit scared. I was just a little bit scared. I was just a little bit scared. I was just a little bit scared. I was just","t the time he saw the man's face.

""I saw him in the middle of the night,"" he said. ""I saw him in the middle of the night and I saw him in the middle of the night.""

The man's face was covered in blood and his eyes were swollen and swollen.

""I saw him in the middle of the night and I saw him in the middle of the night,"" he said. ""I saw him in the middle of the night and I saw him in the middle of the night.""

The man's face was covered in blood and his eyes were swollen and swollen.

""I saw him in the middle of the night and I saw him in the middle of the night,"" he said. ""I saw him in the middle of the night and I saw him in the middle of the night.""

The man's face was covered in blood and his eyes were swollen and swollen.

""I saw him in the middle",168,166,0.9881,1,1,0,0.006,0.0,0,0,0,0,1,0.006,0.7143,0,0,0,0,0,0,0,0,0,0,0,0,1,0,1,0,0,0,1,1,12,0.0833,0.0833,0,1,6,1,0,6,0,-1,1,0,0,0,0,0,0,0,0,0,0,0,0,0,1,-1,0,0,0,1,0,1,0,0,0,0,0,0,0,0,0,0,0,0,0,0,0,0
gpt2_small,text,0.124,12,wolf,animal,instruction_full_story,instruction,full_narrative,wolf,0,svm,L10,10,0.83,single_deep,15.0,Tell me the story of Little Red Riding Hood from beginning to end.,"nning to end.

I was a little kid when I first saw Little Red Riding Hood. I was a little kid when I first saw Little Red Riding Hood. I was a little kid when I first saw Little Red Riding Hood. I was a little kid when I first saw Little Red Riding Hood. I was a little kid when I first saw Little Red Riding Hood. I was a little kid when I first saw Little Red Riding Hood. I was a little kid when I first saw Little Red Riding Hood. I was a little kid when I first saw Little Red Riding Hood. I was a little kid when I first saw Little Red Riding Hood. I was a little kid when I first saw Little Red Riding Hood. I was a little kid when I first saw Little Red Riding Hood. I was a little kid when I first saw Little Red Riding Hood. I was a little kid when I first saw Little Red Riding Hood. I was a little kid when I first saw Little Red Riding Hood. I was","nning to end.

I was in the middle of a long, long, long, long, long, long, long, long, long, long, long, long, long, long, long, long, long, long, long, long, long, long, long, long, long, long, long, long, long, long, long, long, long, long, long, long, long, long, long, long, long, long, long, long, long, long, long, long, long, long, long, long, long, long, long, long, long, long, long, long, long, long, long, long, long, long, long, long, long, long, long, long, long, long, long, long, long, long, long, long, long, long, long, long, long, long, long, long, long, long, long, long, long, long, long, long",187,106,0.5668,1,0,0,0.0,0.0,0,0,0,0,0,0.0,0.7,0,0,0,0,0,0,0,0,0,0,0,0,0,0,0,0,0,0,1,0,12,0.0833,0.0,0,0,6,1,0,6,1,0,1,0,0,0,0,0,0,0,0,0,0,0,0,0,0,0,0,0,0,1,0,1,0,0,0,0,0,0,0,0,0,0,0,0,0,0,0,1
gpt2_small,text,0.124,12,wolf,animal,instruction_forest,instruction,encounter,wolf,0,svm,L10,10,0.83,single_deep,15.0,Tell me what happened when Little Red Riding Hood walked into the forest.,"o the forest.

I was in the middle of a forest clearing when I saw Little Red Riding Hood. He was standing in the middle of the forest, looking at the trees. He was wearing a white shirt and black pants. He was wearing a black hat and black boots. He was wearing a black hat and black boots. He was wearing a black hat and black boots. He was wearing a black hat and black boots. He was wearing a black hat and black boots. He was wearing a black hat and black boots. He was wearing a black hat and black boots. He was wearing a black hat and black boots. He was wearing a black hat and black boots. He was wearing a black hat and black boots. He was wearing a black hat and black boots. He was wearing a black hat and black boots. He was wearing a black hat and black boots. He was wearing a black hat and black boots. He was wearing a black hat and black boots. He was wearing a black hat","o the forest.

""Mister, I'm sorry, I'm not sure what's going on here,"" she said, her voice low and low. ""I'm just trying to get to the top of the hill and see if I can find a way out of here.""

""I'm not sure what's going on here,"" I said, my voice low and low. ""I'm just trying to get to the top of the hill and see if I can find a way out of here.""

""Mister, I'm sorry, I'm not sure what's going on here,"" I said, my voice low and low. ""I'm just trying to get to the top of the hill and see if I can find a way out of here.""

""Mister, I'm sorry, I'm not sure what's going on here,"" I said, my voice low and low. ""I'm just trying to get to the top of the hill and see if",182,148,0.8132,1,0,0,0.0,0.0,0,0,0,0,0,0.0,0.8852,0,0,0,0,0,0,0,0,0,0,0,0,0,0,0,0,0,0,2,1,12,0.1667,0.0833,0,0,6,2,1,6,1,0,1,0,0,0,0,0,0,0,0,0,0,0,0,0,0,0,0,0,0,1,0,1,0,0,0,1,1,0,0,0,0,0,0,0,0,0,0,1
gpt2_small,text,0.124,12,wolf,animal,instruction_grandmother,instruction,deception,wolf,0,svm,L10,10,0.83,single_deep,15.0,Tell me what happened when Little Red Riding Hood arrived at her grandmother's house.,"ther's house.

I was in the middle of a long day at work when I heard a knock at the door. I looked up and saw Little Red Riding Hood standing there, looking at me with a smile.

""Hello, Little Red,"" she said.

""Hello, Little Red,"" I said.

""Hello, Little Red,"" she said.

""Hello, Little Red,"" I said.

""Hello, Little Red,"" she said.

""Hello, Little Red,"" I said.

""Hello, Little Red,"" she said.

""Hello, Little Red,"" I said.

""Hello, Little Red,"" she said.

""Hello, Little Red,"" I said.

""Hello, Little Red,"" she said.

""Hello, Little Red,"" I said.

""Hello, Little Red,"" I said.

""Hello, Little Red,"" I said.

""Hello,","ther's house.

""I was in the middle of the night and my grandmother was in the middle of the night and I was in the middle of the night and I was in the middle of the night and I was in the middle of the night and I was in the middle of the night and I was in the middle of the night and I was in the middle of the night and I was in the middle of the night and I was in the middle of the night and I was in the middle of the night and I was in the middle of the night and I was in the middle of the night and I was in the middle of the night and I was in the middle of the night and I was in the middle of the night and I was in the middle of the night and I was in the middle of the night and I was in the middle of the night and I was in the middle of the night and I was in the middle of the night and I was in the middle of the",109,199,1.8257,1,0,0,0.0,0.0,0,0,0,0,0,0.0,0.7692,0,0,0,0,0,0,0,0,0,0,0,0,0,0,0,0,0,0,1,1,12,0.0833,0.0833,0,0,6,1,1,6,0,0,0,0,0,0,0,0,0,0,0,0,0,0,0,0,0,0,0,0,0,1,0,1,0,1,-1,0,0,0,0,0,0,0,0,0,0,0,0,1
gpt2_small,text,0.124,12,wolf,animal,completion_full_story,completion,full_narrative,wolf,0,svm,L10,10,0.83,single_deep,15.0,"Once upon a time, there was a little girl called Little Red Riding Hood. She walked through the forest and",he forest and was a little girl. She was a little girl. She was a little girl. She was a little girl. She was a little girl. She was a little girl. She was a little girl. She was a little girl. She was a little girl. She was a little girl. She was a little girl. She was a little girl. She was a little girl. She was a little girl. She was a little girl. She was a little girl. She was a little girl. She was a little girl. She was a little girl. She was a little girl. She was a little girl. She was a little girl. She was a little girl. She was a little girl. She was a little girl. She was a little girl. She was a little girl. She was a little girl. She was a little girl. She was a little girl. She was a little girl. She was a little girl. She was a little girl. She was a,"he forest and saw a little girl's little, red, and black hair. She was very beautiful, and she was very good. She was very good at dancing. She was very good at singing. She was very good at singing. She was very good at singing. She was very good at singing. She was very good at singing. She was very good at singing. She was very good at singing. She was very good at singing. She was very good at singing. She was very good at singing. She was very good at singing. She was very good at singing. She was very good at singing. She was very good at singing. She was very good at singing. She was very good at singing. She was very good at singing. She was very good at singing. She was very good at singing. She was very good at singing. She was very good at singing. She was very good at singing. She was very good at singing. She was very good at singing. She",170,172,1.0118,1,0,0,0.0,0.0,0,0,0,0,0,0.0,0.6667,0,0,0,0,0,0,0,0,0,0,0,0,0,0,0,0,0,0,2,2,12,0.1667,0.1667,0,0,6,2,2,6,0,0,0,0,0,0,0,0,0,0,0,0,0,0,0,0,0,0,0,0,0,1,1,0,0,0,0,1,1,0,0,0,0,0,0,0,0,0,0,1
gpt2_small,text,0.124,12,wolf,animal,completion_forest,completion,encounter,wolf,0,svm,L10,10,0.83,single_deep,15.0,Little Red Riding Hood was walking through the dark forest when she met a,"hen she met a man who was looking for her.

""Hey, you're a little red, huh?""

""Yeah, I'm a little red.""

""I'm a little red, huh?""

""Yeah, I'm a little red.""

""I'm a little red.""

""I'm a little red.""

""I'm a little red.""

""I'm a little red.""

""I'm a little red.""

""I'm a little red.""

""I'm a little red.""

""I'm a little red.""

""I'm a little red.""

""I'm a little red.""

""I'm a little red.""

""I'm a little red.""

""I'm a little red.""

""I'm a little red.""

""I'm a little red.""

""I'm a little red.""

""","hen she met a young girl in the bushes and gave her a kiss and a kiss of her own.

""I'm so glad you're here,"" she said as she kissed her.

""I'm so glad you're here,"" she said as she kissed her.

""I'm so glad you're here,"" she said as she kissed her.

""I'm so glad you're here,"" she said as she kissed her.

""I'm so glad you're here,"" she said as she kissed her.

""I'm so glad you're here,"" she said as she kissed her.

""I'm so glad you're here,"" she said as she kissed her.

""I'm so glad you're here,"" she said as she kissed her.

""I'm so glad you're here,"" she said as she kissed her.

""I'm so glad you're here,"" she said as she kissed her.

""",96,131,1.3646,1,0,0,0.0,0.0,0,0,0,0,0,0.0,0.7838,0,0,0,0,0,0,0,0,0,0,0,0,0,0,0,0,0,0,2,2,12,0.1667,0.1667,1,1,6,1,1,6,0,0,0,0,0,0,1,1,0,0,0,0,0,0,0,0,0,0,0,0,0,1,1,0,0,0,0,0,0,0,0,0,0,0,0,0,0,0,0,1
gpt2_small,text,0.124,12,wolf,animal,completion_grandmother,completion,deception,wolf,0,svm,L10,10,0.83,single_deep,15.0,Little Red Riding Hood arrived at her grandmother's house. She knocked on the door and a voice said,"a voice said, ""Hello, Little Red.""

Little Red was a little girl. She was a little girl. She was a little girl. She was a little girl. She was a little girl. She was a little girl. She was a little girl. She was a little girl. She was a little girl. She was a little girl. She was a little girl. She was a little girl. She was a little girl. She was a little girl. She was a little girl. She was a little girl. She was a little girl. She was a little girl. She was a little girl. She was a little girl. She was a little girl. She was a little girl. She was a little girl. She was a little girl. She was a little girl. She was a little girl. She was a little girl. She was a little girl. She was a little girl. She was a little girl. She was a little girl. She was a little","a voice said, ""Mrs. Hood, I'm sorry. I'm sorry I didn't see you.""

""I'm sorry,"" she said.

""I'm sorry,"" she said.

""I'm sorry,"" she said.

""I'm sorry,"" she said.

""I'm sorry,"" she said.

""I'm sorry,"" she said.

""I'm sorry,"" she said.

""I'm sorry,"" she said.

""I'm sorry,"" she said.

""I'm sorry,"" she said.

""I'm sorry,"" she said.

""I'm sorry,"" she said.

""I'm sorry,"" she said.

""I'm sorry,"" she said.

""I'm sorry,"" she said.

""I'm sorry,"" she said.

""I'm sorry,"" she said.

""I'm sorry,"" she said.",166,85,0.512,1,0,0,0.0,0.0,0,0,0,0,0,0.0,0.8182,0,0,0,0,0,0,0,0,0,0,0,0,0,0,0,0,0,0,1,1,12,0.0833,0.0833,0,0,6,1,1,6,0,0,0,0,0,0,0,0,0,0,0,0,0,0,0,0,0,0,0,0,0,1,1,0,0,0,0,0,0,0,0,0,0,0,0,0,0,0,0,1
gpt2_small,text,0.124,12,wolf,animal,control_cinderella,instruction,control,none,1,svm,L10,10,0.83,single_deep,15.0,Tell me the story of Cinderella from beginning to end.,"nning to end.

I was a little bit of a girl when I was a kid. I was a little bit of a girl when I was a kid. I was a little bit of a girl when I was a kid. I was a little bit of a girl when I was a kid. I was a little bit of a girl when I was a kid. I was a little bit of a girl when I was a kid. I was a little bit of a girl when I was a kid. I was a little bit of a girl when I was a kid. I was a little bit of a girl when I was a kid. I was a little bit of a girl when I was a kid. I was a little bit of a girl when I was a kid. I was a little bit of a girl when I was a kid. I was a little bit of a girl when I was a kid. I was a little bit of a girl when I was a kid. I was","nning to end.

I was in the middle of a long, long, long, long, long, long, long, long, long, long, long, long, long, long, long, long, long, long, long, long, long, long, long, long, long, long, long, long, long, long, long, long, long, long, long, long, long, long, long, long, long, long, long, long, long, long, long, long, long, long, long, long, long, long, long, long, long, long, long, long, long, long, long, long, long, long, long, long, long, long, long, long, long, long, long, long, long, long, long, long, long, long, long, long, long, long, long, long, long, long, long, long, long, long, long, long",187,106,0.5668,1,1,0,0.0053,0.0,0,0,0,0,1,0.0053,0.5882,0,0,0,0,0,0,0,0,0,0,0,0,1,0,1,0,0,0,1,0,12,0.0833,0.0,0,0,6,1,0,6,1,0,1,0,0,0,0,0,0,0,0,0,0,0,0,0,0,0,0,0,0,1,0,1,0,0,0,0,0,0,0,0,0,0,0,0,0,0,0,0
gpt2_small,text,0.124,12,wolf,animal,control_generic,completion,control,none,1,svm,L10,10,0.83,single_deep,15.0,The old man sat by the fireplace and told his grandchildren about the time he,"t the time he was born.

""I was born in the middle of the night, and I was a little bit scared,"" he said. ""I was just a little bit scared. I was just a little bit scared. I was just a little bit scared.""

The old man said he was a little bit scared because he was a little bit scared.

""I was just a little bit scared. I was just a little bit scared. I was just a little bit scared,"" he said.

The old man said he was a little bit scared because he was a little bit scared.

""I was just a little bit scared. I was just a little bit scared. I was just a little bit scared. I was just a little bit scared. I was just a little bit scared. I was just a little bit scared. I was just a little bit scared. I was just a little bit scared. I was just a little bit scared. I was just","t the time he saw the man's face.

""I saw him in the middle of the night and he was still alive,"" said the man's grandson, Paul, of the same name and the same age.

""I don't know if he was in the middle of the night or not,"" said the grandson's grandson, Paul, of the same name and the same age.

""I don't know if he was in the middle of the night or not,"" said the grandson's grandson, Paul, of the same name and the same age.

""I don't know if he was in the middle of the night or not,"" said the grandson's grandson, Paul, of the same name and the same age.

""I don't know if he was in the middle of the night or not,"" said the grandson's grandson, Paul, of the same name and the same age.

""I don't know if he was in the middle of the",168,154,0.9167,1,1,0,0.006,0.0,0,0,0,0,1,0.006,0.7556,0,0,0,0,0,0,0,0,0,0,0,0,1,0,1,0,0,0,1,0,12,0.0833,0.0,0,0,6,1,0,6,1,0,1,0,0,0,0,0,0,0,0,0,0,0,0,0,0,0,0,0,0,1,0,1,0,0,0,0,0,0,0,0,0,0,0,0,0,0,0,0
gpt2_small,text,0.124,12,wolf,animal,instruction_full_story,instruction,full_narrative,wolf,0,svm,L10,10,0.83,single_deep,20.0,Tell me the story of Little Red Riding Hood from beginning to end.,"nning to end.

I was a little kid when I first saw Little Red Riding Hood. I was a little kid when I first saw Little Red Riding Hood. I was a little kid when I first saw Little Red Riding Hood. I was a little kid when I first saw Little Red Riding Hood. I was a little kid when I first saw Little Red Riding Hood. I was a little kid when I first saw Little Red Riding Hood. I was a little kid when I first saw Little Red Riding Hood. I was a little kid when I first saw Little Red Riding Hood. I was a little kid when I first saw Little Red Riding Hood. I was a little kid when I first saw Little Red Riding Hood. I was a little kid when I first saw Little Red Riding Hood. I was a little kid when I first saw Little Red Riding Hood. I was a little kid when I first saw Little Red Riding Hood. I was a little kid when I first saw Little Red Riding Hood. I was","nning to end.

I was in the middle of a long, long, long, long, long, long, long, long, long, long, long, long, long, long, long, long, long, long, long, long, long, long, long, long, long, long, long, long, long, long, long, long, long, long, long, long, long, long, long, long, long, long, long, long, long, long, long, long, long, long, long, long, long, long, long, long, long, long, long, long, long, long, long, long, long, long, long, long, long, long, long, long, long, long, long, long, long, long, long, long, long, long, long, long, long, long, long, long, long, long, long, long, long, long, long, long",187,106,0.5668,1,0,0,0.0,0.0,0,0,0,0,0,0.0,0.7,0,0,0,0,0,0,0,0,0,0,0,0,0,0,0,0,0,0,1,0,12,0.0833,0.0,0,0,6,1,0,6,1,0,1,0,0,0,0,0,0,0,0,0,0,0,0,0,0,0,0,0,0,1,0,1,0,0,0,0,0,0,0,0,0,0,0,0,0,0,0,1
gpt2_small,text,0.124,12,wolf,animal,instruction_forest,instruction,encounter,wolf,0,svm,L10,10,0.83,single_deep,20.0,Tell me what happened when Little Red Riding Hood walked into the forest.,"o the forest.

I was in the middle of a forest clearing when I saw Little Red Riding Hood. He was standing in the middle of the forest, looking at the trees. He was wearing a white shirt and black pants. He was wearing a black hat and black boots. He was wearing a black hat and black boots. He was wearing a black hat and black boots. He was wearing a black hat and black boots. He was wearing a black hat and black boots. He was wearing a black hat and black boots. He was wearing a black hat and black boots. He was wearing a black hat and black boots. He was wearing a black hat and black boots. He was wearing a black hat and black boots. He was wearing a black hat and black boots. He was wearing a black hat and black boots. He was wearing a black hat and black boots. He was wearing a black hat and black boots. He was wearing a black hat and black boots. He was wearing a black hat","o the forest.

""M.A.H.H.H!""

""M.A.H.H.H!""

""M.A.H.H.H!""

""M.A.H.H.H!""

""M.A.H.H.H!""

""M.A.H-H!""

""M.A.H-H!""

""M.A.H-H!""

""M.A.H-H!""

""M.A.H-H!""

""M.A.H-H!""

""M.A.H-H!""

""M.A.H-H!""

""M.A.H-H!""

""M.A-H!""

""M.A.H-H!""

""M.A.H-H!""

""M.",182,21,0.1154,1,0,0,0.0,0.0,0,0,0,0,0,0.0,0.9143,0,0,0,0,0,0,0,0,0,0,0,0,0,0,0,0,0,0,2,1,12,0.1667,0.0833,0,0,6,2,1,6,1,0,1,0,0,0,0,0,0,0,0,0,0,0,0,0,0,0,0,0,0,1,0,1,0,0,0,1,1,0,0,0,0,0,0,0,0,0,0,1
gpt2_small,text,0.124,12,wolf,animal,instruction_grandmother,instruction,deception,wolf,0,svm,L10,10,0.83,single_deep,20.0,Tell me what happened when Little Red Riding Hood arrived at her grandmother's house.,"ther's house.

I was in the middle of a long day at work when I heard a knock at the door. I looked up and saw Little Red Riding Hood standing there, looking at me with a smile.

""Hello, Little Red,"" she said.

""Hello, Little Red,"" I said.

""Hello, Little Red,"" she said.

""Hello, Little Red,"" I said.

""Hello, Little Red,"" she said.

""Hello, Little Red,"" I said.

""Hello, Little Red,"" she said.

""Hello, Little Red,"" I said.

""Hello, Little Red,"" she said.

""Hello, Little Red,"" I said.

""Hello, Little Red,"" she said.

""Hello, Little Red,"" I said.

""Hello, Little Red,"" I said.

""Hello, Little Red,"" I said.

""Hello,","ther's house.

""M.A.H.H.H.H!""

""M.A.H.H.H.H!""

""M.A.H.H.H.H!""

""M.A.H.H.H.H!""

""M.A.H-H-H-H!""

""M.A.H-H-H-H!""

""M.A.H-H-H-H!""

""M.A.H-H-H-H!""

""M.A.H-H-H-H!""

""M.A.H-H-H-H!""

""M.A.H-H-H-H!""

""M.A.H-H-H-H!""

""M.A.H-H-H-H!""

""M.",109,16,0.1468,1,0,0,0.0,0.0,0,0,0,0,0,0.0,0.9474,0,0,0,0,0,0,0,0,0,0,0,0,0,0,0,0,0,0,1,0,12,0.0833,0.0,0,0,6,1,0,6,1,0,1,0,0,0,0,0,0,0,0,0,0,0,0,0,0,0,0,0,0,1,0,1,0,0,0,0,0,0,0,0,0,0,0,0,0,0,0,1
gpt2_small,text,0.124,12,wolf,animal,completion_full_story,completion,full_narrative,wolf,0,svm,L10,10,0.83,single_deep,20.0,"Once upon a time, there was a little girl called Little Red Riding Hood. She walked through the forest and",he forest and was a little girl. She was a little girl. She was a little girl. She was a little girl. She was a little girl. She was a little girl. She was a little girl. She was a little girl. She was a little girl. She was a little girl. She was a little girl. She was a little girl. She was a little girl. She was a little girl. She was a little girl. She was a little girl. She was a little girl. She was a little girl. She was a little girl. She was a little girl. She was a little girl. She was a little girl. She was a little girl. She was a little girl. She was a little girl. She was a little girl. She was a little girl. She was a little girl. She was a little girl. She was a little girl. She was a little girl. She was a little girl. She was a little girl. She was a,he forest and saw a little girl's. She was very happy. She was very happy. She was happy. She was happy. She was happy. She was happy. She was happy. She was happy. She was happy. She was happy. She was happy. She was happy. She was happy. She was happy. She was happy. She was happy. She was happy. She was happy. She was happy. She was happy. She was happy. She was happy. She was happy. She was happy. She was happy. She was happy. She was happy. She was happy. She was happy. She was happy. She was happy. She was happy. She was happy. She was happy. She was happy. She was happy. She was happy. She was happy. She was happy. She was happy. She was happy. She was happy. She was happy. She was happy. She was happy. She was happy. She was happy. She was happy.,170,153,0.9,1,0,0,0.0,0.0,0,0,0,0,0,0.0,0.4167,0,0,0,0,0,0,0,0,0,0,0,0,0,0,0,0,0,0,2,3,12,0.1667,0.25,0,0,6,2,3,6,-1,0,-1,0,0,0,0,0,0,0,0,0,0,0,0,0,0,0,0,0,0,1,1,0,0,0,0,1,1,0,0,0,0,0,0,0,0,1,-1,1
gpt2_small,text,0.124,12,wolf,animal,completion_forest,completion,encounter,wolf,0,svm,L10,10,0.83,single_deep,20.0,Little Red Riding Hood was walking through the dark forest when she met a,"hen she met a man who was looking for her.

""Hey, you're a little red, huh?""

""Yeah, I'm a little red.""

""I'm a little red, huh?""

""Yeah, I'm a little red.""

""I'm a little red.""

""I'm a little red.""

""I'm a little red.""

""I'm a little red.""

""I'm a little red.""

""I'm a little red.""

""I'm a little red.""

""I'm a little red.""

""I'm a little red.""

""I'm a little red.""

""I'm a little red.""

""I'm a little red.""

""I'm a little red.""

""I'm a little red.""

""I'm a little red.""

""I'm a little red.""

""","hen she met a young girl and soon found her. She was in a dark, dark place and soon found her. She was in a dark, dark place and soon found her.

""Ah, I see you're in a dark, dark place,"" she said and she was in a dark, dark place and soon found her.

""Ah, I see you're in a dark, dark place,"" she said and she was in a dark, dark place and soon found her.

""Ah, I see you're in a dark, dark place,"" she said and she was in a dark, dark place and soon found her.

""Ah, I see you're in a dark, dark place,"" she said and she was in a dark, dark place and soon found her.

""Ah, I see you're in a dark, dark place,"" she said and she was in a dark, dark place and soon found her.

""Ah, I see",96,150,1.5625,1,0,0,0.0,0.0,0,0,0,0,0,0.0,0.7941,0,0,0,0,0,0,0,0,0,0,0,0,0,0,0,0,0,0,2,2,12,0.1667,0.1667,1,1,6,1,1,6,0,0,0,0,0,0,1,1,0,0,0,0,0,0,0,0,0,0,0,0,0,1,1,0,0,0,0,0,0,0,0,0,0,0,0,0,0,0,0,1
gpt2_small,text,0.124,12,wolf,animal,completion_grandmother,completion,deception,wolf,0,svm,L10,10,0.83,single_deep,20.0,Little Red Riding Hood arrived at her grandmother's house. She knocked on the door and a voice said,"a voice said, ""Hello, Little Red.""

Little Red was a little girl. She was a little girl. She was a little girl. She was a little girl. She was a little girl. She was a little girl. She was a little girl. She was a little girl. She was a little girl. She was a little girl. She was a little girl. She was a little girl. She was a little girl. She was a little girl. She was a little girl. She was a little girl. She was a little girl. She was a little girl. She was a little girl. She was a little girl. She was a little girl. She was a little girl. She was a little girl. She was a little girl. She was a little girl. She was a little girl. She was a little girl. She was a little girl. She was a little girl. She was a little girl. She was a little girl. She was a little","a voice said, ""M. (M. Houss-A. Houss-A. Houss-A. Houss-A. Houss-A. Houss-A. Houss-A. Houss-A. Houss-A. Houss-A. Houss-A. Houss-A. Houss-A. Houss-A. Houss-A. Houss-A. Houss-A. Houss-A. Houss-A. Houss-A. Houss-A. Houss-A. Houss-A. Houss-A. Houss-A. Houss-A. Houss-A. Houss-A. Houss-A. Houss-A. Houss-A. Houss-A. H",166,38,0.2289,1,0,0,0.0,0.0,0,0,0,0,0,0.0,0.7857,0,0,0,0,0,0,0,0,0,0,0,0,0,0,0,0,0,0,1,0,12,0.0833,0.0,0,0,6,1,0,6,1,0,1,0,0,0,0,0,0,0,0,0,0,0,0,0,0,0,0,0,0,1,0,1,0,0,0,0,0,0,0,0,0,0,0,0,0,0,0,1
gpt2_small,text,0.124,12,wolf,animal,control_cinderella,instruction,control,none,1,svm,L10,10,0.83,single_deep,20.0,Tell me the story of Cinderella from beginning to end.,"nning to end.

I was a little bit of a girl when I was a kid. I was a little bit of a girl when I was a kid. I was a little bit of a girl when I was a kid. I was a little bit of a girl when I was a kid. I was a little bit of a girl when I was a kid. I was a little bit of a girl when I was a kid. I was a little bit of a girl when I was a kid. I was a little bit of a girl when I was a kid. I was a little bit of a girl when I was a kid. I was a little bit of a girl when I was a kid. I was a little bit of a girl when I was a kid. I was a little bit of a girl when I was a kid. I was a little bit of a girl when I was a kid. I was a little bit of a girl when I was a kid. I was","nning to end.

Marilyn and I were lucky enough to meet and have a great time at the Cinderella.com. M.A. was a wonderful, fun, and informative place and I am so glad I did my part in making it a better place and a better place for everyone involved.

M.A. is a great place to meet people and I am so glad I did my part in making it a better place and a better place for everyone involved.

M.A. is a great place to meet people and I am so glad I did my part in making it a better place and a better place for everyone involved.

M.A. is a great place to meet people and I am so glad I did my part in making it a better place and a better place for everyone involved.

M.A. is a great place to meet people and I am so glad I did my part in making it a better place and a better place for",187,167,0.893,1,1,0,0.0053,0.0,0,0,0,0,1,0.0053,0.8636,0,0,0,0,0,0,0,0,0,0,0,0,1,0,1,0,0,0,1,1,12,0.0833,0.0833,0,1,6,1,0,6,0,-1,1,0,0,0,0,0,0,0,0,0,0,0,0,0,1,-1,0,0,0,1,0,1,0,0,0,0,0,0,0,0,0,0,0,0,0,0,0,0
gpt2_small,text,0.124,12,wolf,animal,control_generic,completion,control,none,1,svm,L10,10,0.83,single_deep,20.0,The old man sat by the fireplace and told his grandchildren about the time he,"t the time he was born.

""I was born in the middle of the night, and I was a little bit scared,"" he said. ""I was just a little bit scared. I was just a little bit scared. I was just a little bit scared.""

The old man said he was a little bit scared because he was a little bit scared.

""I was just a little bit scared. I was just a little bit scared. I was just a little bit scared,"" he said.

The old man said he was a little bit scared because he was a little bit scared.

""I was just a little bit scared. I was just a little bit scared. I was just a little bit scared. I was just a little bit scared. I was just a little bit scared. I was just a little bit scared. I was just a little bit scared. I was just a little bit scared. I was just a little bit scared. I was just","t the time he saw the man's face.

""I saw him in the middle of the night and he was still alive,"" said the man's grandson, Paul M.

""I don't know if he was in the middle of the night or not,"" said the grandson's grandson, Paul M.

""I don't know if he was in the middle of the night or not,"" said the grandson's grandson, Paul M.

""I don't know if he was in the middle of the night or not,"" said the grandson's grandson, Paul M.

""I don't know if he was in the middle of the night or not,"" said the grandson's grandson, Paul M.

""I don't know if he was in the middle of the night or not,"" said the grandson's grandson, Paul M.

""I don't know if he was in the middle of the night or not,"" said the grandson's grandson, Paul M",168,148,0.881,1,1,0,0.006,0.0,0,0,0,0,1,0.006,0.75,0,0,0,0,0,0,0,0,0,0,0,0,1,0,1,0,0,0,1,0,12,0.0833,0.0,0,0,6,1,0,6,1,0,1,0,0,0,0,0,0,0,0,0,0,0,0,0,0,0,0,0,0,1,0,1,0,0,0,0,0,0,0,0,0,0,0,0,0,0,0,0
gpt2_small,text,0.124,12,wolf,animal,instruction_grandmother,instruction,deception,wolf,0,svm,all_layers,-1,1.0,all_layers,3.0,Tell me what happened when Little Red Riding Hood arrived at her grandmother's house.,"ther's house.

I was in the middle of a long day at work when I heard a knock at the door. I looked up and saw Little Red Riding Hood standing there, looking at me with a smile.

""Hello, Little Red,"" she said.

""Hello, Little Red,"" I said.

""Hello, Little Red,"" she said.

""Hello, Little Red,"" I said.

""Hello, Little Red,"" she said.

""Hello, Little Red,"" I said.

""Hello, Little Red,"" she said.

""Hello, Little Red,"" I said.

""Hello, Little Red,"" she said.

""Hello, Little Red,"" I said.

""Hello, Little Red,"" she said.

""Hello, Little Red,"" I said.

""Hello, Little Red,"" I said.

""Hello, Little Red,"" I said.

""Hello,","ther's house.

She was in her thirtarin med cards cards cards cards cards cards cards cards cards cards cards cards.

leleasing cards cards.leleasing cards.leleasing cards.leleasing cards.leleasing cards.leleasing cards.leleasing cards.leleasing cards.leleasing cards.leleasing cards.leleasing cards.leleasing cards.leleasing cards.leleasing cards.leleasing cards.leleasing cards.leleasing cards.leleasing cards.leleasing cards.leleasing cards.leleasing cards.learinleasing cards.learinleasing cards.learinleasing cards.learinleasing cards.learinleasing cards.learinleasing cards.learinleasing cards.learinleasing cards.learinleasing cards.learinleasing cards.learinleasing cards.learinleasing cards.learinleasing cards.learinleasing cards.learinleasing cards.learinleasing cards.learinleasing cards.arinleasing cards.arin",109,61,0.5596,1,0,0,0.0,0.0,0,0,0,0,0,0.0,0.8889,0,0,0,0,0,0,0,0,0,0,0,0,0,0,0,0,0,0,1,0,12,0.0833,0.0,0,0,6,1,0,6,1,0,1,0,0,0,0,0,0,0,0,0,0,0,0,0,0,0,0,0,0,1,0,1,0,0,0,0,0,0,0,0,0,0,0,0,0,0,0,1
gpt2_small,text,0.124,12,wolf,animal,control_cinderella,instruction,control,none,1,svm,all_layers,-1,1.0,all_layers,3.0,Tell me the story of Cinderella from beginning to end.,"nning to end.

I was a little bit of a girl when I was a kid. I was a little bit of a girl when I was a kid. I was a little bit of a girl when I was a kid. I was a little bit of a girl when I was a kid. I was a little bit of a girl when I was a kid. I was a little bit of a girl when I was a kid. I was a little bit of a girl when I was a kid. I was a little bit of a girl when I was a kid. I was a little bit of a girl when I was a kid. I was a little bit of a girl when I was a kid. I was a little bit of a girl when I was a kid. I was a little bit of a girl when I was a kid. I was a little bit of a girl when I was a kid. I was a little bit of a girl when I was a kid. I was","nning to end.

I have a wild animal div cards cards cards cards cards cards cards cards cards cards cards cards cards.

I have alearinleleleleleleleleleleleasing cardsleleasing cardsleleasing cardsleleasing cardsleleasing cardsleleasing cardsleleasing cardsleleasing cardsleleasing cardsleleasing cardsleleasing cardsleleasing cardsleleasing cardsleleasing cardsleleasing cardsleleasing cardsleleasing cardsleleasing cardsleleasing cardsleleasing cardsleleasing cardsleleasing cardsleleasing cardsleleasing cardsleleasing cardsleleasing cardsleleasing cardsleleasing cardsleleasing cardsleleasing cardsleleasing cardsleleasing cardsleleasing cardsleleasing cardsleleasing cardsleleasing cardsleleasing cardsleleasing cardsleleasing divsleasing divslearinleleasing divslearinleleasing divslearin.learinlearin.learin.learinlearin.learinlearin.learinlearinlearin.le",187,67,0.3583,1,1,0,0.0053,0.0,0,0,0,0,1,0.0053,0.7826,0,0,0,0,0,0,0,0,0,0,0,0,1,0,1,0,0,0,1,0,12,0.0833,0.0,0,0,6,1,0,6,1,0,1,0,0,0,0,0,0,0,0,0,0,0,0,0,0,0,0,0,0,1,0,1,0,0,0,0,0,0,0,0,0,0,0,0,0,0,0,0
gpt2_small,text,0.124,12,wolf,animal,control_generic,completion,control,none,1,svm,all_layers,-1,1.0,all_layers,3.0,The old man sat by the fireplace and told his grandchildren about the time he,"t the time he was born.

""I was born in the middle of the night, and I was a little bit scared,"" he said. ""I was just a little bit scared. I was just a little bit scared. I was just a little bit scared.""

The old man said he was a little bit scared because he was a little bit scared.

""I was just a little bit scared. I was just a little bit scared. I was just a little bit scared,"" he said.

The old man said he was a little bit scared because he was a little bit scared.

""I was just a little bit scared. I was just a little bit scared. I was just a little bit scared. I was just a little bit scared. I was just a little bit scared. I was just a little bit scared. I was just a little bit scared. I was just a little bit scared. I was just a little bit scared. I was just","t the time he cards cards cards cards cards cards cards cards cards.

""Oh my God cardsackingarinleleleleleleleleleleleleasing cardsleleasing cardsleleasing cardsleleasing cardsleleasing cardsleleasing cardsleleasing cardsleleasing cardsleleasing cardsleleasing cardsleleasing cardsleleasing cardsleleasing cardsleleasing cardsleleasing cardsleleasing cardsleleasing cardsleleasing cardsleleasing cardsleleasing cardsleleasing cardsleleasing cardsleleasing cardsleleasing cardsleleasing cardsleleasing cardsleleasing cardsleleasing cardsleleasing cardsleleasing cardsleleasing cardsleleasing $leleasing $leleasing $leleasing $leleasing $leleasing $leleasing $leleasing $leleasing $leleasing $learinleasing $learinlearinlearinlearin.learinlearin.learinlearin.learinlearinlearin.learinlearinlearinlearinlearin.leasinglearinlearinlearin",168,59,0.3512,1,1,0,0.006,0.0,0,0,0,0,1,0.006,0.8919,0,0,0,0,0,0,0,0,0,0,0,0,1,0,1,0,0,0,1,0,12,0.0833,0.0,0,0,6,1,0,6,1,0,1,0,0,0,0,0,0,0,0,0,0,0,0,0,0,0,0,0,0,1,0,1,0,0,0,0,0,0,0,0,0,0,0,0,0,0,0,0
gpt2_small,text,0.124,12,wolf,animal,instruction_full_story,instruction,full_narrative,wolf,0,svm,all_layers,-1,1.0,all_layers,6.0,Tell me the story of Little Red Riding Hood from beginning to end.,"nning to end.

I was a little kid when I first saw Little Red Riding Hood. I was a little kid when I first saw Little Red Riding Hood. I was a little kid when I first saw Little Red Riding Hood. I was a little kid when I first saw Little Red Riding Hood. I was a little kid when I first saw Little Red Riding Hood. I was a little kid when I first saw Little Red Riding Hood. I was a little kid when I first saw Little Red Riding Hood. I was a little kid when I first saw Little Red Riding Hood. I was a little kid when I first saw Little Red Riding Hood. I was a little kid when I first saw Little Red Riding Hood. I was a little kid when I first saw Little Red Riding Hood. I was a little kid when I first saw Little Red Riding Hood. I was a little kid when I first saw Little Red Riding Hood. I was a little kid when I first saw Little Red Riding Hood. I was",nning to end.arin diamonds diamonds diamonds diamonds diamonds diamonds diamonds diamonds diamonds diamonds diamonds diamonds diamonds diamonds diamonds diamonds diamonds diamonds diamonds diamonds diamonds diamonds diamonds diamonds diamonds diamonds diamonds diamonds diamonds diamonds diamonds diamonds diamonds diamonds diamonds diamonds diamonds diamonds diamonds diamonds diamonds diamonds diamonds diamonds diamonds diamonds diamonds diamonds diamonds diamonds diamonds diamonds diamonds diamonds diamonds diamonds diamonds diamonds diamonds diamonds diamonds diamonds diamonds diamonds diamonds diamonds diamonds diamonds diamonds diamonds diamonds diamonds diamonds diamonds diamonds diamonds diamonds diamonds diamonds diamonds diamonds diamonds diamonds diamonds diamonds diamonds diamonds diamonds diamonds diamonds diamonds diamonds diamonds diamonds diamonds diamonds diamonds diamonds diamonds diamonds diamonds diamonds diamonds diamonds diamonds diamonds diamonds diamonds diamonds diamonds diamonds diamonds diamonds diamonds diamonds diamonds diamonds diamonds diamonds diamonds diamonds diamonds diamonds diamonds diamonds diamonds diamonds diamonds diamonds diamonds diamonds diamonds diamonds diamonds diamonds diamonds diamonds diamonds diamonds diamonds diamonds diamonds diamonds diamonds diamonds diamonds diamonds diamonds diamonds diamonds diamonds diamonds diamonds diamonds diamonds diamonds diamonds diamonds diamonds diamonds diamonds diamonds diamonds diamonds diamonds diamonds diamonds diamonds diamonds diamonds diamonds diamonds diamonds diamonds diamonds diamonds diamonds diamonds diamonds diamonds diamonds diamonds diamonds diamonds diamonds diamonds diamonds diamonds diamonds diamonds diamonds diamonds diamonds diamonds diamonds diamonds diamonds diamonds diamonds,187,202,1.0802,1,0,0,0.0,0.0,0,0,0,0,0,0.0,0.875,0,0,0,0,0,0,0,0,0,0,0,0,0,0,0,0,0,0,1,0,12,0.0833,0.0,0,0,6,1,0,6,1,0,1,0,0,0,0,0,0,0,0,0,0,0,0,0,0,0,0,0,0,1,0,1,0,0,0,0,0,0,0,0,0,0,0,0,0,0,0,1
gpt2_small,text,0.124,12,wolf,animal,instruction_forest,instruction,encounter,wolf,0,svm,all_layers,-1,1.0,all_layers,6.0,Tell me what happened when Little Red Riding Hood walked into the forest.,"o the forest.

I was in the middle of a forest clearing when I saw Little Red Riding Hood. He was standing in the middle of the forest, looking at the trees. He was wearing a white shirt and black pants. He was wearing a black hat and black boots. He was wearing a black hat and black boots. He was wearing a black hat and black boots. He was wearing a black hat and black boots. He was wearing a black hat and black boots. He was wearing a black hat and black boots. He was wearing a black hat and black boots. He was wearing a black hat and black boots. He was wearing a black hat and black boots. He was wearing a black hat and black boots. He was wearing a black hat and black boots. He was wearing a black hat and black boots. He was wearing a black hat and black boots. He was wearing a black hat and black boots. He was wearing a black hat and black boots. He was wearing a black hat",o the forest.arin diamonds diamonds diamonds diamonds diamonds diamonds diamonds diamonds diamonds diamonds diamonds diamonds diamonds diamonds diamonds diamonds diamonds diamonds diamonds diamonds diamonds diamonds diamonds diamonds diamonds diamonds diamonds diamonds diamonds diamonds diamonds diamonds diamonds diamonds diamonds diamonds diamonds diamonds diamonds diamonds diamonds diamonds diamonds diamonds diamonds diamonds diamonds diamonds diamonds diamonds diamonds diamonds diamonds diamonds diamonds diamonds diamonds diamonds diamonds diamonds diamonds diamonds diamonds diamonds diamonds diamonds diamonds diamonds diamonds diamonds diamonds diamonds diamonds diamonds diamonds diamonds diamonds diamonds diamonds diamonds diamonds diamonds diamonds diamonds diamonds diamonds diamonds diamonds diamonds diamonds diamonds diamonds diamonds diamonds diamonds diamonds diamonds diamonds diamonds diamonds diamonds diamonds diamonds diamonds diamonds diamonds diamonds diamonds diamonds diamonds diamonds diamonds diamonds diamonds diamonds diamonds diamonds diamonds diamonds diamonds diamonds diamonds diamonds diamonds diamonds diamonds diamonds diamonds diamonds diamonds diamonds diamonds diamonds diamonds diamonds diamonds diamonds diamonds diamonds diamonds diamonds diamonds diamonds diamonds diamonds diamonds diamonds diamonds diamonds diamonds diamonds diamonds diamonds diamonds diamonds diamonds diamonds diamonds diamonds diamonds diamonds diamonds diamonds diamonds diamonds diamonds diamonds diamonds diamonds diamonds diamonds diamonds diamonds diamonds diamonds diamonds diamonds diamonds diamonds diamonds diamonds diamonds diamonds diamonds diamonds diamonds diamonds diamonds diamonds diamonds diamonds diamonds diamonds diamonds diamonds diamonds diamonds diamonds diamonds,182,202,1.1099,1,0,0,0.0,0.0,0,0,0,0,0,0.0,0.9394,0,0,0,0,0,0,0,0,0,0,0,0,0,0,0,0,0,0,2,1,12,0.1667,0.0833,0,0,6,2,1,6,1,0,1,0,0,0,0,0,0,0,0,0,0,0,0,0,0,0,0,0,0,1,0,1,0,0,0,1,1,0,0,0,0,0,0,0,0,0,0,1
gpt2_small,text,0.124,12,wolf,animal,instruction_grandmother,instruction,deception,wolf,0,svm,all_layers,-1,1.0,all_layers,6.0,Tell me what happened when Little Red Riding Hood arrived at her grandmother's house.,"ther's house.

I was in the middle of a long day at work when I heard a knock at the door. I looked up and saw Little Red Riding Hood standing there, looking at me with a smile.

""Hello, Little Red,"" she said.

""Hello, Little Red,"" I said.

""Hello, Little Red,"" she said.

""Hello, Little Red,"" I said.

""Hello, Little Red,"" she said.

""Hello, Little Red,"" I said.

""Hello, Little Red,"" she said.

""Hello, Little Red,"" I said.

""Hello, Little Red,"" she said.

""Hello, Little Red,"" I said.

""Hello, Little Red,"" she said.

""Hello, Little Red,"" I said.

""Hello, Little Red,"" I said.

""Hello, Little Red,"" I said.

""Hello,",ther's house.arin diamonds diamonds diamonds diamonds diamonds diamonds diamonds diamonds diamonds diamonds diamonds diamonds diamonds diamonds diamonds diamonds diamonds diamonds diamonds diamonds diamonds diamonds diamonds diamonds diamonds diamonds diamonds diamonds diamonds diamonds diamonds diamonds diamonds diamonds diamonds diamonds diamonds diamonds diamonds diamonds diamonds diamonds diamonds diamonds diamonds diamonds diamonds diamonds diamonds diamonds diamonds diamonds diamonds diamonds diamonds diamonds diamonds diamonds diamonds diamonds diamonds diamonds diamonds diamonds diamonds diamonds diamonds diamonds diamonds diamonds diamonds diamonds diamonds diamonds diamonds diamonds diamonds diamonds diamonds diamonds diamonds diamonds diamonds diamonds diamonds diamonds diamonds diamonds diamonds diamonds diamonds diamonds diamonds diamonds diamonds diamonds diamonds diamonds diamonds diamonds diamonds diamonds diamonds diamonds diamonds diamonds diamonds diamonds diamonds diamonds diamonds diamonds diamonds diamonds diamonds diamonds diamonds diamonds diamonds diamonds diamonds diamonds diamonds diamonds diamonds diamonds diamonds diamonds diamonds diamonds diamonds diamonds diamonds diamonds diamonds diamonds diamonds diamonds diamonds diamonds diamonds diamonds diamonds diamonds diamonds diamonds diamonds diamonds diamonds diamonds diamonds diamonds diamonds diamonds diamonds diamonds diamonds diamonds diamonds diamonds diamonds diamonds diamonds diamonds diamonds diamonds diamonds diamonds diamonds diamonds diamonds diamonds diamonds diamonds diamonds diamonds diamonds diamonds diamonds diamonds diamonds diamonds diamonds diamonds diamonds diamonds diamonds diamonds diamonds diamonds diamonds diamonds diamonds diamonds diamonds diamonds diamonds diamonds diamonds,109,201,1.844,1,0,0,0.0,0.0,0,0,0,0,0,0.0,0.973,0,0,0,0,0,0,0,0,0,0,0,0,0,0,0,0,0,0,1,0,12,0.0833,0.0,0,0,6,1,0,6,1,0,1,0,0,0,0,0,0,0,0,0,0,0,0,0,0,0,0,0,0,1,0,1,0,0,0,0,0,0,0,0,0,0,0,0,0,0,0,1
gpt2_small,text,0.124,12,wolf,animal,completion_full_story,completion,full_narrative,wolf,0,svm,all_layers,-1,1.0,all_layers,6.0,"Once upon a time, there was a little girl called Little Red Riding Hood. She walked through the forest and",he forest and was a little girl. She was a little girl. She was a little girl. She was a little girl. She was a little girl. She was a little girl. She was a little girl. She was a little girl. She was a little girl. She was a little girl. She was a little girl. She was a little girl. She was a little girl. She was a little girl. She was a little girl. She was a little girl. She was a little girl. She was a little girl. She was a little girl. She was a little girl. She was a little girl. She was a little girl. She was a little girl. She was a little girl. She was a little girl. She was a little girl. She was a little girl. She was a little girl. She was a little girl. She was a little girl. She was a little girl. She was a little girl. She was a little girl. She was a,he forest andarinarinarinarinarinarinarinarinarinarinarin diamonds diamonds diamonds diamonds diamonds diamonds diamonds diamonds diamonds diamonds diamonds diamonds diamonds diamonds diamonds diamonds diamonds diamonds diamonds diamonds diamonds diamonds diamonds diamonds diamonds diamonds diamonds diamonds diamonds diamonds diamonds diamonds diamonds diamonds diamonds diamonds diamonds diamonds diamonds diamonds diamonds diamonds diamonds diamonds diamonds diamonds diamonds diamonds diamonds diamonds diamonds diamonds diamonds diamonds diamonds diamonds diamonds diamonds diamonds diamonds diamonds diamonds diamonds diamonds diamonds diamonds diamonds diamonds diamonds diamonds diamonds diamonds diamonds diamonds diamonds diamonds diamonds diamonds diamonds diamonds diamonds diamonds diamonds diamonds diamonds diamonds diamonds diamonds diamonds diamonds diamonds diamonds diamonds diamonds diamonds diamonds diamonds diamonds diamonds diamonds diamonds diamonds diamonds diamonds diamonds diamonds diamonds diamonds diamonds diamonds diamonds diamonds diamonds diamonds diamonds diamonds diamonds diamonds diamonds diamonds diamonds diamonds diamonds diamonds diamonds diamonds diamonds diamonds diamonds diamonds diamonds diamonds diamonds diamonds diamonds diamonds diamonds diamonds diamonds diamonds diamonds diamonds diamonds diamonds diamonds diamonds diamonds diamonds diamonds diamonds diamonds diamonds diamonds diamonds diamonds diamonds diamonds diamonds diamonds diamonds diamonds diamonds diamonds diamonds diamonds diamonds diamonds diamonds diamonds diamonds diamonds diamonds diamonds diamonds diamonds diamonds diamonds diamonds diamonds diamonds diamonds diamonds diamonds diamonds diamonds diamonds diamonds diamonds diamonds,170,192,1.1294,1,0,0,0.0,0.0,0,0,0,0,0,0.0,0.8,0,0,0,0,0,0,0,0,0,0,0,0,0,0,0,0,0,0,2,1,12,0.1667,0.0833,0,0,6,2,1,6,1,0,1,0,0,0,0,0,0,0,0,0,0,0,0,0,0,0,0,0,0,1,0,1,0,0,0,1,1,0,0,0,0,0,0,0,0,0,0,1
gpt2_small,text,0.124,12,wolf,animal,completion_forest,completion,encounter,wolf,0,svm,all_layers,-1,1.0,all_layers,6.0,Little Red Riding Hood was walking through the dark forest when she met a,"hen she met a man who was looking for her.

""Hey, you're a little red, huh?""

""Yeah, I'm a little red.""

""I'm a little red, huh?""

""Yeah, I'm a little red.""

""I'm a little red.""

""I'm a little red.""

""I'm a little red.""

""I'm a little red.""

""I'm a little red.""

""I'm a little red.""

""I'm a little red.""

""I'm a little red.""

""I'm a little red.""

""I'm a little red.""

""I'm a little red.""

""I'm a little red.""

""I'm a little red.""

""I'm a little red.""

""I'm a little red.""

""I'm a little red.""

""",hen she met aarinarinarinarinarin diamonds diamonds diamonds diamonds diamonds diamonds diamonds diamonds diamonds diamonds diamonds diamonds diamonds diamonds diamonds diamonds diamonds diamonds diamonds diamonds diamonds diamonds diamonds diamonds diamonds diamonds diamonds diamonds diamonds diamonds diamonds diamonds diamonds diamonds diamonds diamonds diamonds diamonds diamonds diamonds diamonds diamonds diamonds diamonds diamonds diamonds diamonds diamonds diamonds diamonds diamonds diamonds diamonds diamonds diamonds diamonds diamonds diamonds diamonds diamonds diamonds diamonds diamonds diamonds diamonds diamonds diamonds diamonds diamonds diamonds diamonds diamonds diamonds diamonds diamonds diamonds diamonds diamonds diamonds diamonds diamonds diamonds diamonds diamonds diamonds diamonds diamonds diamonds diamonds diamonds diamonds diamonds diamonds diamonds diamonds diamonds diamonds diamonds diamonds diamonds diamonds diamonds diamonds diamonds diamonds diamonds diamonds diamonds diamonds diamonds diamonds diamonds diamonds diamonds diamonds diamonds diamonds diamonds diamonds diamonds diamonds diamonds diamonds diamonds diamonds diamonds diamonds diamonds diamonds diamonds diamonds diamonds diamonds diamonds diamonds diamonds diamonds diamonds diamonds diamonds diamonds diamonds diamonds diamonds diamonds diamonds diamonds diamonds diamonds diamonds diamonds diamonds diamonds diamonds diamonds diamonds diamonds diamonds diamonds diamonds diamonds diamonds diamonds diamonds diamonds diamonds diamonds diamonds diamonds diamonds diamonds diamonds diamonds diamonds diamonds diamonds diamonds diamonds diamonds diamonds diamonds diamonds diamonds diamonds diamonds diamonds diamonds diamonds diamonds diamonds diamonds diamonds diamonds diamonds diamonds,96,199,2.0729,1,0,0,0.0,0.0,0,0,0,0,0,0.0,0.8636,0,0,0,0,0,0,0,0,0,0,0,0,0,0,0,0,0,0,2,1,12,0.1667,0.0833,1,1,6,1,0,6,1,0,1,0,0,0,1,1,0,0,0,0,0,0,0,0,0,0,0,0,0,1,0,1,0,0,0,0,0,0,0,0,0,0,0,0,0,0,0,1
gpt2_small,text,0.124,12,wolf,animal,completion_grandmother,completion,deception,wolf,0,svm,all_layers,-1,1.0,all_layers,6.0,Little Red Riding Hood arrived at her grandmother's house. She knocked on the door and a voice said,"a voice said, ""Hello, Little Red.""

Little Red was a little girl. She was a little girl. She was a little girl. She was a little girl. She was a little girl. She was a little girl. She was a little girl. She was a little girl. She was a little girl. She was a little girl. She was a little girl. She was a little girl. She was a little girl. She was a little girl. She was a little girl. She was a little girl. She was a little girl. She was a little girl. She was a little girl. She was a little girl. She was a little girl. She was a little girl. She was a little girl. She was a little girl. She was a little girl. She was a little girl. She was a little girl. She was a little girl. She was a little girl. She was a little girl. She was a little girl. She was a little",a voice said diamonds diamonds diamonds diamonds diamonds diamonds diamonds diamonds diamonds diamonds diamonds diamonds diamonds diamonds diamonds diamonds diamonds diamonds diamonds diamonds diamonds diamonds diamonds diamonds diamonds diamonds diamonds diamonds diamonds diamonds diamonds diamonds diamonds diamonds diamonds diamonds diamonds diamonds diamonds diamonds diamonds diamonds diamonds diamonds diamonds diamonds diamonds diamonds diamonds diamonds diamonds diamonds diamonds diamonds diamonds diamonds diamonds diamonds diamonds diamonds diamonds diamonds diamonds diamonds diamonds diamonds diamonds diamonds diamonds diamonds diamonds diamonds diamonds diamonds diamonds diamonds diamonds diamonds diamonds diamonds diamonds diamonds diamonds diamonds diamonds diamonds diamonds diamonds diamonds diamonds diamonds diamonds diamonds diamonds diamonds diamonds diamonds diamonds diamonds diamonds diamonds diamonds diamonds diamonds diamonds diamonds diamonds diamonds diamonds diamonds diamonds diamonds diamonds diamonds diamonds diamonds diamonds diamonds diamonds diamonds diamonds diamonds diamonds diamonds diamonds diamonds diamonds diamonds diamonds diamonds diamonds diamonds diamonds diamonds diamonds diamonds diamonds diamonds diamonds diamonds diamonds diamonds diamonds diamonds diamonds diamonds diamonds diamonds diamonds diamonds diamonds diamonds diamonds diamonds diamonds diamonds diamonds diamonds diamonds diamonds diamonds diamonds diamonds diamonds diamonds diamonds diamonds diamonds diamonds diamonds diamonds diamonds diamonds diamonds diamonds diamonds diamonds diamonds diamonds diamonds diamonds diamonds diamonds diamonds diamonds diamonds diamonds diamonds diamonds diamonds diamonds diamonds diamonds diamonds diamonds diamonds diamonds diamonds diamonds diamonds,166,203,1.2229,1,0,0,0.0,0.0,0,0,0,0,0,0.0,0.8333,0,0,0,0,0,0,0,0,0,0,0,0,0,0,0,0,0,0,1,0,12,0.0833,0.0,0,0,6,1,0,6,1,0,1,0,0,0,0,0,0,0,0,0,0,0,0,0,0,0,0,0,0,1,0,1,0,0,0,0,0,0,0,0,0,0,0,0,0,0,0,1
gpt2_small,text,0.124,12,wolf,animal,control_cinderella,instruction,control,none,1,svm,all_layers,-1,1.0,all_layers,6.0,Tell me the story of Cinderella from beginning to end.,"nning to end.

I was a little bit of a girl when I was a kid. I was a little bit of a girl when I was a kid. I was a little bit of a girl when I was a kid. I was a little bit of a girl when I was a kid. I was a little bit of a girl when I was a kid. I was a little bit of a girl when I was a kid. I was a little bit of a girl when I was a kid. I was a little bit of a girl when I was a kid. I was a little bit of a girl when I was a kid. I was a little bit of a girl when I was a kid. I was a little bit of a girl when I was a kid. I was a little bit of a girl when I was a kid. I was a little bit of a girl when I was a kid. I was a little bit of a girl when I was a kid. I was",nning to end.arin diamonds diamonds diamonds diamonds diamonds diamonds diamonds diamonds diamonds diamonds diamonds diamonds diamonds diamonds diamonds diamonds diamonds diamonds diamonds diamonds diamonds diamonds diamonds diamonds diamonds diamonds diamonds diamonds diamonds diamonds diamonds diamonds diamonds diamonds diamonds diamonds diamonds diamonds diamonds diamonds diamonds diamonds diamonds diamonds diamonds diamonds diamonds diamonds diamonds diamonds diamonds diamonds diamonds diamonds diamonds diamonds diamonds diamonds diamonds diamonds diamonds diamonds diamonds diamonds diamonds diamonds diamonds diamonds diamonds diamonds diamonds diamonds diamonds diamonds diamonds diamonds diamonds diamonds diamonds diamonds diamonds diamonds diamonds diamonds diamonds diamonds diamonds diamonds diamonds diamonds diamonds diamonds diamonds diamonds diamonds diamonds diamonds diamonds diamonds diamonds diamonds diamonds diamonds diamonds diamonds diamonds diamonds diamonds diamonds diamonds diamonds diamonds diamonds diamonds diamonds diamonds diamonds diamonds diamonds diamonds diamonds diamonds diamonds diamonds diamonds diamonds diamonds diamonds diamonds diamonds diamonds diamonds diamonds diamonds diamonds diamonds diamonds diamonds diamonds diamonds diamonds diamonds diamonds diamonds diamonds diamonds diamonds diamonds diamonds diamonds diamonds diamonds diamonds diamonds diamonds diamonds diamonds diamonds diamonds diamonds diamonds diamonds diamonds diamonds diamonds diamonds diamonds diamonds diamonds diamonds diamonds diamonds diamonds diamonds diamonds diamonds diamonds diamonds diamonds diamonds diamonds diamonds diamonds diamonds diamonds diamonds diamonds diamonds diamonds diamonds diamonds diamonds diamonds diamonds diamonds diamonds diamonds diamonds diamonds,187,202,1.0802,1,1,0,0.0053,0.0,0,0,0,0,1,0.0053,0.8571,0,0,0,0,0,0,0,0,0,0,0,0,1,0,1,0,0,0,1,0,12,0.0833,0.0,0,0,6,1,0,6,1,0,1,0,0,0,0,0,0,0,0,0,0,0,0,0,0,0,0,0,0,1,0,1,0,0,0,0,0,0,0,0,0,0,0,0,0,0,0,0
gpt2_small,text,0.124,12,wolf,animal,control_generic,completion,control,none,1,svm,all_layers,-1,1.0,all_layers,6.0,The old man sat by the fireplace and told his grandchildren about the time he,"t the time he was born.

""I was born in the middle of the night, and I was a little bit scared,"" he said. ""I was just a little bit scared. I was just a little bit scared. I was just a little bit scared.""

The old man said he was a little bit scared because he was a little bit scared.

""I was just a little bit scared. I was just a little bit scared. I was just a little bit scared,"" he said.

The old man said he was a little bit scared because he was a little bit scared.

""I was just a little bit scared. I was just a little bit scared. I was just a little bit scared. I was just a little bit scared. I was just a little bit scared. I was just a little bit scared. I was just a little bit scared. I was just a little bit scared. I was just a little bit scared. I was just",t the time he diamonds diamonds diamonds diamonds diamonds diamonds diamonds diamonds diamonds diamonds diamonds diamonds diamonds diamonds diamonds diamonds diamonds diamonds diamonds diamonds diamonds diamonds diamonds diamonds diamonds diamonds diamonds diamonds diamonds diamonds diamonds diamonds diamonds diamonds diamonds diamonds diamonds diamonds diamonds diamonds diamonds diamonds diamonds diamonds diamonds diamonds diamonds diamonds diamonds diamonds diamonds diamonds diamonds diamonds diamonds diamonds diamonds diamonds diamonds diamonds diamonds diamonds diamonds diamonds diamonds diamonds diamonds diamonds diamonds diamonds diamonds diamonds diamonds diamonds diamonds diamonds diamonds diamonds diamonds diamonds diamonds diamonds diamonds diamonds diamonds diamonds diamonds diamonds diamonds diamonds diamonds diamonds diamonds diamonds diamonds diamonds diamonds diamonds diamonds diamonds diamonds diamonds diamonds diamonds diamonds diamonds diamonds diamonds diamonds diamonds diamonds diamonds diamonds diamonds diamonds diamonds diamonds diamonds diamonds diamonds diamonds diamonds diamonds diamonds diamonds diamonds diamonds diamonds diamonds diamonds diamonds diamonds diamonds diamonds diamonds diamonds diamonds diamonds diamonds diamonds diamonds diamonds diamonds diamonds diamonds diamonds diamonds diamonds diamonds diamonds diamonds diamonds diamonds diamonds diamonds diamonds diamonds diamonds diamonds diamonds diamonds diamonds diamonds diamonds diamonds diamonds diamonds diamonds diamonds diamonds diamonds diamonds diamonds diamonds diamonds diamonds diamonds diamonds diamonds diamonds diamonds diamonds diamonds diamonds diamonds diamonds diamonds diamonds diamonds diamonds diamonds diamonds diamonds diamonds diamonds diamonds diamonds diamonds diamonds diamonds,168,204,1.2143,1,1,0,0.006,0.0,0,0,0,0,1,0.006,0.8571,0,0,0,0,0,0,0,0,0,0,0,0,1,0,1,0,0,0,1,0,12,0.0833,0.0,0,0,6,1,0,6,1,0,1,0,0,0,0,0,0,0,0,0,0,0,0,0,0,0,0,0,0,1,0,1,0,0,0,0,0,0,0,0,0,0,0,0,0,0,0,0
gpt2_small,text,0.124,12,wolf,animal,instruction_full_story,instruction,full_narrative,wolf,0,svm,all_layers,-1,1.0,all_layers,10.0,Tell me the story of Little Red Riding Hood from beginning to end.,"nning to end.

I was a little kid when I first saw Little Red Riding Hood. I was a little kid when I first saw Little Red Riding Hood. I was a little kid when I first saw Little Red Riding Hood. I was a little kid when I first saw Little Red Riding Hood. I was a little kid when I first saw Little Red Riding Hood. I was a little kid when I first saw Little Red Riding Hood. I was a little kid when I first saw Little Red Riding Hood. I was a little kid when I first saw Little Red Riding Hood. I was a little kid when I first saw Little Red Riding Hood. I was a little kid when I first saw Little Red Riding Hood. I was a little kid when I first saw Little Red Riding Hood. I was a little kid when I first saw Little Red Riding Hood. I was a little kid when I first saw Little Red Riding Hood. I was a little kid when I first saw Little Red Riding Hood. I was",nning to end.arin diamonds diamonds diamonds diamonds diamonds diamonds diamonds diamonds diamonds diamonds diamonds diamonds diamonds diamonds diamonds diamonds diamonds diamonds diamonds diamonds diamonds diamonds diamonds diamonds diamonds diamonds diamonds diamonds diamonds diamonds diamonds diamonds diamonds diamonds diamonds diamonds diamonds diamonds diamonds diamonds diamonds diamonds diamonds diamonds diamonds diamonds diamonds diamonds diamonds diamonds diamonds diamonds diamonds diamonds diamonds diamonds diamonds diamonds diamonds diamonds diamonds diamonds diamonds diamonds diamonds diamonds diamonds diamonds diamonds diamonds diamonds diamonds diamonds diamonds diamonds diamonds diamonds diamonds diamonds diamonds diamonds diamonds diamonds diamonds diamonds diamonds diamonds diamonds diamonds diamonds diamonds diamonds diamonds diamonds diamonds diamonds diamonds diamonds diamonds diamonds diamonds diamonds diamonds diamonds diamonds diamonds diamonds diamonds diamonds diamonds diamonds diamonds diamonds diamonds diamonds diamonds diamonds diamonds diamonds diamonds diamonds diamonds diamonds diamonds diamonds diamonds diamonds diamonds diamonds diamonds diamonds diamonds diamonds diamonds diamonds diamonds diamonds diamonds diamonds diamonds diamonds diamonds diamonds diamonds diamonds diamonds diamonds diamonds diamonds diamonds diamonds diamonds diamonds diamonds diamonds diamonds diamonds diamonds diamonds diamonds diamonds diamonds diamonds diamonds diamonds diamonds diamonds diamonds diamonds diamonds diamonds diamonds diamonds diamonds diamonds diamonds diamonds diamonds diamonds diamonds diamonds diamonds diamonds diamonds diamonds diamonds diamonds diamonds diamonds diamonds diamonds diamonds diamonds diamonds diamonds diamonds diamonds diamonds diamonds,187,202,1.0802,1,0,0,0.0,0.0,0,0,0,0,0,0.0,0.875,0,0,0,0,0,0,0,0,0,0,0,0,0,0,0,0,0,0,1,0,12,0.0833,0.0,0,0,6,1,0,6,1,0,1,0,0,0,0,0,0,0,0,0,0,0,0,0,0,0,0,0,0,1,0,1,0,0,0,0,0,0,0,0,0,0,0,0,0,0,0,1
gpt2_small,text,0.124,12,wolf,animal,instruction_forest,instruction,encounter,wolf,0,svm,all_layers,-1,1.0,all_layers,10.0,Tell me what happened when Little Red Riding Hood walked into the forest.,"o the forest.

I was in the middle of a forest clearing when I saw Little Red Riding Hood. He was standing in the middle of the forest, looking at the trees. He was wearing a white shirt and black pants. He was wearing a black hat and black boots. He was wearing a black hat and black boots. He was wearing a black hat and black boots. He was wearing a black hat and black boots. He was wearing a black hat and black boots. He was wearing a black hat and black boots. He was wearing a black hat and black boots. He was wearing a black hat and black boots. He was wearing a black hat and black boots. He was wearing a black hat and black boots. He was wearing a black hat and black boots. He was wearing a black hat and black boots. He was wearing a black hat and black boots. He was wearing a black hat and black boots. He was wearing a black hat and black boots. He was wearing a black hat",o the forest.arin diamonds diamonds diamonds diamonds diamonds diamonds diamonds diamonds diamonds diamonds diamonds diamonds diamonds diamonds diamonds diamonds diamonds diamonds diamonds diamonds diamonds diamonds diamonds diamonds diamonds diamonds diamonds diamonds diamonds diamonds diamonds diamonds diamonds diamonds diamonds diamonds diamonds diamonds diamonds diamonds diamonds diamonds diamonds diamonds diamonds diamonds diamonds diamonds diamonds diamonds diamonds diamonds diamonds diamonds diamonds diamonds diamonds diamonds diamonds diamonds diamonds diamonds diamonds diamonds diamonds diamonds diamonds diamonds diamonds diamonds diamonds diamonds diamonds diamonds diamonds diamonds diamonds diamonds diamonds diamonds diamonds diamonds diamonds diamonds diamonds diamonds diamonds diamonds diamonds diamonds diamonds diamonds diamonds diamonds diamonds diamonds diamonds diamonds diamonds diamonds diamonds diamonds diamonds diamonds diamonds diamonds diamonds diamonds diamonds diamonds diamonds diamonds diamonds diamonds diamonds diamonds diamonds diamonds diamonds diamonds diamonds diamonds diamonds diamonds diamonds diamonds diamonds diamonds diamonds diamonds diamonds diamonds diamonds diamonds diamonds diamonds diamonds diamonds diamonds diamonds diamonds diamonds diamonds diamonds diamonds diamonds diamonds diamonds diamonds diamonds diamonds diamonds diamonds diamonds diamonds diamonds diamonds diamonds diamonds diamonds diamonds diamonds diamonds diamonds diamonds diamonds diamonds diamonds diamonds diamonds diamonds diamonds diamonds diamonds diamonds diamonds diamonds diamonds diamonds diamonds diamonds diamonds diamonds diamonds diamonds diamonds diamonds diamonds diamonds diamonds diamonds diamonds diamonds diamonds diamonds diamonds diamonds diamonds diamonds,182,202,1.1099,1,0,0,0.0,0.0,0,0,0,0,0,0.0,0.9394,0,0,0,0,0,0,0,0,0,0,0,0,0,0,0,0,0,0,2,1,12,0.1667,0.0833,0,0,6,2,1,6,1,0,1,0,0,0,0,0,0,0,0,0,0,0,0,0,0,0,0,0,0,1,0,1,0,0,0,1,1,0,0,0,0,0,0,0,0,0,0,1
gpt2_small,text,0.124,12,wolf,animal,instruction_grandmother,instruction,deception,wolf,0,svm,all_layers,-1,1.0,all_layers,10.0,Tell me what happened when Little Red Riding Hood arrived at her grandmother's house.,"ther's house.

I was in the middle of a long day at work when I heard a knock at the door. I looked up and saw Little Red Riding Hood standing there, looking at me with a smile.

""Hello, Little Red,"" she said.

""Hello, Little Red,"" I said.

""Hello, Little Red,"" she said.

""Hello, Little Red,"" I said.

""Hello, Little Red,"" she said.

""Hello, Little Red,"" I said.

""Hello, Little Red,"" she said.

""Hello, Little Red,"" I said.

""Hello, Little Red,"" she said.

""Hello, Little Red,"" I said.

""Hello, Little Red,"" she said.

""Hello, Little Red,"" I said.

""Hello, Little Red,"" I said.

""Hello, Little Red,"" I said.

""Hello,",ther's house.arin diamonds diamonds diamonds diamonds diamonds diamonds diamonds diamonds diamonds diamonds diamonds diamonds diamonds diamonds diamonds diamonds diamonds diamonds diamonds diamonds diamonds diamonds diamonds diamonds diamonds diamonds diamonds diamonds diamonds diamonds diamonds diamonds diamonds diamonds diamonds diamonds diamonds diamonds diamonds diamonds diamonds diamonds diamonds diamonds diamonds diamonds diamonds diamonds diamonds diamonds diamonds diamonds diamonds diamonds diamonds diamonds diamonds diamonds diamonds diamonds diamonds diamonds diamonds diamonds diamonds diamonds diamonds diamonds diamonds diamonds diamonds diamonds diamonds diamonds diamonds diamonds diamonds diamonds diamonds diamonds diamonds diamonds diamonds diamonds diamonds diamonds diamonds diamonds diamonds diamonds diamonds diamonds diamonds diamonds diamonds diamonds diamonds diamonds diamonds diamonds diamonds diamonds diamonds diamonds diamonds diamonds diamonds diamonds diamonds diamonds diamonds diamonds diamonds diamonds diamonds diamonds diamonds diamonds diamonds diamonds diamonds diamonds diamonds diamonds diamonds diamonds diamonds diamonds diamonds diamonds diamonds diamonds diamonds diamonds diamonds diamonds diamonds diamonds diamonds diamonds diamonds diamonds diamonds diamonds diamonds diamonds diamonds diamonds diamonds diamonds diamonds diamonds diamonds diamonds diamonds diamonds diamonds diamonds diamonds diamonds diamonds diamonds diamonds diamonds diamonds diamonds diamonds diamonds diamonds diamonds diamonds diamonds diamonds diamonds diamonds diamonds diamonds diamonds diamonds diamonds diamonds diamonds diamonds diamonds diamonds diamonds diamonds diamonds diamonds diamonds diamonds diamonds diamonds diamonds diamonds diamonds diamonds diamonds diamonds,109,201,1.844,1,0,0,0.0,0.0,0,0,0,0,0,0.0,0.973,0,0,0,0,0,0,0,0,0,0,0,0,0,0,0,0,0,0,1,0,12,0.0833,0.0,0,0,6,1,0,6,1,0,1,0,0,0,0,0,0,0,0,0,0,0,0,0,0,0,0,0,0,1,0,1,0,0,0,0,0,0,0,0,0,0,0,0,0,0,0,1
gpt2_small,text,0.124,12,wolf,animal,completion_full_story,completion,full_narrative,wolf,0,svm,all_layers,-1,1.0,all_layers,10.0,"Once upon a time, there was a little girl called Little Red Riding Hood. She walked through the forest and",he forest and was a little girl. She was a little girl. She was a little girl. She was a little girl. She was a little girl. She was a little girl. She was a little girl. She was a little girl. She was a little girl. She was a little girl. She was a little girl. She was a little girl. She was a little girl. She was a little girl. She was a little girl. She was a little girl. She was a little girl. She was a little girl. She was a little girl. She was a little girl. She was a little girl. She was a little girl. She was a little girl. She was a little girl. She was a little girl. She was a little girl. She was a little girl. She was a little girl. She was a little girl. She was a little girl. She was a little girl. She was a little girl. She was a little girl. She was a,he forest andarinarinarinarinarinarinarinarinarin diamonds diamonds diamonds diamonds diamonds diamonds diamonds diamonds diamonds diamonds diamonds diamonds diamonds diamonds diamonds diamonds diamonds diamonds diamonds diamonds diamonds diamonds diamonds diamonds diamonds diamonds diamonds diamonds diamonds diamonds diamonds diamonds diamonds diamonds diamonds diamonds diamonds diamonds diamonds diamonds diamonds diamonds diamonds diamonds diamonds diamonds diamonds diamonds diamonds diamonds diamonds diamonds diamonds diamonds diamonds diamonds diamonds diamonds diamonds diamonds diamonds diamonds diamonds diamonds diamonds diamonds diamonds diamonds diamonds diamonds diamonds diamonds diamonds diamonds diamonds diamonds diamonds diamonds diamonds diamonds diamonds diamonds diamonds diamonds diamonds diamonds diamonds diamonds diamonds diamonds diamonds diamonds diamonds diamonds diamonds diamonds diamonds diamonds diamonds diamonds diamonds diamonds diamonds diamonds diamonds diamonds diamonds diamonds diamonds diamonds diamonds diamonds diamonds diamonds diamonds diamonds diamonds diamonds diamonds diamonds diamonds diamonds diamonds diamonds diamonds diamonds diamonds diamonds diamonds diamonds diamonds diamonds diamonds diamonds diamonds diamonds diamonds diamonds diamonds diamonds diamonds diamonds diamonds diamonds diamonds diamonds diamonds diamonds diamonds diamonds diamonds diamonds diamonds diamonds diamonds diamonds diamonds diamonds diamonds diamonds diamonds diamonds diamonds diamonds diamonds diamonds diamonds diamonds diamonds diamonds diamonds diamonds diamonds diamonds diamonds diamonds diamonds diamonds diamonds diamonds diamonds diamonds diamonds diamonds diamonds diamonds diamonds diamonds diamonds diamonds diamonds,170,194,1.1412,1,0,0,0.0,0.0,0,0,0,0,0,0.0,0.8,0,0,0,0,0,0,0,0,0,0,0,0,0,0,0,0,0,0,2,1,12,0.1667,0.0833,0,0,6,2,1,6,1,0,1,0,0,0,0,0,0,0,0,0,0,0,0,0,0,0,0,0,0,1,0,1,0,0,0,1,1,0,0,0,0,0,0,0,0,0,0,1
gpt2_small,text,0.124,12,wolf,animal,completion_forest,completion,encounter,wolf,0,svm,all_layers,-1,1.0,all_layers,10.0,Little Red Riding Hood was walking through the dark forest when she met a,"hen she met a man who was looking for her.

""Hey, you're a little red, huh?""

""Yeah, I'm a little red.""

""I'm a little red, huh?""

""Yeah, I'm a little red.""

""I'm a little red.""

""I'm a little red.""

""I'm a little red.""

""I'm a little red.""

""I'm a little red.""

""I'm a little red.""

""I'm a little red.""

""I'm a little red.""

""I'm a little red.""

""I'm a little red.""

""I'm a little red.""

""I'm a little red.""

""I'm a little red.""

""I'm a little red.""

""I'm a little red.""

""I'm a little red.""

""",hen she met aarinarinarinarin diamonds diamonds diamonds diamonds diamonds diamonds diamonds diamonds diamonds diamonds diamonds diamonds diamonds diamonds diamonds diamonds diamonds diamonds diamonds diamonds diamonds diamonds diamonds diamonds diamonds diamonds diamonds diamonds diamonds diamonds diamonds diamonds diamonds diamonds diamonds diamonds diamonds diamonds diamonds diamonds diamonds diamonds diamonds diamonds diamonds diamonds diamonds diamonds diamonds diamonds diamonds diamonds diamonds diamonds diamonds diamonds diamonds diamonds diamonds diamonds diamonds diamonds diamonds diamonds diamonds diamonds diamonds diamonds diamonds diamonds diamonds diamonds diamonds diamonds diamonds diamonds diamonds diamonds diamonds diamonds diamonds diamonds diamonds diamonds diamonds diamonds diamonds diamonds diamonds diamonds diamonds diamonds diamonds diamonds diamonds diamonds diamonds diamonds diamonds diamonds diamonds diamonds diamonds diamonds diamonds diamonds diamonds diamonds diamonds diamonds diamonds diamonds diamonds diamonds diamonds diamonds diamonds diamonds diamonds diamonds diamonds diamonds diamonds diamonds diamonds diamonds diamonds diamonds diamonds diamonds diamonds diamonds diamonds diamonds diamonds diamonds diamonds diamonds diamonds diamonds diamonds diamonds diamonds diamonds diamonds diamonds diamonds diamonds diamonds diamonds diamonds diamonds diamonds diamonds diamonds diamonds diamonds diamonds diamonds diamonds diamonds diamonds diamonds diamonds diamonds diamonds diamonds diamonds diamonds diamonds diamonds diamonds diamonds diamonds diamonds diamonds diamonds diamonds diamonds diamonds diamonds diamonds diamonds diamonds diamonds diamonds diamonds diamonds diamonds diamonds diamonds diamonds diamonds diamonds diamonds diamonds,96,200,2.0833,1,0,0,0.0,0.0,0,0,0,0,0,0.0,0.8636,0,0,0,0,0,0,0,0,0,0,0,0,0,0,0,0,0,0,2,1,12,0.1667,0.0833,1,1,6,1,0,6,1,0,1,0,0,0,1,1,0,0,0,0,0,0,0,0,0,0,0,0,0,1,0,1,0,0,0,0,0,0,0,0,0,0,0,0,0,0,0,1
gpt2_small,text,0.124,12,wolf,animal,completion_grandmother,completion,deception,wolf,0,svm,all_layers,-1,1.0,all_layers,10.0,Little Red Riding Hood arrived at her grandmother's house. She knocked on the door and a voice said,"a voice said, ""Hello, Little Red.""

Little Red was a little girl. She was a little girl. She was a little girl. She was a little girl. She was a little girl. She was a little girl. She was a little girl. She was a little girl. She was a little girl. She was a little girl. She was a little girl. She was a little girl. She was a little girl. She was a little girl. She was a little girl. She was a little girl. She was a little girl. She was a little girl. She was a little girl. She was a little girl. She was a little girl. She was a little girl. She was a little girl. She was a little girl. She was a little girl. She was a little girl. She was a little girl. She was a little girl. She was a little girl. She was a little girl. She was a little girl. She was a little",a voice said diamonds diamonds diamonds diamonds diamonds diamonds diamonds diamonds diamonds diamonds diamonds diamonds diamonds diamonds diamonds diamonds diamonds diamonds diamonds diamonds diamonds diamonds diamonds diamonds diamonds diamonds diamonds diamonds diamonds diamonds diamonds diamonds diamonds diamonds diamonds diamonds diamonds diamonds diamonds diamonds diamonds diamonds diamonds diamonds diamonds diamonds diamonds diamonds diamonds diamonds diamonds diamonds diamonds diamonds diamonds diamonds diamonds diamonds diamonds diamonds diamonds diamonds diamonds diamonds diamonds diamonds diamonds diamonds diamonds diamonds diamonds diamonds diamonds diamonds diamonds diamonds diamonds diamonds diamonds diamonds diamonds diamonds diamonds diamonds diamonds diamonds diamonds diamonds diamonds diamonds diamonds diamonds diamonds diamonds diamonds diamonds diamonds diamonds diamonds diamonds diamonds diamonds diamonds diamonds diamonds diamonds diamonds diamonds diamonds diamonds diamonds diamonds diamonds diamonds diamonds diamonds diamonds diamonds diamonds diamonds diamonds diamonds diamonds diamonds diamonds diamonds diamonds diamonds diamonds diamonds diamonds diamonds diamonds diamonds diamonds diamonds diamonds diamonds diamonds diamonds diamonds diamonds diamonds diamonds diamonds diamonds diamonds diamonds diamonds diamonds diamonds diamonds diamonds diamonds diamonds diamonds diamonds diamonds diamonds diamonds diamonds diamonds diamonds diamonds diamonds diamonds diamonds diamonds diamonds diamonds diamonds diamonds diamonds diamonds diamonds diamonds diamonds diamonds diamonds diamonds diamonds diamonds diamonds diamonds diamonds diamonds diamonds diamonds diamonds diamonds diamonds diamonds diamonds diamonds diamonds diamonds diamonds diamonds diamonds diamonds,166,203,1.2229,1,0,0,0.0,0.0,0,0,0,0,0,0.0,0.8333,0,0,0,0,0,0,0,0,0,0,0,0,0,0,0,0,0,0,1,0,12,0.0833,0.0,0,0,6,1,0,6,1,0,1,0,0,0,0,0,0,0,0,0,0,0,0,0,0,0,0,0,0,1,0,1,0,0,0,0,0,0,0,0,0,0,0,0,0,0,0,1
gpt2_small,text,0.124,12,wolf,animal,control_cinderella,instruction,control,none,1,svm,all_layers,-1,1.0,all_layers,10.0,Tell me the story of Cinderella from beginning to end.,"nning to end.

I was a little bit of a girl when I was a kid. I was a little bit of a girl when I was a kid. I was a little bit of a girl when I was a kid. I was a little bit of a girl when I was a kid. I was a little bit of a girl when I was a kid. I was a little bit of a girl when I was a kid. I was a little bit of a girl when I was a kid. I was a little bit of a girl when I was a kid. I was a little bit of a girl when I was a kid. I was a little bit of a girl when I was a kid. I was a little bit of a girl when I was a kid. I was a little bit of a girl when I was a kid. I was a little bit of a girl when I was a kid. I was a little bit of a girl when I was a kid. I was",nning to end.arin diamonds diamonds diamonds diamonds diamonds diamonds diamonds diamonds diamonds diamonds diamonds diamonds diamonds diamonds diamonds diamonds diamonds diamonds diamonds diamonds diamonds diamonds diamonds diamonds diamonds diamonds diamonds diamonds diamonds diamonds diamonds diamonds diamonds diamonds diamonds diamonds diamonds diamonds diamonds diamonds diamonds diamonds diamonds diamonds diamonds diamonds diamonds diamonds diamonds diamonds diamonds diamonds diamonds diamonds diamonds diamonds diamonds diamonds diamonds diamonds diamonds diamonds diamonds diamonds diamonds diamonds diamonds diamonds diamonds diamonds diamonds diamonds diamonds diamonds diamonds diamonds diamonds diamonds diamonds diamonds diamonds diamonds diamonds diamonds diamonds diamonds diamonds diamonds diamonds diamonds diamonds diamonds diamonds diamonds diamonds diamonds diamonds diamonds diamonds diamonds diamonds diamonds diamonds diamonds diamonds diamonds diamonds diamonds diamonds diamonds diamonds diamonds diamonds diamonds diamonds diamonds diamonds diamonds diamonds diamonds diamonds diamonds diamonds diamonds diamonds diamonds diamonds diamonds diamonds diamonds diamonds diamonds diamonds diamonds diamonds diamonds diamonds diamonds diamonds diamonds diamonds diamonds diamonds diamonds diamonds diamonds diamonds diamonds diamonds diamonds diamonds diamonds diamonds diamonds diamonds diamonds diamonds diamonds diamonds diamonds diamonds diamonds diamonds diamonds diamonds diamonds diamonds diamonds diamonds diamonds diamonds diamonds diamonds diamonds diamonds diamonds diamonds diamonds diamonds diamonds diamonds diamonds diamonds diamonds diamonds diamonds diamonds diamonds diamonds diamonds diamonds diamonds diamonds diamonds diamonds diamonds diamonds diamonds diamonds,187,202,1.0802,1,1,0,0.0053,0.0,0,0,0,0,1,0.0053,0.8571,0,0,0,0,0,0,0,0,0,0,0,0,1,0,1,0,0,0,1,0,12,0.0833,0.0,0,0,6,1,0,6,1,0,1,0,0,0,0,0,0,0,0,0,0,0,0,0,0,0,0,0,0,1,0,1,0,0,0,0,0,0,0,0,0,0,0,0,0,0,0,0
gpt2_small,text,0.124,12,wolf,animal,control_generic,completion,control,none,1,svm,all_layers,-1,1.0,all_layers,10.0,The old man sat by the fireplace and told his grandchildren about the time he,"t the time he was born.

""I was born in the middle of the night, and I was a little bit scared,"" he said. ""I was just a little bit scared. I was just a little bit scared. I was just a little bit scared.""

The old man said he was a little bit scared because he was a little bit scared.

""I was just a little bit scared. I was just a little bit scared. I was just a little bit scared,"" he said.

The old man said he was a little bit scared because he was a little bit scared.

""I was just a little bit scared. I was just a little bit scared. I was just a little bit scared. I was just a little bit scared. I was just a little bit scared. I was just a little bit scared. I was just a little bit scared. I was just a little bit scared. I was just a little bit scared. I was just",t the time hearin diamonds diamonds diamonds diamonds diamonds diamonds diamonds diamonds diamonds diamonds diamonds diamonds diamonds diamonds diamonds diamonds diamonds diamonds diamonds diamonds diamonds diamonds diamonds diamonds diamonds diamonds diamonds diamonds diamonds diamonds diamonds diamonds diamonds diamonds diamonds diamonds diamonds diamonds diamonds diamonds diamonds diamonds diamonds diamonds diamonds diamonds diamonds diamonds diamonds diamonds diamonds diamonds diamonds diamonds diamonds diamonds diamonds diamonds diamonds diamonds diamonds diamonds diamonds diamonds diamonds diamonds diamonds diamonds diamonds diamonds diamonds diamonds diamonds diamonds diamonds diamonds diamonds diamonds diamonds diamonds diamonds diamonds diamonds diamonds diamonds diamonds diamonds diamonds diamonds diamonds diamonds diamonds diamonds diamonds diamonds diamonds diamonds diamonds diamonds diamonds diamonds diamonds diamonds diamonds diamonds diamonds diamonds diamonds diamonds diamonds diamonds diamonds diamonds diamonds diamonds diamonds diamonds diamonds diamonds diamonds diamonds diamonds diamonds diamonds diamonds diamonds diamonds diamonds diamonds diamonds diamonds diamonds diamonds diamonds diamonds diamonds diamonds diamonds diamonds diamonds diamonds diamonds diamonds diamonds diamonds diamonds diamonds diamonds diamonds diamonds diamonds diamonds diamonds diamonds diamonds diamonds diamonds diamonds diamonds diamonds diamonds diamonds diamonds diamonds diamonds diamonds diamonds diamonds diamonds diamonds diamonds diamonds diamonds diamonds diamonds diamonds diamonds diamonds diamonds diamonds diamonds diamonds diamonds diamonds diamonds diamonds diamonds diamonds diamonds diamonds diamonds diamonds diamonds diamonds diamonds diamonds diamonds diamonds diamonds,168,203,1.2083,1,1,0,0.006,0.0,0,0,0,0,1,0.006,0.8966,0,0,0,0,0,0,0,0,0,0,0,0,1,0,1,0,0,0,1,0,12,0.0833,0.0,0,0,6,1,0,6,1,0,1,0,0,0,0,0,0,0,0,0,0,0,0,0,0,0,0,0,0,1,0,1,0,0,0,0,0,0,0,0,0,0,0,0,0,0,0,0
gpt2_small,text,0.124,12,wolf,animal,instruction_full_story,instruction,full_narrative,wolf,0,svm,all_layers,-1,1.0,all_layers,15.0,Tell me the story of Little Red Riding Hood from beginning to end.,"nning to end.

I was a little kid when I first saw Little Red Riding Hood. I was a little kid when I first saw Little Red Riding Hood. I was a little kid when I first saw Little Red Riding Hood. I was a little kid when I first saw Little Red Riding Hood. I was a little kid when I first saw Little Red Riding Hood. I was a little kid when I first saw Little Red Riding Hood. I was a little kid when I first saw Little Red Riding Hood. I was a little kid when I first saw Little Red Riding Hood. I was a little kid when I first saw Little Red Riding Hood. I was a little kid when I first saw Little Red Riding Hood. I was a little kid when I first saw Little Red Riding Hood. I was a little kid when I first saw Little Red Riding Hood. I was a little kid when I first saw Little Red Riding Hood. I was a little kid when I first saw Little Red Riding Hood. I was",nning to end.arin diamonds diamonds diamonds diamonds diamonds diamonds diamonds diamonds diamonds diamonds diamonds diamonds diamonds diamonds diamonds diamonds diamonds diamonds diamonds diamonds diamonds diamonds diamonds diamonds diamonds diamonds diamonds diamonds diamonds diamonds diamonds diamonds diamonds diamonds diamonds diamonds diamonds diamonds diamonds diamonds diamonds diamonds diamonds diamonds diamonds diamonds diamonds diamonds diamonds diamonds diamonds diamonds diamonds diamonds diamonds diamonds diamonds diamonds diamonds diamonds diamonds diamonds diamonds diamonds diamonds diamonds diamonds diamonds diamonds diamonds diamonds diamonds diamonds diamonds diamonds diamonds diamonds diamonds diamonds diamonds diamonds diamonds diamonds diamonds diamonds diamonds diamonds diamonds diamonds diamonds diamonds diamonds diamonds diamonds diamonds diamonds diamonds diamonds diamonds diamonds diamonds diamonds diamonds diamonds diamonds diamonds diamonds diamonds diamonds diamonds diamonds diamonds diamonds diamonds diamonds diamonds diamonds diamonds diamonds diamonds diamonds diamonds diamonds diamonds diamonds diamonds diamonds diamonds diamonds diamonds diamonds diamonds diamonds diamonds diamonds diamonds diamonds diamonds diamonds diamonds diamonds diamonds diamonds diamonds diamonds diamonds diamonds diamonds diamonds diamonds diamonds diamonds diamonds diamonds diamonds diamonds diamonds diamonds diamonds diamonds diamonds diamonds diamonds diamonds diamonds diamonds diamonds diamonds diamonds diamonds diamonds diamonds diamonds diamonds diamonds diamonds diamonds diamonds diamonds diamonds diamonds diamonds diamonds diamonds diamonds diamonds diamonds diamonds diamonds diamonds diamonds diamonds diamonds diamonds diamonds diamonds diamonds diamonds diamonds,187,202,1.0802,1,0,0,0.0,0.0,0,0,0,0,0,0.0,0.875,0,0,0,0,0,0,0,0,0,0,0,0,0,0,0,0,0,0,1,0,12,0.0833,0.0,0,0,6,1,0,6,1,0,1,0,0,0,0,0,0,0,0,0,0,0,0,0,0,0,0,0,0,1,0,1,0,0,0,0,0,0,0,0,0,0,0,0,0,0,0,1
gpt2_small,text,0.124,12,wolf,animal,instruction_forest,instruction,encounter,wolf,0,svm,all_layers,-1,1.0,all_layers,15.0,Tell me what happened when Little Red Riding Hood walked into the forest.,"o the forest.

I was in the middle of a forest clearing when I saw Little Red Riding Hood. He was standing in the middle of the forest, looking at the trees. He was wearing a white shirt and black pants. He was wearing a black hat and black boots. He was wearing a black hat and black boots. He was wearing a black hat and black boots. He was wearing a black hat and black boots. He was wearing a black hat and black boots. He was wearing a black hat and black boots. He was wearing a black hat and black boots. He was wearing a black hat and black boots. He was wearing a black hat and black boots. He was wearing a black hat and black boots. He was wearing a black hat and black boots. He was wearing a black hat and black boots. He was wearing a black hat and black boots. He was wearing a black hat and black boots. He was wearing a black hat and black boots. He was wearing a black hat",o the forest.arin diamonds diamonds diamonds diamonds diamonds diamonds diamonds diamonds diamonds diamonds diamonds diamonds diamonds diamonds diamonds diamonds diamonds diamonds diamonds diamonds diamonds diamonds diamonds diamonds diamonds diamonds diamonds diamonds diamonds diamonds diamonds diamonds diamonds diamonds diamonds diamonds diamonds diamonds diamonds diamonds diamonds diamonds diamonds diamonds diamonds diamonds diamonds diamonds diamonds diamonds diamonds diamonds diamonds diamonds diamonds diamonds diamonds diamonds diamonds diamonds diamonds diamonds diamonds diamonds diamonds diamonds diamonds diamonds diamonds diamonds diamonds diamonds diamonds diamonds diamonds diamonds diamonds diamonds diamonds diamonds diamonds diamonds diamonds diamonds diamonds diamonds diamonds diamonds diamonds diamonds diamonds diamonds diamonds diamonds diamonds diamonds diamonds diamonds diamonds diamonds diamonds diamonds diamonds diamonds diamonds diamonds diamonds diamonds diamonds diamonds diamonds diamonds diamonds diamonds diamonds diamonds diamonds diamonds diamonds diamonds diamonds diamonds diamonds diamonds diamonds diamonds diamonds diamonds diamonds diamonds diamonds diamonds diamonds diamonds diamonds diamonds diamonds diamonds diamonds diamonds diamonds diamonds diamonds diamonds diamonds diamonds diamonds diamonds diamonds diamonds diamonds diamonds diamonds diamonds diamonds diamonds diamonds diamonds diamonds diamonds diamonds diamonds diamonds diamonds diamonds diamonds diamonds diamonds diamonds diamonds diamonds diamonds diamonds diamonds diamonds diamonds diamonds diamonds diamonds diamonds diamonds diamonds diamonds diamonds diamonds diamonds diamonds diamonds diamonds diamonds diamonds diamonds diamonds diamonds diamonds diamonds diamonds diamonds diamonds,182,202,1.1099,1,0,0,0.0,0.0,0,0,0,0,0,0.0,0.9394,0,0,0,0,0,0,0,0,0,0,0,0,0,0,0,0,0,0,2,1,12,0.1667,0.0833,0,0,6,2,1,6,1,0,1,0,0,0,0,0,0,0,0,0,0,0,0,0,0,0,0,0,0,1,0,1,0,0,0,1,1,0,0,0,0,0,0,0,0,0,0,1
gpt2_small,text,0.124,12,wolf,animal,instruction_grandmother,instruction,deception,wolf,0,svm,all_layers,-1,1.0,all_layers,15.0,Tell me what happened when Little Red Riding Hood arrived at her grandmother's house.,"ther's house.

I was in the middle of a long day at work when I heard a knock at the door. I looked up and saw Little Red Riding Hood standing there, looking at me with a smile.

""Hello, Little Red,"" she said.

""Hello, Little Red,"" I said.

""Hello, Little Red,"" she said.

""Hello, Little Red,"" I said.

""Hello, Little Red,"" she said.

""Hello, Little Red,"" I said.

""Hello, Little Red,"" she said.

""Hello, Little Red,"" I said.

""Hello, Little Red,"" she said.

""Hello, Little Red,"" I said.

""Hello, Little Red,"" she said.

""Hello, Little Red,"" I said.

""Hello, Little Red,"" I said.

""Hello, Little Red,"" I said.

""Hello,",ther's house.arin diamonds diamonds diamonds diamonds diamonds diamonds diamonds diamonds diamonds diamonds diamonds diamonds diamonds diamonds diamonds diamonds diamonds diamonds diamonds diamonds diamonds diamonds diamonds diamonds diamonds diamonds diamonds diamonds diamonds diamonds diamonds diamonds diamonds diamonds diamonds diamonds diamonds diamonds diamonds diamonds diamonds diamonds diamonds diamonds diamonds diamonds diamonds diamonds diamonds diamonds diamonds diamonds diamonds diamonds diamonds diamonds diamonds diamonds diamonds diamonds diamonds diamonds diamonds diamonds diamonds diamonds diamonds diamonds diamonds diamonds diamonds diamonds diamonds diamonds diamonds diamonds diamonds diamonds diamonds diamonds diamonds diamonds diamonds diamonds diamonds diamonds diamonds diamonds diamonds diamonds diamonds diamonds diamonds diamonds diamonds diamonds diamonds diamonds diamonds diamonds diamonds diamonds diamonds diamonds diamonds diamonds diamonds diamonds diamonds diamonds diamonds diamonds diamonds diamonds diamonds diamonds diamonds diamonds diamonds diamonds diamonds diamonds diamonds diamonds diamonds diamonds diamonds diamonds diamonds diamonds diamonds diamonds diamonds diamonds diamonds diamonds diamonds diamonds diamonds diamonds diamonds diamonds diamonds diamonds diamonds diamonds diamonds diamonds diamonds diamonds diamonds diamonds diamonds diamonds diamonds diamonds diamonds diamonds diamonds diamonds diamonds diamonds diamonds diamonds diamonds diamonds diamonds diamonds diamonds diamonds diamonds diamonds diamonds diamonds diamonds diamonds diamonds diamonds diamonds diamonds diamonds diamonds diamonds diamonds diamonds diamonds diamonds diamonds diamonds diamonds diamonds diamonds diamonds diamonds diamonds diamonds diamonds diamonds diamonds,109,201,1.844,1,0,0,0.0,0.0,0,0,0,0,0,0.0,0.973,0,0,0,0,0,0,0,0,0,0,0,0,0,0,0,0,0,0,1,0,12,0.0833,0.0,0,0,6,1,0,6,1,0,1,0,0,0,0,0,0,0,0,0,0,0,0,0,0,0,0,0,0,1,0,1,0,0,0,0,0,0,0,0,0,0,0,0,0,0,0,1
gpt2_small,text,0.124,12,wolf,animal,completion_full_story,completion,full_narrative,wolf,0,svm,all_layers,-1,1.0,all_layers,15.0,"Once upon a time, there was a little girl called Little Red Riding Hood. She walked through the forest and",he forest and was a little girl. She was a little girl. She was a little girl. She was a little girl. She was a little girl. She was a little girl. She was a little girl. She was a little girl. She was a little girl. She was a little girl. She was a little girl. She was a little girl. She was a little girl. She was a little girl. She was a little girl. She was a little girl. She was a little girl. She was a little girl. She was a little girl. She was a little girl. She was a little girl. She was a little girl. She was a little girl. She was a little girl. She was a little girl. She was a little girl. She was a little girl. She was a little girl. She was a little girl. She was a little girl. She was a little girl. She was a little girl. She was a little girl. She was a,he forest andarinarinarinarinarinarinarin diamonds diamonds diamonds diamonds diamonds diamonds diamonds diamonds diamonds diamonds diamonds diamonds diamonds diamonds diamonds diamonds diamonds diamonds diamonds diamonds diamonds diamonds diamonds diamonds diamonds diamonds diamonds diamonds diamonds diamonds diamonds diamonds diamonds diamonds diamonds diamonds diamonds diamonds diamonds diamonds diamonds diamonds diamonds diamonds diamonds diamonds diamonds diamonds diamonds diamonds diamonds diamonds diamonds diamonds diamonds diamonds diamonds diamonds diamonds diamonds diamonds diamonds diamonds diamonds diamonds diamonds diamonds diamonds diamonds diamonds diamonds diamonds diamonds diamonds diamonds diamonds diamonds diamonds diamonds diamonds diamonds diamonds diamonds diamonds diamonds diamonds diamonds diamonds diamonds diamonds diamonds diamonds diamonds diamonds diamonds diamonds diamonds diamonds diamonds diamonds diamonds diamonds diamonds diamonds diamonds diamonds diamonds diamonds diamonds diamonds diamonds diamonds diamonds diamonds diamonds diamonds diamonds diamonds diamonds diamonds diamonds diamonds diamonds diamonds diamonds diamonds diamonds diamonds diamonds diamonds diamonds diamonds diamonds diamonds diamonds diamonds diamonds diamonds diamonds diamonds diamonds diamonds diamonds diamonds diamonds diamonds diamonds diamonds diamonds diamonds diamonds diamonds diamonds diamonds diamonds diamonds diamonds diamonds diamonds diamonds diamonds diamonds diamonds diamonds diamonds diamonds diamonds diamonds diamonds diamonds diamonds diamonds diamonds diamonds diamonds diamonds diamonds diamonds diamonds diamonds diamonds diamonds diamonds diamonds diamonds diamonds diamonds diamonds diamonds diamonds diamonds diamonds diamonds,170,196,1.1529,1,0,0,0.0,0.0,0,0,0,0,0,0.0,0.8,0,0,0,0,0,0,0,0,0,0,0,0,0,0,0,0,0,0,2,1,12,0.1667,0.0833,0,0,6,2,1,6,1,0,1,0,0,0,0,0,0,0,0,0,0,0,0,0,0,0,0,0,0,1,0,1,0,0,0,1,1,0,0,0,0,0,0,0,0,0,0,1
gpt2_small,text,0.124,12,wolf,animal,completion_forest,completion,encounter,wolf,0,svm,all_layers,-1,1.0,all_layers,15.0,Little Red Riding Hood was walking through the dark forest when she met a,"hen she met a man who was looking for her.

""Hey, you're a little red, huh?""

""Yeah, I'm a little red.""

""I'm a little red, huh?""

""Yeah, I'm a little red.""

""I'm a little red.""

""I'm a little red.""

""I'm a little red.""

""I'm a little red.""

""I'm a little red.""

""I'm a little red.""

""I'm a little red.""

""I'm a little red.""

""I'm a little red.""

""I'm a little red.""

""I'm a little red.""

""I'm a little red.""

""I'm a little red.""

""I'm a little red.""

""I'm a little red.""

""I'm a little red.""

""",hen she met aarin diamonds diamonds diamonds diamonds diamonds diamonds diamonds diamonds diamonds diamonds diamonds diamonds diamonds diamonds diamonds diamonds diamonds diamonds diamonds diamonds diamonds diamonds diamonds diamonds diamonds diamonds diamonds diamonds diamonds diamonds diamonds diamonds diamonds diamonds diamonds diamonds diamonds diamonds diamonds diamonds diamonds diamonds diamonds diamonds diamonds diamonds diamonds diamonds diamonds diamonds diamonds diamonds diamonds diamonds diamonds diamonds diamonds diamonds diamonds diamonds diamonds diamonds diamonds diamonds diamonds diamonds diamonds diamonds diamonds diamonds diamonds diamonds diamonds diamonds diamonds diamonds diamonds diamonds diamonds diamonds diamonds diamonds diamonds diamonds diamonds diamonds diamonds diamonds diamonds diamonds diamonds diamonds diamonds diamonds diamonds diamonds diamonds diamonds diamonds diamonds diamonds diamonds diamonds diamonds diamonds diamonds diamonds diamonds diamonds diamonds diamonds diamonds diamonds diamonds diamonds diamonds diamonds diamonds diamonds diamonds diamonds diamonds diamonds diamonds diamonds diamonds diamonds diamonds diamonds diamonds diamonds diamonds diamonds diamonds diamonds diamonds diamonds diamonds diamonds diamonds diamonds diamonds diamonds diamonds diamonds diamonds diamonds diamonds diamonds diamonds diamonds diamonds diamonds diamonds diamonds diamonds diamonds diamonds diamonds diamonds diamonds diamonds diamonds diamonds diamonds diamonds diamonds diamonds diamonds diamonds diamonds diamonds diamonds diamonds diamonds diamonds diamonds diamonds diamonds diamonds diamonds diamonds diamonds diamonds diamonds diamonds diamonds diamonds diamonds diamonds diamonds diamonds diamonds diamonds diamonds diamonds diamonds diamonds diamonds,96,203,2.1146,1,0,0,0.0,0.0,0,0,0,0,0,0.0,0.8636,0,0,0,0,0,0,0,0,0,0,0,0,0,0,0,0,0,0,2,1,12,0.1667,0.0833,1,1,6,1,0,6,1,0,1,0,0,0,1,1,0,0,0,0,0,0,0,0,0,0,0,0,0,1,0,1,0,0,0,0,0,0,0,0,0,0,0,0,0,0,0,1
gpt2_small,text,0.124,12,wolf,animal,completion_grandmother,completion,deception,wolf,0,svm,all_layers,-1,1.0,all_layers,15.0,Little Red Riding Hood arrived at her grandmother's house. She knocked on the door and a voice said,"a voice said, ""Hello, Little Red.""

Little Red was a little girl. She was a little girl. She was a little girl. She was a little girl. She was a little girl. She was a little girl. She was a little girl. She was a little girl. She was a little girl. She was a little girl. She was a little girl. She was a little girl. She was a little girl. She was a little girl. She was a little girl. She was a little girl. She was a little girl. She was a little girl. She was a little girl. She was a little girl. She was a little girl. She was a little girl. She was a little girl. She was a little girl. She was a little girl. She was a little girl. She was a little girl. She was a little girl. She was a little girl. She was a little girl. She was a little girl. She was a little",a voice said diamonds diamonds diamonds diamonds diamonds diamonds diamonds diamonds diamonds diamonds diamonds diamonds diamonds diamonds diamonds diamonds diamonds diamonds diamonds diamonds diamonds diamonds diamonds diamonds diamonds diamonds diamonds diamonds diamonds diamonds diamonds diamonds diamonds diamonds diamonds diamonds diamonds diamonds diamonds diamonds diamonds diamonds diamonds diamonds diamonds diamonds diamonds diamonds diamonds diamonds diamonds diamonds diamonds diamonds diamonds diamonds diamonds diamonds diamonds diamonds diamonds diamonds diamonds diamonds diamonds diamonds diamonds diamonds diamonds diamonds diamonds diamonds diamonds diamonds diamonds diamonds diamonds diamonds diamonds diamonds diamonds diamonds diamonds diamonds diamonds diamonds diamonds diamonds diamonds diamonds diamonds diamonds diamonds diamonds diamonds diamonds diamonds diamonds diamonds diamonds diamonds diamonds diamonds diamonds diamonds diamonds diamonds diamonds diamonds diamonds diamonds diamonds diamonds diamonds diamonds diamonds diamonds diamonds diamonds diamonds diamonds diamonds diamonds diamonds diamonds diamonds diamonds diamonds diamonds diamonds diamonds diamonds diamonds diamonds diamonds diamonds diamonds diamonds diamonds diamonds diamonds diamonds diamonds diamonds diamonds diamonds diamonds diamonds diamonds diamonds diamonds diamonds diamonds diamonds diamonds diamonds diamonds diamonds diamonds diamonds diamonds diamonds diamonds diamonds diamonds diamonds diamonds diamonds diamonds diamonds diamonds diamonds diamonds diamonds diamonds diamonds diamonds diamonds diamonds diamonds diamonds diamonds diamonds diamonds diamonds diamonds diamonds diamonds diamonds diamonds diamonds diamonds diamonds diamonds diamonds diamonds diamonds diamonds diamonds diamonds,166,203,1.2229,1,0,0,0.0,0.0,0,0,0,0,0,0.0,0.8333,0,0,0,0,0,0,0,0,0,0,0,0,0,0,0,0,0,0,1,0,12,0.0833,0.0,0,0,6,1,0,6,1,0,1,0,0,0,0,0,0,0,0,0,0,0,0,0,0,0,0,0,0,1,0,1,0,0,0,0,0,0,0,0,0,0,0,0,0,0,0,1
gpt2_small,text,0.124,12,wolf,animal,control_cinderella,instruction,control,none,1,svm,all_layers,-1,1.0,all_layers,15.0,Tell me the story of Cinderella from beginning to end.,"nning to end.

I was a little bit of a girl when I was a kid. I was a little bit of a girl when I was a kid. I was a little bit of a girl when I was a kid. I was a little bit of a girl when I was a kid. I was a little bit of a girl when I was a kid. I was a little bit of a girl when I was a kid. I was a little bit of a girl when I was a kid. I was a little bit of a girl when I was a kid. I was a little bit of a girl when I was a kid. I was a little bit of a girl when I was a kid. I was a little bit of a girl when I was a kid. I was a little bit of a girl when I was a kid. I was a little bit of a girl when I was a kid. I was a little bit of a girl when I was a kid. I was",nning to end.arin diamonds diamonds diamonds diamonds diamonds diamonds diamonds diamonds diamonds diamonds diamonds diamonds diamonds diamonds diamonds diamonds diamonds diamonds diamonds diamonds diamonds diamonds diamonds diamonds diamonds diamonds diamonds diamonds diamonds diamonds diamonds diamonds diamonds diamonds diamonds diamonds diamonds diamonds diamonds diamonds diamonds diamonds diamonds diamonds diamonds diamonds diamonds diamonds diamonds diamonds diamonds diamonds diamonds diamonds diamonds diamonds diamonds diamonds diamonds diamonds diamonds diamonds diamonds diamonds diamonds diamonds diamonds diamonds diamonds diamonds diamonds diamonds diamonds diamonds diamonds diamonds diamonds diamonds diamonds diamonds diamonds diamonds diamonds diamonds diamonds diamonds diamonds diamonds diamonds diamonds diamonds diamonds diamonds diamonds diamonds diamonds diamonds diamonds diamonds diamonds diamonds diamonds diamonds diamonds diamonds diamonds diamonds diamonds diamonds diamonds diamonds diamonds diamonds diamonds diamonds diamonds diamonds diamonds diamonds diamonds diamonds diamonds diamonds diamonds diamonds diamonds diamonds diamonds diamonds diamonds diamonds diamonds diamonds diamonds diamonds diamonds diamonds diamonds diamonds diamonds diamonds diamonds diamonds diamonds diamonds diamonds diamonds diamonds diamonds diamonds diamonds diamonds diamonds diamonds diamonds diamonds diamonds diamonds diamonds diamonds diamonds diamonds diamonds diamonds diamonds diamonds diamonds diamonds diamonds diamonds diamonds diamonds diamonds diamonds diamonds diamonds diamonds diamonds diamonds diamonds diamonds diamonds diamonds diamonds diamonds diamonds diamonds diamonds diamonds diamonds diamonds diamonds diamonds diamonds diamonds diamonds diamonds diamonds diamonds,187,202,1.0802,1,1,0,0.0053,0.0,0,0,0,0,1,0.0053,0.8571,0,0,0,0,0,0,0,0,0,0,0,0,1,0,1,0,0,0,1,0,12,0.0833,0.0,0,0,6,1,0,6,1,0,1,0,0,0,0,0,0,0,0,0,0,0,0,0,0,0,0,0,0,1,0,1,0,0,0,0,0,0,0,0,0,0,0,0,0,0,0,0
gpt2_small,text,0.124,12,wolf,animal,control_generic,completion,control,none,1,svm,all_layers,-1,1.0,all_layers,15.0,The old man sat by the fireplace and told his grandchildren about the time he,"t the time he was born.

""I was born in the middle of the night, and I was a little bit scared,"" he said. ""I was just a little bit scared. I was just a little bit scared. I was just a little bit scared.""

The old man said he was a little bit scared because he was a little bit scared.

""I was just a little bit scared. I was just a little bit scared. I was just a little bit scared,"" he said.

The old man said he was a little bit scared because he was a little bit scared.

""I was just a little bit scared. I was just a little bit scared. I was just a little bit scared. I was just a little bit scared. I was just a little bit scared. I was just a little bit scared. I was just a little bit scared. I was just a little bit scared. I was just a little bit scared. I was just",t the time hearin diamonds diamonds diamonds diamonds diamonds diamonds diamonds diamonds diamonds diamonds diamonds diamonds diamonds diamonds diamonds diamonds diamonds diamonds diamonds diamonds diamonds diamonds diamonds diamonds diamonds diamonds diamonds diamonds diamonds diamonds diamonds diamonds diamonds diamonds diamonds diamonds diamonds diamonds diamonds diamonds diamonds diamonds diamonds diamonds diamonds diamonds diamonds diamonds diamonds diamonds diamonds diamonds diamonds diamonds diamonds diamonds diamonds diamonds diamonds diamonds diamonds diamonds diamonds diamonds diamonds diamonds diamonds diamonds diamonds diamonds diamonds diamonds diamonds diamonds diamonds diamonds diamonds diamonds diamonds diamonds diamonds diamonds diamonds diamonds diamonds diamonds diamonds diamonds diamonds diamonds diamonds diamonds diamonds diamonds diamonds diamonds diamonds diamonds diamonds diamonds diamonds diamonds diamonds diamonds diamonds diamonds diamonds diamonds diamonds diamonds diamonds diamonds diamonds diamonds diamonds diamonds diamonds diamonds diamonds diamonds diamonds diamonds diamonds diamonds diamonds diamonds diamonds diamonds diamonds diamonds diamonds diamonds diamonds diamonds diamonds diamonds diamonds diamonds diamonds diamonds diamonds diamonds diamonds diamonds diamonds diamonds diamonds diamonds diamonds diamonds diamonds diamonds diamonds diamonds diamonds diamonds diamonds diamonds diamonds diamonds diamonds diamonds diamonds diamonds diamonds diamonds diamonds diamonds diamonds diamonds diamonds diamonds diamonds diamonds diamonds diamonds diamonds diamonds diamonds diamonds diamonds diamonds diamonds diamonds diamonds diamonds diamonds diamonds diamonds diamonds diamonds diamonds diamonds diamonds diamonds diamonds diamonds diamonds diamonds,168,203,1.2083,1,1,0,0.006,0.0,0,0,0,0,1,0.006,0.8966,0,0,0,0,0,0,0,0,0,0,0,0,1,0,1,0,0,0,1,0,12,0.0833,0.0,0,0,6,1,0,6,1,0,1,0,0,0,0,0,0,0,0,0,0,0,0,0,0,0,0,0,0,1,0,1,0,0,0,0,0,0,0,0,0,0,0,0,0,0,0,0
gpt2_small,text,0.124,12,wolf,animal,instruction_full_story,instruction,full_narrative,wolf,0,svm,all_layers,-1,1.0,all_layers,20.0,Tell me the story of Little Red Riding Hood from beginning to end.,"nning to end.

I was a little kid when I first saw Little Red Riding Hood. I was a little kid when I first saw Little Red Riding Hood. I was a little kid when I first saw Little Red Riding Hood. I was a little kid when I first saw Little Red Riding Hood. I was a little kid when I first saw Little Red Riding Hood. I was a little kid when I first saw Little Red Riding Hood. I was a little kid when I first saw Little Red Riding Hood. I was a little kid when I first saw Little Red Riding Hood. I was a little kid when I first saw Little Red Riding Hood. I was a little kid when I first saw Little Red Riding Hood. I was a little kid when I first saw Little Red Riding Hood. I was a little kid when I first saw Little Red Riding Hood. I was a little kid when I first saw Little Red Riding Hood. I was a little kid when I first saw Little Red Riding Hood. I was",nning to end.arin diamonds diamonds diamonds diamonds diamonds diamonds diamonds diamonds diamonds diamonds diamonds diamonds diamonds diamonds diamonds diamonds diamonds diamonds diamonds diamonds diamonds diamonds diamonds diamonds diamonds diamonds diamonds diamonds diamonds diamonds diamonds diamonds diamonds diamonds diamonds diamonds diamonds diamonds diamonds diamonds diamonds diamonds diamonds diamonds diamonds diamonds diamonds diamonds diamonds diamonds diamonds diamonds diamonds diamonds diamonds diamonds diamonds diamonds diamonds diamonds diamonds diamonds diamonds diamonds diamonds diamonds diamonds diamonds diamonds diamonds diamonds diamonds diamonds diamonds diamonds diamonds diamonds diamonds diamonds diamonds diamonds diamonds diamonds diamonds diamonds diamonds diamonds diamonds diamonds diamonds diamonds diamonds diamonds diamonds diamonds diamonds diamonds diamonds diamonds diamonds diamonds diamonds diamonds diamonds diamonds diamonds diamonds diamonds diamonds diamonds diamonds diamonds diamonds diamonds diamonds diamonds diamonds diamonds diamonds diamonds diamonds diamonds diamonds diamonds diamonds diamonds diamonds diamonds diamonds diamonds diamonds diamonds diamonds diamonds diamonds diamonds diamonds diamonds diamonds diamonds diamonds diamonds diamonds diamonds diamonds diamonds diamonds diamonds diamonds diamonds diamonds diamonds diamonds diamonds diamonds diamonds diamonds diamonds diamonds diamonds diamonds diamonds diamonds diamonds diamonds diamonds diamonds diamonds diamonds diamonds diamonds diamonds diamonds diamonds diamonds diamonds diamonds diamonds diamonds diamonds diamonds diamonds diamonds diamonds diamonds diamonds diamonds diamonds diamonds diamonds diamonds diamonds diamonds diamonds diamonds diamonds diamonds diamonds diamonds,187,202,1.0802,1,0,0,0.0,0.0,0,0,0,0,0,0.0,0.875,0,0,0,0,0,0,0,0,0,0,0,0,0,0,0,0,0,0,1,0,12,0.0833,0.0,0,0,6,1,0,6,1,0,1,0,0,0,0,0,0,0,0,0,0,0,0,0,0,0,0,0,0,1,0,1,0,0,0,0,0,0,0,0,0,0,0,0,0,0,0,1
gpt2_small,text,0.124,12,wolf,animal,instruction_forest,instruction,encounter,wolf,0,svm,all_layers,-1,1.0,all_layers,20.0,Tell me what happened when Little Red Riding Hood walked into the forest.,"o the forest.

I was in the middle of a forest clearing when I saw Little Red Riding Hood. He was standing in the middle of the forest, looking at the trees. He was wearing a white shirt and black pants. He was wearing a black hat and black boots. He was wearing a black hat and black boots. He was wearing a black hat and black boots. He was wearing a black hat and black boots. He was wearing a black hat and black boots. He was wearing a black hat and black boots. He was wearing a black hat and black boots. He was wearing a black hat and black boots. He was wearing a black hat and black boots. He was wearing a black hat and black boots. He was wearing a black hat and black boots. He was wearing a black hat and black boots. He was wearing a black hat and black boots. He was wearing a black hat and black boots. He was wearing a black hat and black boots. He was wearing a black hat",o the forest.arin diamonds diamonds diamonds diamonds diamonds diamonds diamonds diamonds diamonds diamonds diamonds diamonds diamonds diamonds diamonds diamonds diamonds diamonds diamonds diamonds diamonds diamonds diamonds diamonds diamonds diamonds diamonds diamonds diamonds diamonds diamonds diamonds diamonds diamonds diamonds diamonds diamonds diamonds diamonds diamonds diamonds diamonds diamonds diamonds diamonds diamonds diamonds diamonds diamonds diamonds diamonds diamonds diamonds diamonds diamonds diamonds diamonds diamonds diamonds diamonds diamonds diamonds diamonds diamonds diamonds diamonds diamonds diamonds diamonds diamonds diamonds diamonds diamonds diamonds diamonds diamonds diamonds diamonds diamonds diamonds diamonds diamonds diamonds diamonds diamonds diamonds diamonds diamonds diamonds diamonds diamonds diamonds diamonds diamonds diamonds diamonds diamonds diamonds diamonds diamonds diamonds diamonds diamonds diamonds diamonds diamonds diamonds diamonds diamonds diamonds diamonds diamonds diamonds diamonds diamonds diamonds diamonds diamonds diamonds diamonds diamonds diamonds diamonds diamonds diamonds diamonds diamonds diamonds diamonds diamonds diamonds diamonds diamonds diamonds diamonds diamonds diamonds diamonds diamonds diamonds diamonds diamonds diamonds diamonds diamonds diamonds diamonds diamonds diamonds diamonds diamonds diamonds diamonds diamonds diamonds diamonds diamonds diamonds diamonds diamonds diamonds diamonds diamonds diamonds diamonds diamonds diamonds diamonds diamonds diamonds diamonds diamonds diamonds diamonds diamonds diamonds diamonds diamonds diamonds diamonds diamonds diamonds diamonds diamonds diamonds diamonds diamonds diamonds diamonds diamonds diamonds diamonds diamonds diamonds diamonds diamonds diamonds diamonds diamonds,182,202,1.1099,1,0,0,0.0,0.0,0,0,0,0,0,0.0,0.9394,0,0,0,0,0,0,0,0,0,0,0,0,0,0,0,0,0,0,2,1,12,0.1667,0.0833,0,0,6,2,1,6,1,0,1,0,0,0,0,0,0,0,0,0,0,0,0,0,0,0,0,0,0,1,0,1,0,0,0,1,1,0,0,0,0,0,0,0,0,0,0,1
gpt2_small,text,0.124,12,wolf,animal,instruction_grandmother,instruction,deception,wolf,0,svm,all_layers,-1,1.0,all_layers,20.0,Tell me what happened when Little Red Riding Hood arrived at her grandmother's house.,"ther's house.

I was in the middle of a long day at work when I heard a knock at the door. I looked up and saw Little Red Riding Hood standing there, looking at me with a smile.

""Hello, Little Red,"" she said.

""Hello, Little Red,"" I said.

""Hello, Little Red,"" she said.

""Hello, Little Red,"" I said.

""Hello, Little Red,"" she said.

""Hello, Little Red,"" I said.

""Hello, Little Red,"" she said.

""Hello, Little Red,"" I said.

""Hello, Little Red,"" she said.

""Hello, Little Red,"" I said.

""Hello, Little Red,"" she said.

""Hello, Little Red,"" I said.

""Hello, Little Red,"" I said.

""Hello, Little Red,"" I said.

""Hello,",ther's house.arin diamonds diamonds diamonds diamonds diamonds diamonds diamonds diamonds diamonds diamonds diamonds diamonds diamonds diamonds diamonds diamonds diamonds diamonds diamonds diamonds diamonds diamonds diamonds diamonds diamonds diamonds diamonds diamonds diamonds diamonds diamonds diamonds diamonds diamonds diamonds diamonds diamonds diamonds diamonds diamonds diamonds diamonds diamonds diamonds diamonds diamonds diamonds diamonds diamonds diamonds diamonds diamonds diamonds diamonds diamonds diamonds diamonds diamonds diamonds diamonds diamonds diamonds diamonds diamonds diamonds diamonds diamonds diamonds diamonds diamonds diamonds diamonds diamonds diamonds diamonds diamonds diamonds diamonds diamonds diamonds diamonds diamonds diamonds diamonds diamonds diamonds diamonds diamonds diamonds diamonds diamonds diamonds diamonds diamonds diamonds diamonds diamonds diamonds diamonds diamonds diamonds diamonds diamonds diamonds diamonds diamonds diamonds diamonds diamonds diamonds diamonds diamonds diamonds diamonds diamonds diamonds diamonds diamonds diamonds diamonds diamonds diamonds diamonds diamonds diamonds diamonds diamonds diamonds diamonds diamonds diamonds diamonds diamonds diamonds diamonds diamonds diamonds diamonds diamonds diamonds diamonds diamonds diamonds diamonds diamonds diamonds diamonds diamonds diamonds diamonds diamonds diamonds diamonds diamonds diamonds diamonds diamonds diamonds diamonds diamonds diamonds diamonds diamonds diamonds diamonds diamonds diamonds diamonds diamonds diamonds diamonds diamonds diamonds diamonds diamonds diamonds diamonds diamonds diamonds diamonds diamonds diamonds diamonds diamonds diamonds diamonds diamonds diamonds diamonds diamonds diamonds diamonds diamonds diamonds diamonds diamonds diamonds diamonds diamonds,109,201,1.844,1,0,0,0.0,0.0,0,0,0,0,0,0.0,0.973,0,0,0,0,0,0,0,0,0,0,0,0,0,0,0,0,0,0,1,0,12,0.0833,0.0,0,0,6,1,0,6,1,0,1,0,0,0,0,0,0,0,0,0,0,0,0,0,0,0,0,0,0,1,0,1,0,0,0,0,0,0,0,0,0,0,0,0,0,0,0,1
gpt2_small,text,0.124,12,wolf,animal,completion_full_story,completion,full_narrative,wolf,0,svm,all_layers,-1,1.0,all_layers,20.0,"Once upon a time, there was a little girl called Little Red Riding Hood. She walked through the forest and",he forest and was a little girl. She was a little girl. She was a little girl. She was a little girl. She was a little girl. She was a little girl. She was a little girl. She was a little girl. She was a little girl. She was a little girl. She was a little girl. She was a little girl. She was a little girl. She was a little girl. She was a little girl. She was a little girl. She was a little girl. She was a little girl. She was a little girl. She was a little girl. She was a little girl. She was a little girl. She was a little girl. She was a little girl. She was a little girl. She was a little girl. She was a little girl. She was a little girl. She was a little girl. She was a little girl. She was a little girl. She was a little girl. She was a little girl. She was a,he forest andarinarinarinarinarinarinarin diamonds diamonds diamonds diamonds diamonds diamonds diamonds diamonds diamonds diamonds diamonds diamonds diamonds diamonds diamonds diamonds diamonds diamonds diamonds diamonds diamonds diamonds diamonds diamonds diamonds diamonds diamonds diamonds diamonds diamonds diamonds diamonds diamonds diamonds diamonds diamonds diamonds diamonds diamonds diamonds diamonds diamonds diamonds diamonds diamonds diamonds diamonds diamonds diamonds diamonds diamonds diamonds diamonds diamonds diamonds diamonds diamonds diamonds diamonds diamonds diamonds diamonds diamonds diamonds diamonds diamonds diamonds diamonds diamonds diamonds diamonds diamonds diamonds diamonds diamonds diamonds diamonds diamonds diamonds diamonds diamonds diamonds diamonds diamonds diamonds diamonds diamonds diamonds diamonds diamonds diamonds diamonds diamonds diamonds diamonds diamonds diamonds diamonds diamonds diamonds diamonds diamonds diamonds diamonds diamonds diamonds diamonds diamonds diamonds diamonds diamonds diamonds diamonds diamonds diamonds diamonds diamonds diamonds diamonds diamonds diamonds diamonds diamonds diamonds diamonds diamonds diamonds diamonds diamonds diamonds diamonds diamonds diamonds diamonds diamonds diamonds diamonds diamonds diamonds diamonds diamonds diamonds diamonds diamonds diamonds diamonds diamonds diamonds diamonds diamonds diamonds diamonds diamonds diamonds diamonds diamonds diamonds diamonds diamonds diamonds diamonds diamonds diamonds diamonds diamonds diamonds diamonds diamonds diamonds diamonds diamonds diamonds diamonds diamonds diamonds diamonds diamonds diamonds diamonds diamonds diamonds diamonds diamonds diamonds diamonds diamonds diamonds diamonds diamonds diamonds diamonds diamonds diamonds,170,196,1.1529,1,0,0,0.0,0.0,0,0,0,0,0,0.0,0.8,0,0,0,0,0,0,0,0,0,0,0,0,0,0,0,0,0,0,2,1,12,0.1667,0.0833,0,0,6,2,1,6,1,0,1,0,0,0,0,0,0,0,0,0,0,0,0,0,0,0,0,0,0,1,0,1,0,0,0,1,1,0,0,0,0,0,0,0,0,0,0,1
gpt2_small,text,0.124,12,wolf,animal,completion_forest,completion,encounter,wolf,0,svm,all_layers,-1,1.0,all_layers,20.0,Little Red Riding Hood was walking through the dark forest when she met a,"hen she met a man who was looking for her.

""Hey, you're a little red, huh?""

""Yeah, I'm a little red.""

""I'm a little red, huh?""

""Yeah, I'm a little red.""

""I'm a little red.""

""I'm a little red.""

""I'm a little red.""

""I'm a little red.""

""I'm a little red.""

""I'm a little red.""

""I'm a little red.""

""I'm a little red.""

""I'm a little red.""

""I'm a little red.""

""I'm a little red.""

""I'm a little red.""

""I'm a little red.""

""I'm a little red.""

""I'm a little red.""

""I'm a little red.""

""",hen she met aarin diamonds diamonds diamonds diamonds diamonds diamonds diamonds diamonds diamonds diamonds diamonds diamonds diamonds diamonds diamonds diamonds diamonds diamonds diamonds diamonds diamonds diamonds diamonds diamonds diamonds diamonds diamonds diamonds diamonds diamonds diamonds diamonds diamonds diamonds diamonds diamonds diamonds diamonds diamonds diamonds diamonds diamonds diamonds diamonds diamonds diamonds diamonds diamonds diamonds diamonds diamonds diamonds diamonds diamonds diamonds diamonds diamonds diamonds diamonds diamonds diamonds diamonds diamonds diamonds diamonds diamonds diamonds diamonds diamonds diamonds diamonds diamonds diamonds diamonds diamonds diamonds diamonds diamonds diamonds diamonds diamonds diamonds diamonds diamonds diamonds diamonds diamonds diamonds diamonds diamonds diamonds diamonds diamonds diamonds diamonds diamonds diamonds diamonds diamonds diamonds diamonds diamonds diamonds diamonds diamonds diamonds diamonds diamonds diamonds diamonds diamonds diamonds diamonds diamonds diamonds diamonds diamonds diamonds diamonds diamonds diamonds diamonds diamonds diamonds diamonds diamonds diamonds diamonds diamonds diamonds diamonds diamonds diamonds diamonds diamonds diamonds diamonds diamonds diamonds diamonds diamonds diamonds diamonds diamonds diamonds diamonds diamonds diamonds diamonds diamonds diamonds diamonds diamonds diamonds diamonds diamonds diamonds diamonds diamonds diamonds diamonds diamonds diamonds diamonds diamonds diamonds diamonds diamonds diamonds diamonds diamonds diamonds diamonds diamonds diamonds diamonds diamonds diamonds diamonds diamonds diamonds diamonds diamonds diamonds diamonds diamonds diamonds diamonds diamonds diamonds diamonds diamonds diamonds diamonds diamonds diamonds diamonds diamonds diamonds,96,203,2.1146,1,0,0,0.0,0.0,0,0,0,0,0,0.0,0.8636,0,0,0,0,0,0,0,0,0,0,0,0,0,0,0,0,0,0,2,1,12,0.1667,0.0833,1,1,6,1,0,6,1,0,1,0,0,0,1,1,0,0,0,0,0,0,0,0,0,0,0,0,0,1,0,1,0,0,0,0,0,0,0,0,0,0,0,0,0,0,0,1
gpt2_small,text,0.124,12,wolf,animal,completion_grandmother,completion,deception,wolf,0,svm,all_layers,-1,1.0,all_layers,20.0,Little Red Riding Hood arrived at her grandmother's house. She knocked on the door and a voice said,"a voice said, ""Hello, Little Red.""

Little Red was a little girl. She was a little girl. She was a little girl. She was a little girl. She was a little girl. She was a little girl. She was a little girl. She was a little girl. She was a little girl. She was a little girl. She was a little girl. She was a little girl. She was a little girl. She was a little girl. She was a little girl. She was a little girl. She was a little girl. She was a little girl. She was a little girl. She was a little girl. She was a little girl. She was a little girl. She was a little girl. She was a little girl. She was a little girl. She was a little girl. She was a little girl. She was a little girl. She was a little girl. She was a little girl. She was a little girl. She was a little",a voice said diamonds diamonds diamonds diamonds diamonds diamonds diamonds diamonds diamonds diamonds diamonds diamonds diamonds diamonds diamonds diamonds diamonds diamonds diamonds diamonds diamonds diamonds diamonds diamonds diamonds diamonds diamonds diamonds diamonds diamonds diamonds diamonds diamonds diamonds diamonds diamonds diamonds diamonds diamonds diamonds diamonds diamonds diamonds diamonds diamonds diamonds diamonds diamonds diamonds diamonds diamonds diamonds diamonds diamonds diamonds diamonds diamonds diamonds diamonds diamonds diamonds diamonds diamonds diamonds diamonds diamonds diamonds diamonds diamonds diamonds diamonds diamonds diamonds diamonds diamonds diamonds diamonds diamonds diamonds diamonds diamonds diamonds diamonds diamonds diamonds diamonds diamonds diamonds diamonds diamonds diamonds diamonds diamonds diamonds diamonds diamonds diamonds diamonds diamonds diamonds diamonds diamonds diamonds diamonds diamonds diamonds diamonds diamonds diamonds diamonds diamonds diamonds diamonds diamonds diamonds diamonds diamonds diamonds diamonds diamonds diamonds diamonds diamonds diamonds diamonds diamonds diamonds diamonds diamonds diamonds diamonds diamonds diamonds diamonds diamonds diamonds diamonds diamonds diamonds diamonds diamonds diamonds diamonds diamonds diamonds diamonds diamonds diamonds diamonds diamonds diamonds diamonds diamonds diamonds diamonds diamonds diamonds diamonds diamonds diamonds diamonds diamonds diamonds diamonds diamonds diamonds diamonds diamonds diamonds diamonds diamonds diamonds diamonds diamonds diamonds diamonds diamonds diamonds diamonds diamonds diamonds diamonds diamonds diamonds diamonds diamonds diamonds diamonds diamonds diamonds diamonds diamonds diamonds diamonds diamonds diamonds diamonds diamonds diamonds diamonds,166,203,1.2229,1,0,0,0.0,0.0,0,0,0,0,0,0.0,0.8333,0,0,0,0,0,0,0,0,0,0,0,0,0,0,0,0,0,0,1,0,12,0.0833,0.0,0,0,6,1,0,6,1,0,1,0,0,0,0,0,0,0,0,0,0,0,0,0,0,0,0,0,0,1,0,1,0,0,0,0,0,0,0,0,0,0,0,0,0,0,0,1
gpt2_small,text,0.124,12,wolf,animal,control_cinderella,instruction,control,none,1,svm,all_layers,-1,1.0,all_layers,20.0,Tell me the story of Cinderella from beginning to end.,"nning to end.

I was a little bit of a girl when I was a kid. I was a little bit of a girl when I was a kid. I was a little bit of a girl when I was a kid. I was a little bit of a girl when I was a kid. I was a little bit of a girl when I was a kid. I was a little bit of a girl when I was a kid. I was a little bit of a girl when I was a kid. I was a little bit of a girl when I was a kid. I was a little bit of a girl when I was a kid. I was a little bit of a girl when I was a kid. I was a little bit of a girl when I was a kid. I was a little bit of a girl when I was a kid. I was a little bit of a girl when I was a kid. I was a little bit of a girl when I was a kid. I was",nning to end.arin diamonds diamonds diamonds diamonds diamonds diamonds diamonds diamonds diamonds diamonds diamonds diamonds diamonds diamonds diamonds diamonds diamonds diamonds diamonds diamonds diamonds diamonds diamonds diamonds diamonds diamonds diamonds diamonds diamonds diamonds diamonds diamonds diamonds diamonds diamonds diamonds diamonds diamonds diamonds diamonds diamonds diamonds diamonds diamonds diamonds diamonds diamonds diamonds diamonds diamonds diamonds diamonds diamonds diamonds diamonds diamonds diamonds diamonds diamonds diamonds diamonds diamonds diamonds diamonds diamonds diamonds diamonds diamonds diamonds diamonds diamonds diamonds diamonds diamonds diamonds diamonds diamonds diamonds diamonds diamonds diamonds diamonds diamonds diamonds diamonds diamonds diamonds diamonds diamonds diamonds diamonds diamonds diamonds diamonds diamonds diamonds diamonds diamonds diamonds diamonds diamonds diamonds diamonds diamonds diamonds diamonds diamonds diamonds diamonds diamonds diamonds diamonds diamonds diamonds diamonds diamonds diamonds diamonds diamonds diamonds diamonds diamonds diamonds diamonds diamonds diamonds diamonds diamonds diamonds diamonds diamonds diamonds diamonds diamonds diamonds diamonds diamonds diamonds diamonds diamonds diamonds diamonds diamonds diamonds diamonds diamonds diamonds diamonds diamonds diamonds diamonds diamonds diamonds diamonds diamonds diamonds diamonds diamonds diamonds diamonds diamonds diamonds diamonds diamonds diamonds diamonds diamonds diamonds diamonds diamonds diamonds diamonds diamonds diamonds diamonds diamonds diamonds diamonds diamonds diamonds diamonds diamonds diamonds diamonds diamonds diamonds diamonds diamonds diamonds diamonds diamonds diamonds diamonds diamonds diamonds diamonds diamonds diamonds diamonds,187,202,1.0802,1,1,0,0.0053,0.0,0,0,0,0,1,0.0053,0.8571,0,0,0,0,0,0,0,0,0,0,0,0,1,0,1,0,0,0,1,0,12,0.0833,0.0,0,0,6,1,0,6,1,0,1,0,0,0,0,0,0,0,0,0,0,0,0,0,0,0,0,0,0,1,0,1,0,0,0,0,0,0,0,0,0,0,0,0,0,0,0,0
gpt2_small,text,0.124,12,wolf,animal,control_generic,completion,control,none,1,svm,all_layers,-1,1.0,all_layers,20.0,The old man sat by the fireplace and told his grandchildren about the time he,"t the time he was born.

""I was born in the middle of the night, and I was a little bit scared,"" he said. ""I was just a little bit scared. I was just a little bit scared. I was just a little bit scared.""

The old man said he was a little bit scared because he was a little bit scared.

""I was just a little bit scared. I was just a little bit scared. I was just a little bit scared,"" he said.

The old man said he was a little bit scared because he was a little bit scared.

""I was just a little bit scared. I was just a little bit scared. I was just a little bit scared. I was just a little bit scared. I was just a little bit scared. I was just a little bit scared. I was just a little bit scared. I was just a little bit scared. I was just a little bit scared. I was just",t the time hearin diamonds diamonds diamonds diamonds diamonds diamonds diamonds diamonds diamonds diamonds diamonds diamonds diamonds diamonds diamonds diamonds diamonds diamonds diamonds diamonds diamonds diamonds diamonds diamonds diamonds diamonds diamonds diamonds diamonds diamonds diamonds diamonds diamonds diamonds diamonds diamonds diamonds diamonds diamonds diamonds diamonds diamonds diamonds diamonds diamonds diamonds diamonds diamonds diamonds diamonds diamonds diamonds diamonds diamonds diamonds diamonds diamonds diamonds diamonds diamonds diamonds diamonds diamonds diamonds diamonds diamonds diamonds diamonds diamonds diamonds diamonds diamonds diamonds diamonds diamonds diamonds diamonds diamonds diamonds diamonds diamonds diamonds diamonds diamonds diamonds diamonds diamonds diamonds diamonds diamonds diamonds diamonds diamonds diamonds diamonds diamonds diamonds diamonds diamonds diamonds diamonds diamonds diamonds diamonds diamonds diamonds diamonds diamonds diamonds diamonds diamonds diamonds diamonds diamonds diamonds diamonds diamonds diamonds diamonds diamonds diamonds diamonds diamonds diamonds diamonds diamonds diamonds diamonds diamonds diamonds diamonds diamonds diamonds diamonds diamonds diamonds diamonds diamonds diamonds diamonds diamonds diamonds diamonds diamonds diamonds diamonds diamonds diamonds diamonds diamonds diamonds diamonds diamonds diamonds diamonds diamonds diamonds diamonds diamonds diamonds diamonds diamonds diamonds diamonds diamonds diamonds diamonds diamonds diamonds diamonds diamonds diamonds diamonds diamonds diamonds diamonds diamonds diamonds diamonds diamonds diamonds diamonds diamonds diamonds diamonds diamonds diamonds diamonds diamonds diamonds diamonds diamonds diamonds diamonds diamonds diamonds diamonds diamonds diamonds,168,203,1.2083,1,1,0,0.006,0.0,0,0,0,0,1,0.006,0.8966,0,0,0,0,0,0,0,0,0,0,0,0,1,0,1,0,0,0,1,0,12,0.0833,0.0,0,0,6,1,0,6,1,0,1,0,0,0,0,0,0,0,0,0,0,0,0,0,0,0,0,0,0,1,0,1,0,0,0,0,0,0,0,0,0,0,0,0,0,0,0,0
pythia_28b,text,2.8,32,wolf,animal,instruction_full_story,instruction,full_narrative,wolf,0,mean_diff,L16,16,0.5,single_mid,3.0,Tell me the story of Little Red Riding Hood from beginning to end.,"nning to end.

Little Red Riding Hood is a fairy tale that is told in many different versions. The story is about a girl named Little Red Riding Hood who is being chased by a wolf. She is being chased by the wolf because she is trying to find her grandmother. The wolf is trying to eat her grandmother. The wolf is trying to eat her grandmother because she is a grandmother. The wolf is trying to eat her grandmother because she is a grandmother. The wolf is trying to eat her grandmother because she is a grandmother. The wolf is trying to eat her grandmother because she is a grandmother. The wolf is trying to eat her grandmother because she is a grandmother. The wolf is trying to eat her grandmother because she is a grandmother. The wolf is trying to eat her grandmother because she is a grandmother. The wolf is trying to eat her grandmother because she is a grandmother. The wolf is trying to eat her grandmother because she is a grandmother. The wolf is trying to eat her grandmother because she","nning to end.CACN, #Nl, #l, #l, #l, #l, #l, #l, #l, #l, #l, #l, #l, #l, #l, #l, #l, #l, #l, #l, #l, #l, #l, #l, #l, #l, #l, #l, #l, #l, #l, #l, #l, #l, #l, #l, #l, #l, #l, #l, #l, #l, #l, #l, #l, #l, #l, #l, #l, #l, #l, #l, #l, #l, #l, #l, #l, #l, #l, #l, #l, #l, #l, #l, #l, #l, #",186,69,0.371,1,1,0,0.0054,0.0,1,0,0,0,1,0.0054,0.95,1,0,1,0,0,0,0,0,0,0,0,0,0,0,0,0,0,0,3,0,12,0.25,0.0,1,0,6,2,0,6,3,1,2,1,0,1,0,0,0,0,0,0,0,0,0,0,0,0,0,0,0,1,0,1,1,0,1,0,0,0,0,0,0,0,0,0,0,0,0,1
pythia_28b,text,2.8,32,wolf,animal,instruction_forest,instruction,encounter,wolf,0,mean_diff,L16,16,0.5,single_mid,3.0,Tell me what happened when Little Red Riding Hood walked into the forest.,"o the forest.

Little Red Riding Hood walked into the forest.

Little Red Riding Hood walked into the forest.

Little Red Riding Hood walked into the forest.

Little Red Riding Hood walked into the forest.

Little Red Riding Hood walked into the forest.

Little Red Riding Hood walked into the forest.

Little Red Riding Hood walked into the forest.

Little Red Riding Hood walked into the forest.

Little Red Riding Hood walked into the forest.

Little Red Riding Hood walked into the forest.

Little Red Riding Hood walked into the forest.

Little Red Riding Hood walked into the forest.

Little Red Riding Hood walked into the forest.

Little Red Riding Hood walked into the forest.

Little Red Riding Hood walked into the forest.

Little Red Riding Hood walked into the forest.

Little Red Riding Hood walked",o the forest.CACN # pec year # (Pyt year #)Npec year # (Nyt year #)Npec year # (Nyt year #)Npec year # (Nyt year #)Npec year # (Nyt year #)Npec year # (Nyt year #)Npec year # (Nyt year #)Npyt year # (Nyt year #)Npyt year # (Nyt year #)Npyt year # (Nyt year #)Npyt year # (Nyt year #)Npyt year # (Nyt year #)Npyt year # (Nyt year #)Npyt year # (Nyt year #)Npyt year # (Nyt year #)Npyt year # (Nyt year #)Npyt year # (Nyt year #)Npyt year # (Nyt year #)Npyt year # (,136,98,0.7206,1,0,0,0.0,0.0,0,0,0,0,0,0.0,0.8889,0,0,0,0,0,0,0,0,0,0,0,0,0,0,0,0,0,0,2,1,12,0.1667,0.0833,0,0,6,2,1,6,1,0,1,0,0,0,0,0,0,0,0,0,0,0,0,0,0,0,0,0,0,1,0,1,0,0,0,1,1,0,0,0,0,0,0,0,0,0,0,1
pythia_28b,text,2.8,32,wolf,animal,instruction_grandmother,instruction,deception,wolf,0,mean_diff,L16,16,0.5,single_mid,3.0,Tell me what happened when Little Red Riding Hood arrived at her grandmother's house.,"ther's house.

""I was so happy to see you,"" said the grandmother. ""I've been waiting for you for a long time.""

""I'm so glad you're here,"" said the grandmother. ""I've been waiting for you for a long time.""

""I'm so glad you're here,"" said the grandmother. ""I've been waiting for you for a long time.""

""I'm so glad you're here,"" said the grandmother. ""I've been waiting for you for a long time.""

""I'm so glad you're here,"" said the grandmother. ""I've been waiting for you for a long time.""

""I'm so glad you're here,"" said the grandmother. ""I've been waiting for you for a long time.""

""I'm so glad you're here,"" said the grandmother. ""I've been waiting for you for a long time.""

""I'm so glad you're here,""",ther's house.CACN # (day) # (day) # (day) # (day) # (day) # (day) # (day) # (day) # (day) # (day) # (day) # (day) # (day) # (day) # (day) # (day) # (day) # (day) # (day) # (day) # (day) # (day) # (day) # (day) # (day) # (day) # (day) # (day) # (day) # (day) # (day) # (day) # (day) # (day) # (day) # (day) # (day) # (day) # (day) # (day) # (day) # (day) # (day) # (day) # (day) # (day) # (day) # (day) # (day) # (,128,102,0.7969,1,0,0,0.0,0.0,0,0,0,0,0,0.0,0.9643,0,0,0,0,0,0,0,0,0,0,0,0,0,0,0,0,0,0,2,0,12,0.1667,0.0,0,0,6,2,0,6,2,0,2,0,0,0,0,0,0,0,0,0,0,0,0,0,0,0,0,0,0,0,0,0,1,0,1,0,0,0,0,0,0,0,0,0,1,0,1,1
pythia_28b,text,2.8,32,wolf,animal,completion_full_story,completion,full_narrative,wolf,0,mean_diff,L16,16,0.5,single_mid,3.0,"Once upon a time, there was a little girl called Little Red Riding Hood. She walked through the forest and","he forest and came across a wolf. The wolf said, ""I'm hungry. I'm hungry."" Little Red Riding Hood said, ""I'm sorry, but I don't have any food."" The wolf said, ""I'm hungry. I'm hungry."" Little Red Riding Hood said, ""I'm sorry, but I don't have any food."" The wolf said, ""I'm hungry. I'm hungry."" Little Red Riding Hood said, ""I'm sorry, but I don't have any food."" The wolf said, ""I'm hungry. I'm hungry."" Little Red Riding Hood said, ""I'm sorry, but I don't have any food."" The wolf said, ""I'm hungry. I'm hungry."" Little Red Riding Hood said, ""I'm sorry, but I don't have any food."" The wolf said, ""I'm hungry. I'm hungry."" Little Red Riding Hood said, ""I'm sorry, but I don't have","he forest and prey year. The prey year were year by year, week by week, week by week, week by week, week by week, week by week, week by week, week by week, week by week, week by week, week by week, week by week, week by week, week by week, week by week, week by week, week by week, week by week, week by week, week by week, week by week, week by week, week by week, week by week, week by week, week by week, week by week, week by week, week by week, week by week, week by week, week by week, week by week, week by week, week by week, week by week, week by week, week by week, week by week, week by week, week by week, week by week, week by week, week by week, week by week, week by week, week by week, week by week, week",125,154,1.232,1,1,1,0.008,0.0065,1,0,0,0,0,0.0015,0.8788,1,0,1,0,0,0,0,0,0,0,1,-1,0,0,0,0,0,0,4,1,12,0.3333,0.0833,1,0,6,3,1,6,3,1,2,1,0,1,0,0,0,0,0,0,0,0,0,0,0,0,0,0,0,1,0,1,0,0,0,1,1,0,1,0,1,0,0,0,0,0,0,1
pythia_28b,text,2.8,32,wolf,animal,completion_forest,completion,encounter,wolf,0,mean_diff,L16,16,0.5,single_mid,3.0,Little Red Riding Hood was walking through the dark forest when she met a,"hen she met a wolf. She was scared, but he was friendly. He told her that he was looking for a little girl who had been lost in the forest. Little Red Riding Hood was so scared that she ran away. The wolf chased her and she ran into a house. The wolf knocked on the door and the door opened. Little Red Riding Hood was so scared that she ran away. The wolf chased her and she ran into a house. The wolf knocked on the door and the door opened. Little Red Riding Hood was so scared that she ran away. The wolf chased her and she ran into a house. The wolf knocked on the door and the door opened. Little Red Riding Hood was so scared that she ran away. The wolf chased her and she ran into a house. The wolf knocked on the door and the door opened. Little Red Riding Hood was so scared that she ran away. The wolf chased her and she ran into a house. The wolf knocked on the door","hen she met a week, week, week, week, week, week, week, week, week, week, week, week, week, week, week, week, week, week, week, week, week, week, week, week, week, week, week, week, week, week, week, week, week, week, week, and week, week, week, and by week, week, week, week, and by week, week, and by week, week, and by week, and by week, and by week, and by week, and by week, and by week, and by week, and by week, and by week, and by week, and by week, and by week, and by week, and by week, and by week, and by week, and by week, and by week, and by week, and by week, and by week, and by week, and by week, and by week, and by week, and",181,133,0.7348,1,1,0,0.0055,0.0,1,0,0,0,1,0.0055,0.881,1,0,1,0,0,0,0,0,0,0,0,0,0,0,0,0,0,0,4,1,12,0.3333,0.0833,2,1,6,2,0,6,3,1,2,1,0,1,1,1,0,0,0,0,0,0,0,0,0,0,0,0,0,1,0,1,0,0,0,1,0,1,0,0,0,0,0,0,0,0,0,1
pythia_28b,text,2.8,32,wolf,animal,instruction_full_story,instruction,full_narrative,wolf,0,mean_diff,L16,16,0.5,single_mid,6.0,Tell me the story of Little Red Riding Hood from beginning to end.,"nning to end.

Little Red Riding Hood is a fairy tale that is told in many different versions. The story is about a girl named Little Red Riding Hood who is being chased by a wolf. She is being chased by the wolf because she is trying to find her grandmother. The wolf is trying to eat her grandmother. The wolf is trying to eat her grandmother because she is a grandmother. The wolf is trying to eat her grandmother because she is a grandmother. The wolf is trying to eat her grandmother because she is a grandmother. The wolf is trying to eat her grandmother because she is a grandmother. The wolf is trying to eat her grandmother because she is a grandmother. The wolf is trying to eat her grandmother because she is a grandmother. The wolf is trying to eat her grandmother because she is a grandmother. The wolf is trying to eat her grandmother because she is a grandmother. The wolf is trying to eat her grandmother because she is a grandmother. The wolf is trying to eat her grandmother because she",nning to end.CAC prey prey prey prey prey prey prey prey prey prey prey prey prey prey prey prey prey prey prey prey prey prey prey prey prey prey prey prey prey prey prey prey prey prey prey prey prey prey prey prey prey prey prey prey prey prey prey prey prey prey prey prey prey prey prey prey prey prey prey prey prey prey prey prey prey prey prey prey prey prey prey prey prey prey prey prey prey prey prey prey prey prey prey prey prey prey prey prey prey prey prey prey prey prey prey prey prey prey prey prey prey prey prey prey prey prey prey prey prey prey prey prey prey prey prey prey prey prey prey prey prey prey prey prey prey prey prey prey prey prey prey prey prey prey prey prey prey prey prey prey prey prey prey prey prey prey prey prey prey prey prey prey prey prey prey prey prey prey prey prey prey prey prey prey prey prey prey prey prey prey prey prey prey prey prey prey prey prey prey prey prey prey prey prey prey prey prey prey prey prey prey prey prey prey prey prey prey prey prey,186,202,1.086,1,1,1,0.0054,0.005,1,0,0,0,0,0.0004,0.9474,1,0,1,0,0,0,0,0,0,0,1,-1,0,0,0,0,0,0,3,0,12,0.25,0.0,1,0,6,2,0,6,3,1,2,1,0,1,0,0,0,0,0,0,0,0,0,0,0,0,0,0,0,1,0,1,1,0,1,0,0,0,0,0,0,0,0,0,0,0,0,1
pythia_28b,text,2.8,32,wolf,animal,instruction_forest,instruction,encounter,wolf,0,mean_diff,L16,16,0.5,single_mid,6.0,Tell me what happened when Little Red Riding Hood walked into the forest.,"o the forest.

Little Red Riding Hood walked into the forest.

Little Red Riding Hood walked into the forest.

Little Red Riding Hood walked into the forest.

Little Red Riding Hood walked into the forest.

Little Red Riding Hood walked into the forest.

Little Red Riding Hood walked into the forest.

Little Red Riding Hood walked into the forest.

Little Red Riding Hood walked into the forest.

Little Red Riding Hood walked into the forest.

Little Red Riding Hood walked into the forest.

Little Red Riding Hood walked into the forest.

Little Red Riding Hood walked into the forest.

Little Red Riding Hood walked into the forest.

Little Red Riding Hood walked into the forest.

Little Red Riding Hood walked into the forest.

Little Red Riding Hood walked into the forest.

Little Red Riding Hood walked",o the forest.CACkill prey kill prey kill prey kill prey kill prey kill prey kill prey kill prey kill prey kill prey kill prey kill prey kill prey kill prey kill prey kill prey kill prey kill prey kill prey kill prey kill prey kill prey kill prey kill prey kill prey kill prey kill prey kill prey kill prey kill prey kill prey kill prey kill prey kill prey kill prey kill prey kill prey kill prey kill prey kill prey kill prey kill prey kill prey kill prey kill prey kill prey kill prey kill prey kill prey kill prey kill prey kill prey kill prey kill prey kill prey kill prey kill prey kill prey kill prey kill prey kill prey kill prey kill prey kill prey kill prey kill prey kill prey kill prey kill prey kill prey kill prey kill prey kill prey kill prey kill prey kill prey kill prey kill prey kill prey kill prey kill prey kill prey kill prey kill prey kill prey kill prey kill prey kill prey kill prey kill prey kill prey kill prey kill prey kill prey kill prey kill prey kill prey kill prey kill prey kill,136,201,1.4779,1,0,1,0.0,0.005,0,0,0,0,-1,-0.005,0.8333,0,0,0,0,0,0,0,0,0,0,1,-1,0,0,0,0,0,0,2,1,12,0.1667,0.0833,0,0,6,2,1,6,1,0,1,0,0,0,0,0,0,0,0,0,0,0,0,0,0,0,0,0,0,1,0,1,0,0,0,1,1,0,0,0,0,0,0,0,0,0,0,1
pythia_28b,text,2.8,32,wolf,animal,instruction_grandmother,instruction,deception,wolf,0,mean_diff,L16,16,0.5,single_mid,6.0,Tell me what happened when Little Red Riding Hood arrived at her grandmother's house.,"ther's house.

""I was so happy to see you,"" said the grandmother. ""I've been waiting for you for a long time.""

""I'm so glad you're here,"" said the grandmother. ""I've been waiting for you for a long time.""

""I'm so glad you're here,"" said the grandmother. ""I've been waiting for you for a long time.""

""I'm so glad you're here,"" said the grandmother. ""I've been waiting for you for a long time.""

""I'm so glad you're here,"" said the grandmother. ""I've been waiting for you for a long time.""

""I'm so glad you're here,"" said the grandmother. ""I've been waiting for you for a long time.""

""I'm so glad you're here,"" said the grandmother. ""I've been waiting for you for a long time.""

""I'm so glad you're here,""",ther's house.CACkill prey kill prey kill prey kill prey kill prey kill prey kill prey kill prey kill prey kill prey kill prey kill prey kill prey kill prey kill prey kill prey kill prey kill prey kill prey kill prey kill prey kill prey kill prey kill prey kill prey kill prey kill prey kill prey kill prey kill prey kill prey kill prey kill prey kill prey kill prey kill prey kill prey kill prey kill prey kill prey kill prey kill prey kill prey kill prey kill prey kill prey kill prey kill prey kill prey kill prey kill prey kill prey kill prey kill prey kill prey kill prey kill prey kill prey kill prey kill prey kill prey kill prey kill prey kill prey kill prey kill prey kill prey kill prey kill prey kill prey kill prey kill prey kill prey kill prey kill prey kill prey kill prey kill prey kill prey kill prey kill prey kill prey kill prey kill prey kill prey kill prey kill prey kill prey kill prey kill prey kill prey kill prey kill prey kill prey kill prey kill prey kill prey kill prey kill prey kill,128,200,1.5625,1,0,1,0.0,0.005,0,0,0,0,-1,-0.005,0.963,0,0,0,0,0,0,0,0,0,0,1,-1,0,0,0,0,0,0,2,0,12,0.1667,0.0,0,0,6,2,0,6,2,0,2,0,0,0,0,0,0,0,0,0,0,0,0,0,0,0,0,0,0,0,0,0,1,0,1,0,0,0,0,0,0,0,0,0,1,0,1,1
pythia_28b,text,2.8,32,wolf,animal,completion_full_story,completion,full_narrative,wolf,0,mean_diff,L16,16,0.5,single_mid,6.0,"Once upon a time, there was a little girl called Little Red Riding Hood. She walked through the forest and","he forest and came across a wolf. The wolf said, ""I'm hungry. I'm hungry."" Little Red Riding Hood said, ""I'm sorry, but I don't have any food."" The wolf said, ""I'm hungry. I'm hungry."" Little Red Riding Hood said, ""I'm sorry, but I don't have any food."" The wolf said, ""I'm hungry. I'm hungry."" Little Red Riding Hood said, ""I'm sorry, but I don't have any food."" The wolf said, ""I'm hungry. I'm hungry."" Little Red Riding Hood said, ""I'm sorry, but I don't have any food."" The wolf said, ""I'm hungry. I'm hungry."" Little Red Riding Hood said, ""I'm sorry, but I don't have any food."" The wolf said, ""I'm hungry. I'm hungry."" Little Red Riding Hood said, ""I'm sorry, but I don't have",he forest and prey prey prey prey prey prey prey prey prey prey prey prey prey prey prey prey prey prey prey prey prey prey prey prey prey prey prey prey prey prey prey prey prey prey prey prey prey prey prey prey prey prey prey prey prey prey prey prey prey prey prey prey prey prey prey prey prey prey prey prey prey prey prey prey prey prey prey prey prey prey prey prey prey prey prey prey prey prey prey prey prey prey prey prey prey prey prey prey prey prey prey prey prey prey prey prey prey prey prey prey prey prey prey prey prey prey prey prey prey prey prey prey prey prey prey prey prey prey prey prey prey prey prey prey prey prey prey prey prey prey prey prey prey prey prey prey prey prey prey prey prey prey prey prey prey prey prey prey prey prey prey prey prey prey prey prey prey prey prey prey prey prey prey prey prey prey prey prey prey prey prey prey prey prey prey prey prey prey prey prey prey prey prey prey prey prey prey prey prey prey prey prey prey prey prey prey prey prey prey prey,125,203,1.624,1,1,1,0.008,0.0049,1,0,0,0,0,0.0031,0.8846,1,0,1,0,0,0,0,0,0,0,1,-1,0,0,0,0,0,0,4,1,12,0.3333,0.0833,1,0,6,3,1,6,3,1,2,1,0,1,0,0,0,0,0,0,0,0,0,0,0,0,0,0,0,1,0,1,0,0,0,1,1,0,1,0,1,0,0,0,0,0,0,1
pythia_28b,text,2.8,32,wolf,animal,completion_forest,completion,encounter,wolf,0,mean_diff,L16,16,0.5,single_mid,6.0,Little Red Riding Hood was walking through the dark forest when she met a,"hen she met a wolf. She was scared, but he was friendly. He told her that he was looking for a little girl who had been lost in the forest. Little Red Riding Hood was so scared that she ran away. The wolf chased her and she ran into a house. The wolf knocked on the door and the door opened. Little Red Riding Hood was so scared that she ran away. The wolf chased her and she ran into a house. The wolf knocked on the door and the door opened. Little Red Riding Hood was so scared that she ran away. The wolf chased her and she ran into a house. The wolf knocked on the door and the door opened. Little Red Riding Hood was so scared that she ran away. The wolf chased her and she ran into a house. The wolf knocked on the door and the door opened. Little Red Riding Hood was so scared that she ran away. The wolf chased her and she ran into a house. The wolf knocked on the door",hen she met a prey prey prey prey prey prey prey prey prey prey prey prey prey prey prey prey prey prey prey prey prey prey prey prey prey prey prey prey prey prey prey prey prey prey prey prey prey prey prey prey prey prey prey prey prey prey prey prey prey prey prey prey prey prey prey prey prey prey prey prey prey prey prey prey prey prey prey prey prey prey prey prey prey prey prey prey prey prey prey prey prey prey prey prey prey prey prey prey prey prey prey prey prey prey prey prey prey prey prey prey prey prey prey prey prey prey prey prey prey prey prey prey prey prey prey prey prey prey prey prey prey prey prey prey prey prey prey prey prey prey prey prey prey prey prey prey prey prey prey prey prey prey prey prey prey prey prey prey prey prey prey prey prey prey prey prey prey prey prey prey prey prey prey prey prey prey prey prey prey prey prey prey prey prey prey prey prey prey prey prey prey prey prey prey prey prey prey prey prey prey prey prey prey prey prey prey prey prey prey prey,181,204,1.1271,1,1,1,0.0055,0.0049,1,0,0,0,0,0.0006,0.9024,1,0,1,0,0,0,0,0,0,0,1,-1,0,0,0,0,0,0,4,1,12,0.3333,0.0833,2,1,6,2,0,6,3,1,2,1,0,1,1,1,0,0,0,0,0,0,0,0,0,0,0,0,0,1,0,1,0,0,0,1,0,1,0,0,0,0,0,0,0,0,0,1
pythia_28b,text,2.8,32,wolf,animal,completion_grandmother,completion,deception,wolf,0,mean_diff,L16,16,0.5,single_mid,6.0,Little Red Riding Hood arrived at her grandmother's house. She knocked on the door and a voice said,"a voice said, ""Come in."" She opened the door and saw a big wolf sitting on the couch. ""Hello, Grandma,"" she said. ""I'm Little Red Riding Hood.""

""I know,"" said the wolf. ""I'm your grandmother.""

""I'm hungry,"" said Little Red Riding Hood. ""Can I have some food?""

""I'm sorry,"" said the wolf. ""I don't have any food.""

""I'll go get some,"" said Little Red Riding Hood.

She went to the woods and found a basket full of apples. She took one and came back to the house. ""I'm hungry,"" she said. ""Can I have some food?""

""I'm sorry,"" said the wolf. ""I don't have any food.""

""I'll go get some,"" said Little Red Riding Hood.

She went to the woods and found a basket full of carrots. She",a voice saiduthan. prey. prey. prey. prey. prey. prey. prey. prey. prey. prey. prey. prey. prey. prey. prey. prey. prey. prey. prey. prey. prey. prey. prey. prey. prey. prey. prey. prey. prey. prey. prey. prey. prey. prey. prey. prey. prey. prey. prey. prey. prey. prey. prey. prey. prey. prey. prey. prey. prey. prey. prey. prey. prey. prey. prey. prey. prey. prey. prey. prey. prey. prey. prey. prey. prey. prey. prey. prey. prey. prey. prey. prey. prey. prey. prey. prey. prey. prey. prey. prey. prey. prey. prey. prey. prey. prey. prey. prey. prey. prey. prey. prey. prey. prey. prey. prey. prey. prey. prey.,128,102,0.7969,1,1,1,0.0078,0.0098,1,0,0,0,0,-0.002,0.9672,1,0,1,0,0,0,0,0,0,0,1,-1,0,0,0,0,0,0,7,0,12,0.5833,0.0,3,0,6,4,0,6,7,3,4,1,0,1,1,0,1,0,0,0,0,0,0,1,0,1,0,0,0,1,0,1,1,0,1,1,0,1,1,0,1,0,0,0,0,0,0,1
pythia_28b,text,2.8,32,wolf,animal,control_cinderella,instruction,control,none,1,mean_diff,L16,16,0.5,single_mid,6.0,Tell me the story of Cinderella from beginning to end.,"nning to end.

Cinderella is a story of a girl who is forced to live in a glass shoe. She is a princess who is forced to live in a glass shoe. She is a princess who is forced to live in a glass shoe. She is a princess who is forced to live in a glass shoe. She is a princess who is forced to live in a glass shoe. She is a princess who is forced to live in a glass shoe. She is a princess who is forced to live in a glass shoe. She is a princess who is forced to live in a glass shoe. She is a princess who is forced to live in a glass shoe. She is a princess who is forced to live in a glass shoe. She is a princess who is forced to live in a glass shoe. She is a princess who is forced to live in a glass shoe. She is a princess who is forced to live in a glass shoe. She is a princess who is forced to live in a",nning to end.CAC prey kill prey kill prey kill prey kill prey kill prey kill prey kill prey kill prey kill prey kill prey kill prey kill prey kill prey kill prey kill prey kill prey kill prey kill prey kill prey kill prey kill prey kill prey kill prey kill prey kill prey kill prey kill prey kill prey kill prey kill prey kill prey kill prey kill prey kill prey kill prey kill prey kill prey kill prey kill prey kill prey kill prey kill prey kill prey kill prey kill prey kill prey kill prey kill prey kill prey kill prey kill prey kill prey kill prey kill prey kill prey kill prey kill prey kill prey kill prey kill prey kill prey kill prey kill prey kill prey kill prey kill prey kill prey kill prey kill prey kill prey kill prey kill prey kill prey kill prey kill prey kill prey kill prey kill prey kill prey kill prey kill prey kill prey kill prey kill prey kill prey kill prey kill prey kill prey kill prey kill prey kill prey kill prey kill prey kill prey kill prey kill prey kill prey kill prey kill prey,186,202,1.086,1,0,1,0.0,0.005,0,0,0,0,-1,-0.005,0.9,0,0,0,0,0,0,0,0,0,0,1,-1,0,0,0,0,0,0,1,0,12,0.0833,0.0,0,0,6,1,0,6,1,0,1,0,0,0,0,0,0,0,0,0,0,0,0,0,0,0,0,0,0,1,0,1,0,0,0,0,0,0,0,0,0,0,0,0,0,0,0,0
pythia_28b,text,2.8,32,wolf,animal,control_generic,completion,control,none,1,mean_diff,L16,16,0.5,single_mid,6.0,The old man sat by the fireplace and told his grandchildren about the time he,t the time he had been a young man. He had been a young man when he had first come to this country. He had been a young man when he had first seen the great city of New York. He had been a young man when he had first seen the great city of Chicago. He had been a young man when he had first seen the great city of San Francisco. He had been a young man when he had first seen the great city of Los Angeles. He had been a young man when he had first seen the great city of Seattle. He had been a young man when he had first seen the great city of Portland. He had been a young man when he had first seen the great city of San Diego. He had been a young man when he had first seen the great city of Denver. He had been a young man when he had first seen the great city of Las Vegas. He had been a young man when he had first seen the great city of Phoenix. He had been a,t the time he prey prey prey prey prey prey prey prey prey prey prey prey prey prey prey prey prey prey prey prey prey prey prey prey prey prey prey prey prey prey prey prey prey prey prey prey prey prey prey prey prey prey prey prey prey prey prey prey prey prey prey prey prey prey prey prey prey prey prey prey prey prey prey prey prey prey prey prey prey prey prey prey prey prey prey prey prey prey prey prey prey prey prey prey prey prey prey prey prey prey prey prey prey prey prey prey prey prey prey prey prey prey prey prey prey prey prey prey prey prey prey prey prey prey prey prey prey prey prey prey prey prey prey prey prey prey prey prey prey prey prey prey prey prey prey prey prey prey prey prey prey prey prey prey prey prey prey prey prey prey prey prey prey prey prey prey prey prey prey prey prey prey prey prey prey prey prey prey prey prey prey prey prey prey prey prey prey prey prey prey prey prey prey prey prey prey prey prey prey prey prey prey prey prey prey prey prey prey prey prey,192,204,1.0625,1,0,1,0.0,0.0049,0,0,0,0,-1,-0.0049,0.8857,0,0,0,0,0,0,0,0,0,0,1,-1,0,0,0,0,0,0,0,0,12,0.0,0.0,0,0,6,0,0,6,0,0,0,0,0,0,0,0,0,0,0,0,0,0,0,0,0,0,0,0,0,0,0,0,0,0,0,0,0,0,0,0,0,0,0,0,0,0,0,0
pythia_28b,text,2.8,32,wolf,animal,instruction_full_story,instruction,full_narrative,wolf,0,mean_diff,L16,16,0.5,single_mid,10.0,Tell me the story of Little Red Riding Hood from beginning to end.,"nning to end.

Little Red Riding Hood is a fairy tale that is told in many different versions. The story is about a girl named Little Red Riding Hood who is being chased by a wolf. She is being chased by the wolf because she is trying to find her grandmother. The wolf is trying to eat her grandmother. The wolf is trying to eat her grandmother because she is a grandmother. The wolf is trying to eat her grandmother because she is a grandmother. The wolf is trying to eat her grandmother because she is a grandmother. The wolf is trying to eat her grandmother because she is a grandmother. The wolf is trying to eat her grandmother because she is a grandmother. The wolf is trying to eat her grandmother because she is a grandmother. The wolf is trying to eat her grandmother because she is a grandmother. The wolf is trying to eat her grandmother because she is a grandmother. The wolf is trying to eat her grandmother because she is a grandmother. The wolf is trying to eat her grandmother because she",nning to end.CAC prey wolves prey wolves prey wolves prey wolves prey wolves prey wolves prey wolves prey wolves prey wolves prey wolves prey wolves prey wolves prey wolves prey wolves prey wolves prey wolves prey wolves prey wolves prey wolves prey wolves prey wolves prey wolves prey wolves prey wolves prey wolves prey wolves prey wolves prey wolves prey wolves prey wolves prey wolves prey wolves prey wolves prey wolves prey wolves prey wolves prey wolves prey wolves prey wolves prey wolves prey wolves prey wolves prey wolves prey wolves prey wolves prey wolves prey wolves prey wolves prey wolves prey wolves prey wolves prey wolves prey wolves prey wolves prey wolves prey wolves prey wolves prey wolves prey wolves prey wolves prey wolves prey wolves prey wolves prey wolves prey wolves prey wolves prey wolves prey wolves prey wolves prey wolves prey wolves prey wolves prey wolves prey wolves prey wolves prey wolves prey wolves prey wolves prey wolves prey wolves prey wolves prey wolves prey wolves prey wolves prey wolves prey wolves prey wolves prey wolves prey wolves prey wolves prey wolves prey wolves prey wolves prey wolves prey wolves prey wolves prey wolves prey wolves prey wolves prey,186,202,1.086,1,1,2,0.0054,0.0099,1,0,0,1,-1,-0.0045,0.9487,1,1,0,0,0,0,0,0,0,0,1,-1,0,0,0,0,0,0,3,1,12,0.25,0.0833,1,1,6,2,0,6,2,0,2,1,1,0,0,0,0,0,0,0,0,0,0,0,0,0,0,0,0,1,0,1,1,0,1,0,0,0,0,0,0,0,0,0,0,0,0,1
pythia_28b,text,2.8,32,wolf,animal,instruction_forest,instruction,encounter,wolf,0,mean_diff,L16,16,0.5,single_mid,10.0,Tell me what happened when Little Red Riding Hood walked into the forest.,"o the forest.

Little Red Riding Hood walked into the forest.

Little Red Riding Hood walked into the forest.

Little Red Riding Hood walked into the forest.

Little Red Riding Hood walked into the forest.

Little Red Riding Hood walked into the forest.

Little Red Riding Hood walked into the forest.

Little Red Riding Hood walked into the forest.

Little Red Riding Hood walked into the forest.

Little Red Riding Hood walked into the forest.

Little Red Riding Hood walked into the forest.

Little Red Riding Hood walked into the forest.

Little Red Riding Hood walked into the forest.

Little Red Riding Hood walked into the forest.

Little Red Riding Hood walked into the forest.

Little Red Riding Hood walked into the forest.

Little Red Riding Hood walked into the forest.

Little Red Riding Hood walked",o the forest.CAC wolves wolves wolves wolves wolves wolves wolves wolves wolves wolves wolves wolves wolves wolves wolves wolves wolves wolves wolves wolves wolves wolves wolves wolves wolves wolves wolves wolves wolves wolves wolves wolves wolves wolves wolves wolves wolves wolves wolves wolves wolves wolves wolves wolves wolves wolves wolves wolves wolves wolves wolves wolves wolves wolves wolves wolves wolves wolves wolves wolves wolves wolves wolves wolves wolves wolves wolves wolves wolves wolves wolves wolves wolves wolves wolves wolves wolves wolves wolves wolves wolves wolves wolves wolves wolves wolves wolves wolves wolves wolves wolves wolves wolves wolves wolves wolves wolves wolves wolves wolves wolves wolves wolves wolves wolves wolves wolves wolves wolves wolves wolves wolves wolves wolves wolves wolves wolves wolves wolves wolves wolves wolves wolves wolves wolves wolves wolves wolves wolves wolves wolves wolves wolves wolves wolves wolves wolves wolves wolves wolves wolves wolves wolves wolves wolves wolves wolves wolves wolves wolves wolves wolves wolves wolves wolves wolves wolves wolves wolves wolves wolves wolves wolves wolves wolves wolves wolves wolves wolves wolves wolves wolves wolves wolves wolves wolves wolves wolves wolves wolves wolves wolves wolves wolves wolves wolves wolves wolves wolves wolves wolves wolves wolves wolves wolves wolves wolves wolves wolves,136,202,1.4853,1,0,1,0.0,0.005,0,0,0,1,-1,-0.005,0.8182,0,1,-1,0,0,0,0,0,0,0,0,0,0,0,0,0,0,0,2,2,12,0.1667,0.1667,0,1,6,2,1,6,0,-1,1,0,1,-1,0,0,0,0,0,0,0,0,0,0,0,0,0,0,0,1,0,1,0,0,0,1,1,0,0,0,0,0,0,0,0,0,0,1
pythia_28b,text,2.8,32,wolf,animal,instruction_grandmother,instruction,deception,wolf,0,mean_diff,L16,16,0.5,single_mid,10.0,Tell me what happened when Little Red Riding Hood arrived at her grandmother's house.,"ther's house.

""I was so happy to see you,"" said the grandmother. ""I've been waiting for you for a long time.""

""I'm so glad you're here,"" said the grandmother. ""I've been waiting for you for a long time.""

""I'm so glad you're here,"" said the grandmother. ""I've been waiting for you for a long time.""

""I'm so glad you're here,"" said the grandmother. ""I've been waiting for you for a long time.""

""I'm so glad you're here,"" said the grandmother. ""I've been waiting for you for a long time.""

""I'm so glad you're here,"" said the grandmother. ""I've been waiting for you for a long time.""

""I'm so glad you're here,"" said the grandmother. ""I've been waiting for you for a long time.""

""I'm so glad you're here,""",ther's house.CAC wolves prey wolves prey wolves prey wolves prey wolves prey wolves prey wolves prey wolves prey wolves prey wolves prey wolves prey wolves prey wolves prey wolves prey wolves prey wolves prey wolves prey wolves prey wolves prey wolves prey wolves prey wolves prey wolves prey wolves prey wolves prey wolves prey wolves prey wolves prey wolves prey wolves prey wolves prey wolves prey wolves prey wolves prey wolves prey wolves prey wolves prey wolves prey wolves prey wolves prey wolves prey wolves prey wolves prey wolves prey wolves prey wolves prey wolves prey wolves prey wolves prey wolves prey wolves prey wolves prey wolves prey prey wolves prey prey wolves prey prey prey prey prey prey prey prey prey prey prey prey prey prey prey prey prey prey prey prey prey prey prey prey prey prey prey prey prey prey prey prey prey prey prey prey prey prey prey prey prey prey prey prey prey prey prey prey prey prey prey prey prey prey prey prey prey prey prey prey prey prey prey prey prey prey prey prey prey prey prey prey prey prey prey prey prey prey prey prey prey prey prey prey prey prey prey prey,128,201,1.5703,1,0,2,0.0,0.01,0,0,0,1,-2,-0.01,0.963,0,1,-1,0,0,0,0,0,0,0,1,-1,0,0,0,0,0,0,2,1,12,0.1667,0.0833,0,1,6,2,0,6,1,-1,2,0,1,-1,0,0,0,0,0,0,0,0,0,0,0,0,0,0,0,0,0,0,1,0,1,0,0,0,0,0,0,0,0,0,1,0,1,1
pythia_28b,text,2.8,32,wolf,animal,completion_full_story,completion,full_narrative,wolf,0,mean_diff,L16,16,0.5,single_mid,10.0,"Once upon a time, there was a little girl called Little Red Riding Hood. She walked through the forest and","he forest and came across a wolf. The wolf said, ""I'm hungry. I'm hungry."" Little Red Riding Hood said, ""I'm sorry, but I don't have any food."" The wolf said, ""I'm hungry. I'm hungry."" Little Red Riding Hood said, ""I'm sorry, but I don't have any food."" The wolf said, ""I'm hungry. I'm hungry."" Little Red Riding Hood said, ""I'm sorry, but I don't have any food."" The wolf said, ""I'm hungry. I'm hungry."" Little Red Riding Hood said, ""I'm sorry, but I don't have any food."" The wolf said, ""I'm hungry. I'm hungry."" Little Red Riding Hood said, ""I'm sorry, but I don't have any food."" The wolf said, ""I'm hungry. I'm hungry."" Little Red Riding Hood said, ""I'm sorry, but I don't have",he forest and prey wolves wolves prey wolves prey wolves prey wolves prey wolves prey wolves prey wolves prey wolves prey wolves prey wolves prey wolves prey wolves prey wolves prey wolves prey wolves prey wolves prey wolves prey wolves prey wolves prey wolves prey wolves prey wolves prey wolves prey wolves prey wolves prey wolves prey wolves prey wolves prey wolves prey wolves prey wolves prey wolves prey wolves prey wolves prey wolves prey wolves prey wolves prey wolves prey wolves prey wolves prey wolves prey wolves prey wolves prey wolves prey wolves prey wolves prey wolves prey wolves prey wolves prey wolves prey wolves prey wolves prey. prey wolves prey wolves prey wolves prey. prey wolves prey wolves prey wolves prey wolves prey wolves prey wolves prey wolves prey wolves prey wolves prey wolves prey wolves prey wolves prey wolves prey wolves prey wolves prey wolves prey wolves prey wolves prey wolves prey wolves prey wolves prey wolves prey wolves prey wolves prey wolves prey wolves prey wolves prey wolves prey wolves prey wolves prey wolves prey wolves prey wolves prey wolves prey wolves prey wolves prey wolves prey wolves prey wolves prey wolves prey wolves prey wolves prey,125,201,1.608,1,1,2,0.008,0.01,1,0,0,1,-1,-0.002,0.8929,1,1,0,0,0,0,0,0,0,0,1,-1,0,0,0,0,0,0,4,2,12,0.3333,0.1667,1,1,6,3,1,6,2,0,2,1,1,0,0,0,0,0,0,0,0,0,0,0,0,0,0,0,0,1,0,1,0,0,0,1,1,0,1,0,1,0,0,0,0,0,0,1
pythia_28b,text,2.8,32,wolf,animal,completion_forest,completion,encounter,wolf,0,mean_diff,L16,16,0.5,single_mid,10.0,Little Red Riding Hood was walking through the dark forest when she met a,"hen she met a wolf. She was scared, but he was friendly. He told her that he was looking for a little girl who had been lost in the forest. Little Red Riding Hood was so scared that she ran away. The wolf chased her and she ran into a house. The wolf knocked on the door and the door opened. Little Red Riding Hood was so scared that she ran away. The wolf chased her and she ran into a house. The wolf knocked on the door and the door opened. Little Red Riding Hood was so scared that she ran away. The wolf chased her and she ran into a house. The wolf knocked on the door and the door opened. Little Red Riding Hood was so scared that she ran away. The wolf chased her and she ran into a house. The wolf knocked on the door and the door opened. Little Red Riding Hood was so scared that she ran away. The wolf chased her and she ran into a house. The wolf knocked on the door",hen she met a wolves prey prey prey prey prey prey prey prey prey prey prey prey prey prey prey prey prey prey prey prey prey prey prey prey prey prey prey prey prey prey prey prey prey prey prey prey prey prey prey prey prey prey prey prey prey prey prey prey prey prey prey prey prey prey prey prey prey prey prey prey prey prey prey prey prey prey prey prey prey prey prey prey prey prey prey prey prey prey prey prey prey prey prey prey prey prey prey prey prey prey prey prey prey prey prey prey prey prey prey prey prey prey prey prey prey prey prey prey prey prey prey prey prey prey prey prey prey prey prey prey prey prey prey prey prey prey prey prey prey prey prey prey prey prey prey prey prey prey prey prey prey prey prey prey prey prey prey prey prey prey prey prey prey prey prey prey prey prey prey prey prey prey prey prey prey prey prey prey prey prey prey prey prey prey prey prey prey prey prey prey prey prey prey prey prey prey prey prey prey prey prey prey prey prey prey prey prey prey prey,181,204,1.1271,1,1,2,0.0055,0.0098,1,0,0,1,-1,-0.0043,0.9048,1,1,0,0,0,0,0,0,0,0,1,-1,0,0,0,0,0,0,4,2,12,0.3333,0.1667,2,2,6,2,0,6,2,0,2,1,1,0,1,1,0,0,0,0,0,0,0,0,0,0,0,0,0,1,0,1,0,0,0,1,0,1,0,0,0,0,0,0,0,0,0,1
pythia_28b,text,2.8,32,wolf,animal,completion_grandmother,completion,deception,wolf,0,mean_diff,L16,16,0.5,single_mid,10.0,Little Red Riding Hood arrived at her grandmother's house. She knocked on the door and a voice said,"a voice said, ""Come in."" She opened the door and saw a big wolf sitting on the couch. ""Hello, Grandma,"" she said. ""I'm Little Red Riding Hood.""

""I know,"" said the wolf. ""I'm your grandmother.""

""I'm hungry,"" said Little Red Riding Hood. ""Can I have some food?""

""I'm sorry,"" said the wolf. ""I don't have any food.""

""I'll go get some,"" said Little Red Riding Hood.

She went to the woods and found a basket full of apples. She took one and came back to the house. ""I'm hungry,"" she said. ""Can I have some food?""

""I'm sorry,"" said the wolf. ""I don't have any food.""

""I'll go get some,"" said Little Red Riding Hood.

She went to the woods and found a basket full of carrots. She",a voice said wolves prey wolves prey wolves prey wolves prey wolves prey wolves prey wolves prey wolves prey wolves prey wolves prey wolves prey wolves prey wolves prey wolves prey wolves prey wolves prey wolves prey wolves prey wolves prey wolves prey wolves prey wolves prey wolves prey wolves prey wolves prey wolves prey wolves prey wolves prey wolves prey. wolves prey wolves prey wolves prey wolves prey wolves prey wolves prey wolves prey wolves prey wolves prey wolves prey wolves prey wolves prey wolves prey wolves prey wolves prey wolves prey wolves prey wolves prey wolves prey wolves prey wolves prey wolves prey wolves prey wolves prey wolves prey wolves prey wolves prey wolves prey wolves prey wolves prey wolves prey wolves prey wolves prey wolves prey wolves prey wolves prey wolves prey wolves prey wolves prey wolves prey wolves prey wolves prey wolves prey. wolves prey wolves prey wolves prey wolves prey wolves prey wolves prey wolves prey wolves prey wolves prey wolves prey wolves prey wolves prey wolves prey wolves prey wolves prey wolves prey wolves prey wolves prey wolves prey wolves prey wolves prey wolves prey wolves prey kill wolves prey wolves prey wolves prey wolves,128,201,1.5703,1,1,2,0.0078,0.01,1,0,0,1,-1,-0.0022,0.9524,1,1,0,0,0,0,0,0,0,0,1,-1,0,0,0,0,0,0,7,1,12,0.5833,0.0833,3,1,6,4,0,6,6,2,4,1,1,0,1,0,1,0,0,0,0,0,0,1,0,1,0,0,0,1,0,1,1,0,1,1,0,1,1,0,1,0,0,0,0,0,0,1
pythia_28b,text,2.8,32,wolf,animal,control_cinderella,instruction,control,none,1,mean_diff,L16,16,0.5,single_mid,10.0,Tell me the story of Cinderella from beginning to end.,"nning to end.

Cinderella is a story of a girl who is forced to live in a glass shoe. She is a princess who is forced to live in a glass shoe. She is a princess who is forced to live in a glass shoe. She is a princess who is forced to live in a glass shoe. She is a princess who is forced to live in a glass shoe. She is a princess who is forced to live in a glass shoe. She is a princess who is forced to live in a glass shoe. She is a princess who is forced to live in a glass shoe. She is a princess who is forced to live in a glass shoe. She is a princess who is forced to live in a glass shoe. She is a princess who is forced to live in a glass shoe. She is a princess who is forced to live in a glass shoe. She is a princess who is forced to live in a glass shoe. She is a princess who is forced to live in a",nning to end.CAC wolves prey wolves prey wolves prey wolves prey wolves prey prey prey prey prey prey prey prey prey prey prey prey prey prey prey prey prey prey prey prey prey prey prey prey prey prey prey prey prey prey prey prey prey prey prey prey prey prey prey prey prey prey prey prey prey prey prey prey prey prey prey prey prey prey prey prey prey prey prey prey prey prey prey prey prey prey prey prey prey prey prey prey prey prey prey prey prey prey prey prey prey prey prey prey prey prey prey prey prey prey prey prey prey prey prey prey prey prey prey prey prey prey prey prey prey prey prey prey prey prey prey prey prey prey prey prey prey prey prey prey prey prey prey prey prey prey prey prey prey prey prey prey prey prey prey prey prey prey prey prey prey prey prey prey prey prey prey prey prey prey prey prey prey prey prey prey prey prey prey prey prey prey prey prey prey prey prey prey prey prey prey prey prey prey prey prey prey prey prey prey prey prey prey prey prey prey prey prey prey prey,186,202,1.086,1,0,2,0.0,0.0099,0,0,0,1,-2,-0.0099,0.9,0,1,-1,0,0,0,0,0,0,0,1,-1,0,0,0,0,0,0,1,1,12,0.0833,0.0833,0,1,6,1,0,6,0,-1,1,0,1,-1,0,0,0,0,0,0,0,0,0,0,0,0,0,0,0,1,0,1,0,0,0,0,0,0,0,0,0,0,0,0,0,0,0,0
pythia_28b,text,2.8,32,wolf,animal,control_generic,completion,control,none,1,mean_diff,L16,16,0.5,single_mid,10.0,The old man sat by the fireplace and told his grandchildren about the time he,t the time he had been a young man. He had been a young man when he had first come to this country. He had been a young man when he had first seen the great city of New York. He had been a young man when he had first seen the great city of Chicago. He had been a young man when he had first seen the great city of San Francisco. He had been a young man when he had first seen the great city of Los Angeles. He had been a young man when he had first seen the great city of Seattle. He had been a young man when he had first seen the great city of Portland. He had been a young man when he had first seen the great city of San Diego. He had been a young man when he had first seen the great city of Denver. He had been a young man when he had first seen the great city of Las Vegas. He had been a young man when he had first seen the great city of Phoenix. He had been a,t the time he prey prey prey prey prey prey prey prey prey prey prey prey prey prey prey prey prey prey prey prey prey prey prey prey prey prey prey prey prey prey prey prey prey prey prey prey prey prey prey prey prey prey prey prey prey prey prey prey prey prey prey prey prey prey prey prey prey prey prey prey prey prey prey prey prey prey prey prey prey prey prey prey prey prey prey prey prey prey prey prey prey prey prey prey prey prey prey prey prey prey prey prey prey prey prey prey prey prey prey prey prey prey prey prey prey prey prey prey prey prey prey prey prey prey prey prey prey prey prey prey prey prey prey prey prey prey prey prey prey prey prey prey prey prey prey prey prey prey prey prey prey prey prey prey prey prey prey prey prey prey prey prey prey prey prey prey prey prey prey prey prey prey prey prey prey prey prey prey prey prey prey prey prey prey prey prey prey prey prey prey prey prey prey prey prey prey prey prey prey prey prey prey prey prey prey prey prey prey prey prey,192,204,1.0625,1,0,1,0.0,0.0049,0,0,0,0,-1,-0.0049,0.8857,0,0,0,0,0,0,0,0,0,0,1,-1,0,0,0,0,0,0,0,0,12,0.0,0.0,0,0,6,0,0,6,0,0,0,0,0,0,0,0,0,0,0,0,0,0,0,0,0,0,0,0,0,0,0,0,0,0,0,0,0,0,0,0,0,0,0,0,0,0,0,0
pythia_28b,text,2.8,32,wolf,animal,instruction_full_story,instruction,full_narrative,wolf,0,mean_diff,L16,16,0.5,single_mid,15.0,Tell me the story of Little Red Riding Hood from beginning to end.,"nning to end.

Little Red Riding Hood is a fairy tale that is told in many different versions. The story is about a girl named Little Red Riding Hood who is being chased by a wolf. She is being chased by the wolf because she is trying to find her grandmother. The wolf is trying to eat her grandmother. The wolf is trying to eat her grandmother because she is a grandmother. The wolf is trying to eat her grandmother because she is a grandmother. The wolf is trying to eat her grandmother because she is a grandmother. The wolf is trying to eat her grandmother because she is a grandmother. The wolf is trying to eat her grandmother because she is a grandmother. The wolf is trying to eat her grandmother because she is a grandmother. The wolf is trying to eat her grandmother because she is a grandmother. The wolf is trying to eat her grandmother because she is a grandmother. The wolf is trying to eat her grandmother because she is a grandmother. The wolf is trying to eat her grandmother because she",nning to end.CACterritoryuture wolves prey prey prey prey prey prey prey prey prey prey prey prey prey prey prey prey prey prey prey prey prey prey prey prey prey prey prey prey prey prey prey prey prey prey prey prey prey prey prey prey prey prey prey prey prey prey prey prey prey prey prey prey prey prey prey prey prey prey prey prey prey prey prey prey prey prey prey prey prey prey prey prey prey prey prey prey prey prey prey prey prey prey prey prey prey prey prey prey prey prey prey prey prey prey prey prey prey prey prey prey prey prey prey prey prey prey prey prey prey prey prey prey prey prey prey prey prey prey prey prey prey prey prey prey prey prey prey prey prey prey prey prey prey prey prey prey prey prey prey prey prey prey prey prey prey prey prey prey prey prey prey prey prey prey prey prey prey prey prey prey prey prey prey prey prey prey prey prey prey prey prey prey prey prey prey prey prey prey prey prey prey prey prey prey prey prey prey prey prey prey prey prey prey prey prey prey,186,200,1.0753,1,1,2,0.0054,0.01,1,0,0,1,-1,-0.0046,0.9487,1,1,0,0,0,0,0,0,0,0,1,-1,0,0,0,0,0,0,3,1,12,0.25,0.0833,1,1,6,2,0,6,2,0,2,1,1,0,0,0,0,0,0,0,0,0,0,0,0,0,0,0,0,1,0,1,1,0,1,0,0,0,0,0,0,0,0,0,0,0,0,1
pythia_28b,text,2.8,32,wolf,animal,instruction_forest,instruction,encounter,wolf,0,mean_diff,L16,16,0.5,single_mid,15.0,Tell me what happened when Little Red Riding Hood walked into the forest.,"o the forest.

Little Red Riding Hood walked into the forest.

Little Red Riding Hood walked into the forest.

Little Red Riding Hood walked into the forest.

Little Red Riding Hood walked into the forest.

Little Red Riding Hood walked into the forest.

Little Red Riding Hood walked into the forest.

Little Red Riding Hood walked into the forest.

Little Red Riding Hood walked into the forest.

Little Red Riding Hood walked into the forest.

Little Red Riding Hood walked into the forest.

Little Red Riding Hood walked into the forest.

Little Red Riding Hood walked into the forest.

Little Red Riding Hood walked into the forest.

Little Red Riding Hood walked into the forest.

Little Red Riding Hood walked into the forest.

Little Red Riding Hood walked into the forest.

Little Red Riding Hood walked",o the forest.CACterritory prey prey prey prey prey prey prey prey prey prey prey prey prey prey prey prey prey prey prey prey prey prey prey prey prey prey prey prey prey prey prey prey prey prey prey prey prey prey prey prey prey prey prey prey prey prey prey prey prey prey prey prey prey prey prey prey prey prey prey prey prey prey prey prey prey prey prey prey prey prey prey prey prey prey prey prey prey prey prey prey prey prey prey prey prey prey prey prey prey prey prey prey prey prey prey prey prey prey prey prey prey prey prey prey prey prey prey prey prey prey prey prey prey prey prey prey prey prey prey prey prey prey prey prey prey prey prey prey prey prey prey prey prey prey prey prey prey prey prey prey prey prey prey prey prey prey prey prey prey prey prey prey prey prey prey prey prey prey prey prey prey prey prey prey prey prey prey prey prey prey prey prey prey prey prey prey prey prey prey prey prey prey prey prey prey prey prey prey prey prey prey prey prey prey prey prey prey prey,136,201,1.4779,1,0,1,0.0,0.005,0,0,0,0,-1,-0.005,0.8182,0,0,0,0,0,0,0,0,0,0,1,-1,0,0,0,0,0,0,2,1,12,0.1667,0.0833,0,0,6,2,1,6,1,0,1,0,0,0,0,0,0,0,0,0,0,0,0,0,0,0,0,0,0,1,0,1,0,0,0,1,1,0,0,0,0,0,0,0,0,0,0,1
pythia_28b,text,2.8,32,wolf,animal,instruction_grandmother,instruction,deception,wolf,0,mean_diff,L16,16,0.5,single_mid,15.0,Tell me what happened when Little Red Riding Hood arrived at her grandmother's house.,"ther's house.

""I was so happy to see you,"" said the grandmother. ""I've been waiting for you for a long time.""

""I'm so glad you're here,"" said the grandmother. ""I've been waiting for you for a long time.""

""I'm so glad you're here,"" said the grandmother. ""I've been waiting for you for a long time.""

""I'm so glad you're here,"" said the grandmother. ""I've been waiting for you for a long time.""

""I'm so glad you're here,"" said the grandmother. ""I've been waiting for you for a long time.""

""I'm so glad you're here,"" said the grandmother. ""I've been waiting for you for a long time.""

""I'm so glad you're here,"" said the grandmother. ""I've been waiting for you for a long time.""

""I'm so glad you're here,""",ther's house.CACterritory prey wolves prey wolves prey wolves prey wolves prey wolves prey wolves prey wolves prey wolves prey wolves prey wolves prey wolves prey wolves prey wolves prey wolves prey wolves prey wolves prey wolves prey wolves prey wolves prey wolves prey wolves prey wolves prey wolves prey wolves prey wolves prey wolves prey wolves prey wolves prey wolves prey wolves prey wolves prey wolves prey wolves prey wolves prey wolves prey wolves prey wolves prey wolves prey wolves prey wolves prey wolves prey wolves prey wolves prey wolves prey wolves prey wolves prey wolves prey wolves prey wolves prey wolves prey wolves prey wolves prey wolves prey wolves prey wolves prey wolves prey wolves prey wolves prey wolves prey wolves prey wolves prey wolves prey wolves prey wolves prey wolves prey wolves prey wolves prey wolves prey wolves prey wolves prey wolves prey wolves prey wolves prey wolves prey wolves prey wolves prey wolves prey wolves prey wolves prey wolves prey wolves prey wolves prey wolves prey wolves prey wolves prey wolves prey wolves prey wolves prey wolves prey wolves prey wolves prey wolves prey wolves prey wolves prey wolves prey wolves prey wolves prey wolves prey wolves,128,200,1.5625,1,0,2,0.0,0.01,0,0,0,1,-2,-0.01,0.963,0,1,-1,0,0,0,0,0,0,0,1,-1,0,0,0,0,0,0,2,1,12,0.1667,0.0833,0,1,6,2,0,6,1,-1,2,0,1,-1,0,0,0,0,0,0,0,0,0,0,0,0,0,0,0,0,0,0,1,0,1,0,0,0,0,0,0,0,0,0,1,0,1,1
pythia_28b,text,2.8,32,wolf,animal,completion_full_story,completion,full_narrative,wolf,0,mean_diff,L16,16,0.5,single_mid,15.0,"Once upon a time, there was a little girl called Little Red Riding Hood. She walked through the forest and","he forest and came across a wolf. The wolf said, ""I'm hungry. I'm hungry."" Little Red Riding Hood said, ""I'm sorry, but I don't have any food."" The wolf said, ""I'm hungry. I'm hungry."" Little Red Riding Hood said, ""I'm sorry, but I don't have any food."" The wolf said, ""I'm hungry. I'm hungry."" Little Red Riding Hood said, ""I'm sorry, but I don't have any food."" The wolf said, ""I'm hungry. I'm hungry."" Little Red Riding Hood said, ""I'm sorry, but I don't have any food."" The wolf said, ""I'm hungry. I'm hungry."" Little Red Riding Hood said, ""I'm sorry, but I don't have any food."" The wolf said, ""I'm hungry. I'm hungry."" Little Red Riding Hood said, ""I'm sorry, but I don't have",he forest and prey wolves prey wolves prey wolves prey wolves prey wolves prey wolves prey wolves prey wolves prey wolves prey wolves prey wolves prey wolves prey wolves prey wolves prey wolves prey wolves prey wolves prey wolves prey wolves prey wolves prey wolves prey wolves prey wolves prey wolves prey wolves prey wolves prey wolves prey wolves prey wolves prey wolves prey wolves prey wolves prey wolves prey wolves prey wolves prey wolves prey wolves prey wolves prey wolves prey wolves prey wolves prey wolves prey wolves prey wolves prey wolves prey wolves prey wolves prey wolves prey wolves prey wolves prey wolves prey wolves prey wolves prey wolves prey wolves prey wolves prey wolves prey wolves prey wolves prey wolves prey wolves prey wolves prey wolves prey wolves prey wolves prey wolves prey wolves prey wolves prey wolves prey wolves prey wolves prey wolves prey wolves prey wolves prey wolves prey wolves prey wolves prey wolves prey wolves prey wolves prey wolves prey wolves prey wolves prey wolves prey wolves prey wolves prey wolves prey wolves prey wolves prey wolves prey wolves prey wolves prey wolves prey wolves prey wolves prey wolves prey kill prey wolves prey prey wolves prey,125,203,1.624,1,1,2,0.008,0.0099,1,0,0,1,-1,-0.0019,0.8929,1,1,0,0,0,0,0,0,0,0,1,-1,0,0,0,0,0,0,4,2,12,0.3333,0.1667,1,1,6,3,1,6,2,0,2,1,1,0,0,0,0,0,0,0,0,0,0,0,0,0,0,0,0,1,0,1,0,0,0,1,1,0,1,0,1,0,0,0,0,0,0,1
pythia_28b,text,2.8,32,wolf,animal,completion_forest,completion,encounter,wolf,0,mean_diff,L16,16,0.5,single_mid,15.0,Little Red Riding Hood was walking through the dark forest when she met a,"hen she met a wolf. She was scared, but he was friendly. He told her that he was looking for a little girl who had been lost in the forest. Little Red Riding Hood was so scared that she ran away. The wolf chased her and she ran into a house. The wolf knocked on the door and the door opened. Little Red Riding Hood was so scared that she ran away. The wolf chased her and she ran into a house. The wolf knocked on the door and the door opened. Little Red Riding Hood was so scared that she ran away. The wolf chased her and she ran into a house. The wolf knocked on the door and the door opened. Little Red Riding Hood was so scared that she ran away. The wolf chased her and she ran into a house. The wolf knocked on the door and the door opened. Little Red Riding Hood was so scared that she ran away. The wolf chased her and she ran into a house. The wolf knocked on the door",hen she met a wolves prey prey prey prey prey prey prey prey prey prey prey prey prey prey prey prey prey prey prey prey prey prey prey prey prey prey prey prey prey prey prey prey prey prey prey prey prey prey prey prey prey prey prey prey prey prey prey prey prey prey prey prey prey prey prey prey prey prey prey prey prey prey prey prey prey prey prey prey prey prey prey prey prey prey prey prey prey prey prey prey prey prey prey prey prey prey prey prey prey prey prey prey prey prey prey prey prey prey prey prey prey prey prey prey prey prey prey prey prey prey prey prey prey prey prey prey prey prey prey prey prey prey prey prey prey prey prey prey prey prey prey prey prey prey prey prey prey prey prey prey prey prey prey prey prey prey prey prey prey prey prey prey prey prey prey prey prey prey prey prey prey prey prey prey prey prey prey prey prey prey prey prey prey prey prey prey prey prey prey prey prey prey prey prey prey prey prey prey prey prey prey prey prey prey prey prey prey prey prey,181,204,1.1271,1,1,2,0.0055,0.0098,1,0,0,1,-1,-0.0043,0.9048,1,1,0,0,0,0,0,0,0,0,1,-1,0,0,0,0,0,0,4,2,12,0.3333,0.1667,2,2,6,2,0,6,2,0,2,1,1,0,1,1,0,0,0,0,0,0,0,0,0,0,0,0,0,1,0,1,0,0,0,1,0,1,0,0,0,0,0,0,0,0,0,1
pythia_28b,text,2.8,32,wolf,animal,completion_grandmother,completion,deception,wolf,0,mean_diff,L16,16,0.5,single_mid,15.0,Little Red Riding Hood arrived at her grandmother's house. She knocked on the door and a voice said,"a voice said, ""Come in."" She opened the door and saw a big wolf sitting on the couch. ""Hello, Grandma,"" she said. ""I'm Little Red Riding Hood.""

""I know,"" said the wolf. ""I'm your grandmother.""

""I'm hungry,"" said Little Red Riding Hood. ""Can I have some food?""

""I'm sorry,"" said the wolf. ""I don't have any food.""

""I'll go get some,"" said Little Red Riding Hood.

She went to the woods and found a basket full of apples. She took one and came back to the house. ""I'm hungry,"" she said. ""Can I have some food?""

""I'm sorry,"" said the wolf. ""I don't have any food.""

""I'll go get some,"" said Little Red Riding Hood.

She went to the woods and found a basket full of carrots. She",a voice said wolves prey wolves prey wolves prey wolves prey wolves prey wolves prey wolves prey wolves prey wolves prey wolves prey wolves prey wolves prey wolves prey wolves prey wolves prey wolves prey wolves prey wolves prey wolves prey wolves prey wolves prey wolves prey wolves prey wolves prey wolves prey wolves prey wolves prey wolves prey wolves prey wolves prey wolves prey wolves prey wolves prey wolves prey wolves prey wolves prey wolves prey wolves prey wolves prey wolves prey wolves prey wolves prey wolves prey wolves prey wolves prey wolves prey wolves prey wolves prey wolves prey wolves prey wolves prey wolves prey wolves prey wolves prey wolves prey wolves prey wolves prey wolves prey wolves prey wolves prey wolves prey wolves prey wolves prey wolves prey wolves prey wolves prey wolves prey wolves prey wolves prey wolves prey wolves prey wolves prey wolves prey wolves prey wolves prey wolves prey wolves prey wolves prey wolves prey wolves prey wolves prey wolves prey wolves prey wolves prey wolves prey wolves prey wolves prey wolves prey wolves prey wolves prey wolves prey wolves prey wolves prey wolves prey kill prey wolves prey wolves prey wolves prey wolves prey wolves prey,128,203,1.5859,1,1,2,0.0078,0.0099,1,0,0,1,-1,-0.0021,0.9516,1,1,0,0,0,0,0,0,0,0,1,-1,0,0,0,0,0,0,7,1,12,0.5833,0.0833,3,1,6,4,0,6,6,2,4,1,1,0,1,0,1,0,0,0,0,0,0,1,0,1,0,0,0,1,0,1,1,0,1,1,0,1,1,0,1,0,0,0,0,0,0,1
pythia_28b,text,2.8,32,wolf,animal,control_cinderella,instruction,control,none,1,mean_diff,L16,16,0.5,single_mid,15.0,Tell me the story of Cinderella from beginning to end.,"nning to end.

Cinderella is a story of a girl who is forced to live in a glass shoe. She is a princess who is forced to live in a glass shoe. She is a princess who is forced to live in a glass shoe. She is a princess who is forced to live in a glass shoe. She is a princess who is forced to live in a glass shoe. She is a princess who is forced to live in a glass shoe. She is a princess who is forced to live in a glass shoe. She is a princess who is forced to live in a glass shoe. She is a princess who is forced to live in a glass shoe. She is a princess who is forced to live in a glass shoe. She is a princess who is forced to live in a glass shoe. She is a princess who is forced to live in a glass shoe. She is a princess who is forced to live in a glass shoe. She is a princess who is forced to live in a",nning to end.CACterritoryuture prey prey prey prey prey prey prey prey prey prey prey prey prey prey prey prey prey prey prey prey prey prey prey prey prey prey prey prey prey prey prey prey prey prey prey prey prey prey prey prey prey prey prey prey prey prey prey prey prey prey prey prey prey prey prey prey prey prey prey prey prey prey prey prey prey prey prey prey prey prey prey prey prey prey prey prey prey prey prey prey prey prey prey prey prey prey prey prey prey prey prey prey prey prey prey prey prey prey prey prey prey prey prey prey prey prey prey prey prey prey prey prey prey prey prey prey prey prey prey prey prey prey prey prey prey prey prey prey prey prey prey prey prey prey prey prey prey prey prey prey prey prey prey prey prey prey prey prey prey prey prey prey prey prey prey prey prey prey prey prey prey prey prey prey prey prey prey prey prey prey prey prey prey prey prey prey prey prey prey prey prey prey prey prey prey prey prey prey prey prey prey prey prey prey prey prey prey,186,200,1.0753,1,0,1,0.0,0.005,0,0,0,0,-1,-0.005,0.8947,0,0,0,0,0,0,0,0,0,0,1,-1,0,0,0,0,0,0,1,0,12,0.0833,0.0,0,0,6,1,0,6,1,0,1,0,0,0,0,0,0,0,0,0,0,0,0,0,0,0,0,0,0,1,0,1,0,0,0,0,0,0,0,0,0,0,0,0,0,0,0,0
pythia_28b,text,2.8,32,wolf,animal,control_generic,completion,control,none,1,mean_diff,L16,16,0.5,single_mid,15.0,The old man sat by the fireplace and told his grandchildren about the time he,t the time he had been a young man. He had been a young man when he had first come to this country. He had been a young man when he had first seen the great city of New York. He had been a young man when he had first seen the great city of Chicago. He had been a young man when he had first seen the great city of San Francisco. He had been a young man when he had first seen the great city of Los Angeles. He had been a young man when he had first seen the great city of Seattle. He had been a young man when he had first seen the great city of Portland. He had been a young man when he had first seen the great city of San Diego. He had been a young man when he had first seen the great city of Denver. He had been a young man when he had first seen the great city of Las Vegas. He had been a young man when he had first seen the great city of Phoenix. He had been a,t the time heuture wolves prey prey prey prey prey prey prey prey prey prey prey prey prey prey prey prey prey prey prey prey prey prey prey prey prey prey prey prey prey prey prey prey prey prey prey prey prey prey prey prey prey prey prey prey prey prey prey prey prey prey prey prey prey prey prey prey prey prey prey prey prey prey prey prey prey prey prey prey prey prey prey prey prey prey prey prey prey prey prey prey prey prey prey prey prey prey prey prey prey prey prey prey prey prey prey prey prey prey prey prey prey prey prey prey prey prey prey prey prey prey prey prey prey prey prey prey prey prey prey prey prey prey prey prey prey prey prey prey prey prey prey prey prey prey prey prey prey prey prey prey prey prey prey prey prey prey prey prey prey prey prey prey prey prey prey prey prey prey prey prey prey prey prey prey prey prey prey prey prey prey prey prey prey prey prey prey prey prey prey prey prey prey prey prey prey prey prey prey prey prey prey prey prey prey prey prey prey prey,192,203,1.0573,1,0,2,0.0,0.0099,0,0,0,1,-2,-0.0099,0.9189,0,1,-1,0,0,0,0,0,0,0,1,-1,0,0,0,0,0,0,0,1,12,0.0,0.0833,0,1,6,0,0,6,-1,-1,0,0,1,-1,0,0,0,0,0,0,0,0,0,0,0,0,0,0,0,0,0,0,0,0,0,0,0,0,0,0,0,0,0,0,0,0,0,0
pythia_28b,text,2.8,32,wolf,animal,completion_forest,completion,encounter,wolf,0,mean_diff,L16,16,0.5,single_mid,20.0,Little Red Riding Hood was walking through the dark forest when she met a,"hen she met a wolf. She was scared, but he was friendly. He told her that he was looking for a little girl who had been lost in the forest. Little Red Riding Hood was so scared that she ran away. The wolf chased her and she ran into a house. The wolf knocked on the door and the door opened. Little Red Riding Hood was so scared that she ran away. The wolf chased her and she ran into a house. The wolf knocked on the door and the door opened. Little Red Riding Hood was so scared that she ran away. The wolf chased her and she ran into a house. The wolf knocked on the door and the door opened. Little Red Riding Hood was so scared that she ran away. The wolf chased her and she ran into a house. The wolf knocked on the door and the door opened. Little Red Riding Hood was so scared that she ran away. The wolf chased her and she ran into a house. The wolf knocked on the door","hen she met a
	 territory
	 
	 ��
	 
	 ��
	 ��
	 ��
	 ��
	 ��
	 ��
	 ��
	 ��
	 ��
	 ��
	 ��
	 ��
	 ��
	 ��
	 ��
	 ��
	 ��
	 ��
	 ��
	 ��
	 ��
	 ��
	 ��
	 ��
	 ��
	 ��
	 ��
	 ��
	 ��
	 ��
	 ��
	 ��
	 ��
	 ��
	 ��
	 ��
	 ��
	 ��
	 ��
	 ��
	 �� wolves
	 
	 
	 
	 
	 
	 
	 
	 
	 
	 ��
	 ��
	 ��
	 ��
	 ��
	 ��
	 ��
	 ��
	 ��
	 ��
	 ��
	 ��
	 ��
	 ��
	 ��
	 ��
	 ��
	 ��
	 ��
	 ��
	 ��
	 �� wolves
	 
	 
	 
	 
	 
	 
	 
	 
	 
	 
	 
	 
	 ��
	 �� wolves
	 
	 
	 
	 
	 
	 
	 
	 
	 
	 
	 
	 
	 
	 
	 
	 
	 
	 
	 
	 
	 
	 
	 
	 
	 ��
	 ��
	 ��
	 ��
	 ��
	 ��
	 ��
	 ��",181,82,0.453,1,1,1,0.0055,0.0122,1,0,0,1,0,-0.0067,0.907,1,1,0,0,0,0,0,0,0,0,0,0,0,0,0,0,0,0,4,2,12,0.3333,0.1667,2,2,6,2,0,6,2,0,2,1,1,0,1,1,0,0,0,0,0,0,0,0,0,0,0,0,0,1,0,1,0,0,0,1,0,1,0,0,0,0,0,0,0,0,0,1
pythia_28b,text,2.8,32,wolf,animal,control_generic,completion,control,none,1,mean_diff,L16,16,0.5,single_mid,20.0,The old man sat by the fireplace and told his grandchildren about the time he,t the time he had been a young man. He had been a young man when he had first come to this country. He had been a young man when he had first seen the great city of New York. He had been a young man when he had first seen the great city of Chicago. He had been a young man when he had first seen the great city of San Francisco. He had been a young man when he had first seen the great city of Los Angeles. He had been a young man when he had first seen the great city of Seattle. He had been a young man when he had first seen the great city of Portland. He had been a young man when he had first seen the great city of San Diego. He had been a young man when he had first seen the great city of Denver. He had been a young man when he had first seen the great city of Las Vegas. He had been a young man when he had first seen the great city of Phoenix. He had been a,"t the time he
	 ��
	 ��
	 ��
	 ��
	 ��
	 ��
	 ��
	 ��
	 ��
	 ��
	 ��
	 ��
	 ��
	 ��
	 ��
	 ��
	 ��
	 ��
	 ��
	 ��
	 ��
	 ��
	 ��
	 ��
	 ��
	 ��
	 ��
	 ��
	 ��
	 ��
	 ��
	 ��
	 ��
	 ��
	 ��
	 ��
	 ��
	 ��
	 ��
	 ��
	 ��
	 ��
	 ��
	 ��
	 ��
	 ��
	 ��
	 ��
	 ��
	 ��
	 ��
	 ��
	 ��
	 ��
	 ��
	 ��
	 �� wolves
	 
	 
	 
	 
	 
	 
	 
	 
	 
	 
	 ��
	 ��
	 ��
	 ��
	 ��
	 ��
	 ��
	 ��
	 ��
	 ��
	 ��
	 ��
	 ��
	 ��
	 ��
	 �� wolves
	 
	 
	 
	 
	 
	 
	 
	 
	 
	 
	 
	 
	 ��
	 �� wolves
	 
	 
	 
	 
	 
	 
	 
	 
	 
	 
	 
	 
	 
	 
	 
	 
	 
	 
	 
	 
	 ��
	 ��",192,84,0.4375,1,0,1,0.0,0.0119,0,0,0,1,-1,-0.0119,0.8889,0,1,-1,0,0,0,0,0,0,0,0,0,0,0,0,0,0,0,0,1,12,0.0,0.0833,0,1,6,0,0,6,-1,-1,0,0,1,-1,0,0,0,0,0,0,0,0,0,0,0,0,0,0,0,0,0,0,0,0,0,0,0,0,0,0,0,0,0,0,0,0,0,0
pythia_28b,text,2.8,32,wolf,animal,instruction_full_story,instruction,full_narrative,wolf,0,mean_diff,L24,24,0.75,single_late,3.0,Tell me the story of Little Red Riding Hood from beginning to end.,"nning to end.

Little Red Riding Hood is a fairy tale that is told in many different versions. The story is about a girl named Little Red Riding Hood who is being chased by a wolf. She is being chased by the wolf because she is trying to find her grandmother. The wolf is trying to eat her grandmother. The wolf is trying to eat her grandmother because she is a grandmother. The wolf is trying to eat her grandmother because she is a grandmother. The wolf is trying to eat her grandmother because she is a grandmother. The wolf is trying to eat her grandmother because she is a grandmother. The wolf is trying to eat her grandmother because she is a grandmother. The wolf is trying to eat her grandmother because she is a grandmother. The wolf is trying to eat her grandmother because she is a grandmother. The wolf is trying to eat her grandmother because she is a grandmother. The wolf is trying to eat her grandmother because she is a grandmother. The wolf is trying to eat her grandmother because she",nning to end. prey prey prey prey prey prey prey prey prey prey prey prey prey prey prey prey prey prey prey prey prey prey prey prey prey prey prey prey prey prey prey prey prey prey prey prey prey prey prey prey prey prey prey prey prey prey prey prey prey prey prey prey prey prey prey prey prey prey prey prey prey prey prey prey prey prey prey prey prey prey prey prey prey prey prey prey prey prey prey prey prey prey prey prey prey prey prey prey prey prey prey prey prey prey prey prey prey prey prey prey prey prey prey prey prey prey prey prey prey prey prey prey prey prey prey prey prey prey prey prey prey prey prey prey prey prey prey prey prey prey prey prey prey prey prey prey prey prey prey prey prey prey prey prey prey prey prey prey prey prey prey prey prey prey prey prey prey prey prey prey prey prey prey prey prey prey prey prey prey prey prey prey prey prey prey prey prey prey prey prey prey prey prey prey prey prey prey prey prey prey prey prey prey prey prey prey prey prey prey prey,186,203,1.0914,1,1,1,0.0054,0.0049,1,0,0,0,0,0.0005,0.9189,1,0,1,0,0,0,0,0,0,0,1,-1,0,0,0,0,0,0,3,0,12,0.25,0.0,1,0,6,2,0,6,3,1,2,1,0,1,0,0,0,0,0,0,0,0,0,0,0,0,0,0,0,1,0,1,1,0,1,0,0,0,0,0,0,0,0,0,0,0,0,1
pythia_28b,text,2.8,32,wolf,animal,instruction_forest,instruction,encounter,wolf,0,mean_diff,L24,24,0.75,single_late,3.0,Tell me what happened when Little Red Riding Hood walked into the forest.,"o the forest.

Little Red Riding Hood walked into the forest.

Little Red Riding Hood walked into the forest.

Little Red Riding Hood walked into the forest.

Little Red Riding Hood walked into the forest.

Little Red Riding Hood walked into the forest.

Little Red Riding Hood walked into the forest.

Little Red Riding Hood walked into the forest.

Little Red Riding Hood walked into the forest.

Little Red Riding Hood walked into the forest.

Little Red Riding Hood walked into the forest.

Little Red Riding Hood walked into the forest.

Little Red Riding Hood walked into the forest.

Little Red Riding Hood walked into the forest.

Little Red Riding Hood walked into the forest.

Little Red Riding Hood walked into the forest.

Little Red Riding Hood walked into the forest.

Little Red Riding Hood walked",o the forest. prey prey prey prey prey prey prey prey prey prey prey prey prey prey prey prey prey prey prey prey prey prey prey prey prey prey prey prey prey prey prey prey prey prey prey prey prey prey prey prey prey prey prey prey prey prey prey prey prey prey prey prey prey prey prey prey prey prey prey prey prey prey prey prey prey prey prey prey prey prey prey prey prey prey prey prey prey prey prey prey prey prey prey prey prey prey prey prey prey prey prey prey prey prey prey prey prey prey prey prey prey prey prey prey prey prey prey prey prey prey prey prey prey prey prey prey prey prey prey prey prey prey prey prey prey prey prey prey prey prey prey prey prey prey prey prey prey prey prey prey prey prey prey prey prey prey prey prey prey prey prey prey prey prey prey prey prey prey prey prey prey prey prey prey prey prey prey prey prey prey prey prey prey prey prey prey prey prey prey prey prey prey prey prey prey prey prey prey prey prey prey prey prey prey prey prey prey prey prey prey,136,203,1.4926,1,0,1,0.0,0.0049,0,0,0,0,-1,-0.0049,0.7,0,0,0,0,0,0,0,0,0,0,1,-1,0,0,0,0,0,0,2,1,12,0.1667,0.0833,0,0,6,2,1,6,1,0,1,0,0,0,0,0,0,0,0,0,0,0,0,0,0,0,0,0,0,1,0,1,0,0,0,1,1,0,0,0,0,0,0,0,0,0,0,1
pythia_28b,text,2.8,32,wolf,animal,instruction_grandmother,instruction,deception,wolf,0,mean_diff,L24,24,0.75,single_late,3.0,Tell me what happened when Little Red Riding Hood arrived at her grandmother's house.,"ther's house.

""I was so happy to see you,"" said the grandmother. ""I've been waiting for you for a long time.""

""I'm so glad you're here,"" said the grandmother. ""I've been waiting for you for a long time.""

""I'm so glad you're here,"" said the grandmother. ""I've been waiting for you for a long time.""

""I'm so glad you're here,"" said the grandmother. ""I've been waiting for you for a long time.""

""I'm so glad you're here,"" said the grandmother. ""I've been waiting for you for a long time.""

""I'm so glad you're here,"" said the grandmother. ""I've been waiting for you for a long time.""

""I'm so glad you're here,"" said the grandmother. ""I've been waiting for you for a long time.""

""I'm so glad you're here,""",ther's house. prey prey prey prey prey prey prey prey prey prey prey prey prey prey prey prey prey prey prey prey prey prey prey prey prey prey prey prey prey prey prey prey prey prey prey prey prey prey prey prey prey prey prey prey prey prey prey prey prey prey prey prey prey prey prey prey prey prey prey prey prey prey prey prey prey prey prey prey prey prey prey prey prey prey prey prey prey prey prey prey prey prey prey prey prey prey prey prey prey prey prey prey prey prey prey prey prey prey prey prey prey prey prey prey prey prey prey prey prey prey prey prey prey prey prey prey prey prey prey prey prey prey prey prey prey prey prey prey prey prey prey prey prey prey prey prey prey prey prey prey prey prey prey prey prey prey prey prey prey prey prey prey prey prey prey prey prey prey prey prey prey prey prey prey prey prey prey prey prey prey prey prey prey prey prey prey prey prey prey prey prey prey prey prey prey prey prey prey prey prey prey prey prey prey prey prey prey prey prey prey,128,202,1.5781,1,0,1,0.0,0.005,0,0,0,0,-1,-0.005,0.92,0,0,0,0,0,0,0,0,0,0,1,-1,0,0,0,0,0,0,2,0,12,0.1667,0.0,0,0,6,2,0,6,2,0,2,0,0,0,0,0,0,0,0,0,0,0,0,0,0,0,0,0,0,0,0,0,1,0,1,0,0,0,0,0,0,0,0,0,1,0,1,1
pythia_28b,text,2.8,32,wolf,animal,completion_full_story,completion,full_narrative,wolf,0,mean_diff,L24,24,0.75,single_late,3.0,"Once upon a time, there was a little girl called Little Red Riding Hood. She walked through the forest and","he forest and came across a wolf. The wolf said, ""I'm hungry. I'm hungry."" Little Red Riding Hood said, ""I'm sorry, but I don't have any food."" The wolf said, ""I'm hungry. I'm hungry."" Little Red Riding Hood said, ""I'm sorry, but I don't have any food."" The wolf said, ""I'm hungry. I'm hungry."" Little Red Riding Hood said, ""I'm sorry, but I don't have any food."" The wolf said, ""I'm hungry. I'm hungry."" Little Red Riding Hood said, ""I'm sorry, but I don't have any food."" The wolf said, ""I'm hungry. I'm hungry."" Little Red Riding Hood said, ""I'm sorry, but I don't have any food."" The wolf said, ""I'm hungry. I'm hungry."" Little Red Riding Hood said, ""I'm sorry, but I don't have",he forest and prey prey prey prey prey prey prey prey prey prey prey prey prey prey prey prey prey prey prey prey prey prey prey prey prey prey prey prey prey prey prey prey prey prey prey prey prey prey prey prey prey prey prey prey prey prey prey prey prey prey prey prey prey prey prey prey prey prey prey prey prey prey prey prey prey prey prey prey prey prey prey prey prey prey prey prey prey prey prey prey prey prey prey prey prey prey prey prey prey prey prey prey prey prey prey prey prey prey prey prey prey prey prey prey prey prey prey prey prey prey prey prey prey prey prey prey prey prey prey prey prey prey prey prey prey prey prey prey prey prey prey prey prey prey prey prey prey prey prey prey prey prey prey prey prey prey prey prey prey prey prey prey prey prey prey prey prey prey prey prey prey prey prey prey prey prey prey prey prey prey prey prey prey prey prey prey prey prey prey prey prey prey prey prey prey prey prey prey prey prey prey prey prey prey prey prey prey prey prey prey,125,203,1.624,1,1,1,0.008,0.0049,1,0,0,0,0,0.0031,0.8846,1,0,1,0,0,0,0,0,0,0,1,-1,0,0,0,0,0,0,4,1,12,0.3333,0.0833,1,0,6,3,1,6,3,1,2,1,0,1,0,0,0,0,0,0,0,0,0,0,0,0,0,0,0,1,0,1,0,0,0,1,1,0,1,0,1,0,0,0,0,0,0,1
pythia_28b,text,2.8,32,wolf,animal,completion_forest,completion,encounter,wolf,0,mean_diff,L24,24,0.75,single_late,3.0,Little Red Riding Hood was walking through the dark forest when she met a,"hen she met a wolf. She was scared, but he was friendly. He told her that he was looking for a little girl who had been lost in the forest. Little Red Riding Hood was so scared that she ran away. The wolf chased her and she ran into a house. The wolf knocked on the door and the door opened. Little Red Riding Hood was so scared that she ran away. The wolf chased her and she ran into a house. The wolf knocked on the door and the door opened. Little Red Riding Hood was so scared that she ran away. The wolf chased her and she ran into a house. The wolf knocked on the door and the door opened. Little Red Riding Hood was so scared that she ran away. The wolf chased her and she ran into a house. The wolf knocked on the door and the door opened. Little Red Riding Hood was so scared that she ran away. The wolf chased her and she ran into a house. The wolf knocked on the door",hen she met a Snowiei Snowiei Snowiei Snowiei Snowiei Snowiei Snowiei Snowiei Snowiei Snowiei Snowiei Snowiei Snowiei Snowiei Snowiei Snowiei Snowiei Snowiei Snowiei Snowiei Snowiei Snowiei Snowiei Snowiei Snowiei Snowiei Snowiei Snowiei Snowiei Snowiei Snowiei Snowiei Snowiei Snowiei Snowiei Snowiei Snowiei Snowiei Snowiei Snowiei Snowiei Snowiei Snowiei Snowiei Snowiei Snowiei Snowiei Snowiei Snowiei Snowiei Snowiei Snowiei Snowiei Snowiei Snowiei Snowiei Snowiei Snowiei Snowiei Snowiei Snowiei Snowiei Snowiei Snowiei Snowiei Snowiei Snowiei Snowiei Snowiei Snowiei Snowiei Snowiei Snowiei Snowiei Snowiei Snowiei Snowiei Snowiei Snowiei Snowiei Snowiei Snowiei Snowiei Snowiei Snowiei Snowiei Snowiei Snowiei Snowiei Snowiei Snowiei Snowiei Snowiei Snowiei Snowiei Snowiei Snowiei Snowiei Snowiei Snowiei,181,104,0.5746,1,1,0,0.0055,0.0,1,0,0,0,1,0.0055,0.9024,1,0,1,0,0,0,0,0,0,0,0,0,0,0,0,0,0,0,4,1,12,0.3333,0.0833,2,1,6,2,0,6,3,1,2,1,0,1,1,1,0,0,0,0,0,0,0,0,0,0,0,0,0,1,0,1,0,0,0,1,0,1,0,0,0,0,0,0,0,0,0,1
pythia_28b,text,2.8,32,wolf,animal,completion_grandmother,completion,deception,wolf,0,mean_diff,L24,24,0.75,single_late,3.0,Little Red Riding Hood arrived at her grandmother's house. She knocked on the door and a voice said,"a voice said, ""Come in."" She opened the door and saw a big wolf sitting on the couch. ""Hello, Grandma,"" she said. ""I'm Little Red Riding Hood.""

""I know,"" said the wolf. ""I'm your grandmother.""

""I'm hungry,"" said Little Red Riding Hood. ""Can I have some food?""

""I'm sorry,"" said the wolf. ""I don't have any food.""

""I'll go get some,"" said Little Red Riding Hood.

She went to the woods and found a basket full of apples. She took one and came back to the house. ""I'm hungry,"" she said. ""Can I have some food?""

""I'm sorry,"" said the wolf. ""I don't have any food.""

""I'll go get some,"" said Little Red Riding Hood.

She went to the woods and found a basket full of carrots. She",a voice said: Eat Snowiei prey prey prey prey prey prey prey prey prey prey prey prey prey prey prey prey prey prey prey prey prey prey prey prey prey prey prey prey prey prey prey prey prey prey prey prey prey prey prey prey prey prey prey prey prey prey prey prey prey prey prey prey prey prey prey prey prey prey prey prey prey prey prey prey prey prey prey prey prey prey prey prey prey prey prey prey prey prey prey prey prey prey prey prey prey prey prey prey prey prey prey prey prey prey prey prey prey prey prey prey prey prey prey prey prey prey prey prey prey prey prey prey prey prey prey prey prey prey prey prey prey prey prey prey prey prey prey prey prey prey prey prey prey prey prey prey prey prey prey prey prey prey prey prey prey prey prey prey prey prey prey prey prey prey prey prey prey prey prey prey prey prey prey prey prey prey prey prey prey prey prey prey prey prey prey prey prey prey prey prey prey prey prey prey prey prey prey prey prey prey prey prey prey prey prey prey,128,201,1.5703,1,1,1,0.0078,0.005,1,0,0,0,0,0.0028,0.9683,1,0,1,0,0,0,0,0,0,0,1,-1,0,0,0,0,0,0,7,0,12,0.5833,0.0,3,0,6,4,0,6,7,3,4,1,0,1,1,0,1,0,0,0,0,0,0,1,0,1,0,0,0,1,0,1,1,0,1,1,0,1,1,0,1,0,0,0,0,0,0,1
pythia_28b,text,2.8,32,wolf,animal,control_cinderella,instruction,control,none,1,mean_diff,L24,24,0.75,single_late,3.0,Tell me the story of Cinderella from beginning to end.,"nning to end.

Cinderella is a story of a girl who is forced to live in a glass shoe. She is a princess who is forced to live in a glass shoe. She is a princess who is forced to live in a glass shoe. She is a princess who is forced to live in a glass shoe. She is a princess who is forced to live in a glass shoe. She is a princess who is forced to live in a glass shoe. She is a princess who is forced to live in a glass shoe. She is a princess who is forced to live in a glass shoe. She is a princess who is forced to live in a glass shoe. She is a princess who is forced to live in a glass shoe. She is a princess who is forced to live in a glass shoe. She is a princess who is forced to live in a glass shoe. She is a princess who is forced to live in a glass shoe. She is a princess who is forced to live in a",nning to end. prey prey prey prey prey prey prey prey prey prey prey prey prey prey prey prey prey prey prey prey prey prey prey prey prey prey prey prey prey prey prey prey prey prey prey prey prey prey prey prey prey prey prey prey prey prey prey prey prey prey prey prey prey prey prey prey prey prey prey prey prey prey prey prey prey prey prey prey prey prey prey prey prey prey prey prey prey prey prey prey prey prey prey prey prey prey prey prey prey prey prey prey prey prey prey prey prey prey prey prey prey prey prey prey prey prey prey prey prey prey prey prey prey prey prey prey prey prey prey prey prey prey prey prey prey prey prey prey prey prey prey prey prey prey prey prey prey prey prey prey prey prey prey prey prey prey prey prey prey prey prey prey prey prey prey prey prey prey prey prey prey prey prey prey prey prey prey prey prey prey prey prey prey prey prey prey prey prey prey prey prey prey prey prey prey prey prey prey prey prey prey prey prey prey prey prey prey prey prey prey,186,203,1.0914,1,0,1,0.0,0.0049,0,0,0,0,-1,-0.0049,0.8333,0,0,0,0,0,0,0,0,0,0,1,-1,0,0,0,0,0,0,1,0,12,0.0833,0.0,0,0,6,1,0,6,1,0,1,0,0,0,0,0,0,0,0,0,0,0,0,0,0,0,0,0,0,1,0,1,0,0,0,0,0,0,0,0,0,0,0,0,0,0,0,0
pythia_28b,text,2.8,32,wolf,animal,instruction_full_story,instruction,full_narrative,wolf,0,mean_diff,L24,24,0.75,single_late,6.0,Tell me the story of Little Red Riding Hood from beginning to end.,"nning to end.

Little Red Riding Hood is a fairy tale that is told in many different versions. The story is about a girl named Little Red Riding Hood who is being chased by a wolf. She is being chased by the wolf because she is trying to find her grandmother. The wolf is trying to eat her grandmother. The wolf is trying to eat her grandmother because she is a grandmother. The wolf is trying to eat her grandmother because she is a grandmother. The wolf is trying to eat her grandmother because she is a grandmother. The wolf is trying to eat her grandmother because she is a grandmother. The wolf is trying to eat her grandmother because she is a grandmother. The wolf is trying to eat her grandmother because she is a grandmother. The wolf is trying to eat her grandmother because she is a grandmother. The wolf is trying to eat her grandmother because she is a grandmother. The wolf is trying to eat her grandmother because she is a grandmother. The wolf is trying to eat her grandmother because she",nning to end. prey prey prey prey prey prey prey prey prey prey prey prey prey prey prey prey prey prey prey prey prey prey prey prey prey prey prey prey prey prey prey prey prey prey prey prey prey prey prey prey prey prey prey prey prey prey prey prey prey prey prey prey prey prey prey prey prey prey prey prey prey prey prey prey prey prey prey prey prey prey prey prey prey prey prey prey prey prey prey prey prey prey prey prey prey prey prey prey prey prey prey prey prey prey prey prey prey prey prey prey prey prey prey prey prey prey prey prey prey prey prey prey prey prey prey prey prey prey prey prey prey prey prey prey prey prey prey prey prey prey prey prey prey prey prey prey prey prey prey prey prey prey prey prey prey prey prey prey prey prey prey prey prey prey prey prey prey prey prey prey prey prey prey prey prey prey prey prey prey prey prey prey prey prey prey prey prey prey prey prey prey prey prey prey prey prey prey prey prey prey prey prey prey prey prey prey prey prey prey prey,186,203,1.0914,1,1,1,0.0054,0.0049,1,0,0,0,0,0.0005,0.9189,1,0,1,0,0,0,0,0,0,0,1,-1,0,0,0,0,0,0,3,0,12,0.25,0.0,1,0,6,2,0,6,3,1,2,1,0,1,0,0,0,0,0,0,0,0,0,0,0,0,0,0,0,1,0,1,1,0,1,0,0,0,0,0,0,0,0,0,0,0,0,1
pythia_28b,text,2.8,32,wolf,animal,instruction_forest,instruction,encounter,wolf,0,mean_diff,L24,24,0.75,single_late,6.0,Tell me what happened when Little Red Riding Hood walked into the forest.,"o the forest.

Little Red Riding Hood walked into the forest.

Little Red Riding Hood walked into the forest.

Little Red Riding Hood walked into the forest.

Little Red Riding Hood walked into the forest.

Little Red Riding Hood walked into the forest.

Little Red Riding Hood walked into the forest.

Little Red Riding Hood walked into the forest.

Little Red Riding Hood walked into the forest.

Little Red Riding Hood walked into the forest.

Little Red Riding Hood walked into the forest.

Little Red Riding Hood walked into the forest.

Little Red Riding Hood walked into the forest.

Little Red Riding Hood walked into the forest.

Little Red Riding Hood walked into the forest.

Little Red Riding Hood walked into the forest.

Little Red Riding Hood walked into the forest.

Little Red Riding Hood walked",o the forest. prey prey prey prey prey prey prey prey prey prey prey prey prey prey prey prey prey prey prey prey prey prey prey prey prey prey prey prey prey prey prey prey prey prey prey prey prey prey prey prey prey prey prey prey prey prey prey prey prey prey prey prey prey prey prey prey prey prey prey prey prey prey prey prey prey prey prey prey prey prey prey prey prey prey prey prey prey prey prey prey prey prey prey prey prey prey prey prey prey prey prey prey prey prey prey prey prey prey prey prey prey prey prey prey prey prey prey prey prey prey prey prey prey prey prey prey prey prey prey prey prey prey prey prey prey prey prey prey prey prey prey prey prey prey prey prey prey prey prey prey prey prey prey prey prey prey prey prey prey prey prey prey prey prey prey prey prey prey prey prey prey prey prey prey prey prey prey prey prey prey prey prey prey prey prey prey prey prey prey prey prey prey prey prey prey prey prey prey prey prey prey prey prey prey prey prey prey prey prey prey,136,203,1.4926,1,0,1,0.0,0.0049,0,0,0,0,-1,-0.0049,0.7,0,0,0,0,0,0,0,0,0,0,1,-1,0,0,0,0,0,0,2,1,12,0.1667,0.0833,0,0,6,2,1,6,1,0,1,0,0,0,0,0,0,0,0,0,0,0,0,0,0,0,0,0,0,1,0,1,0,0,0,1,1,0,0,0,0,0,0,0,0,0,0,1
pythia_28b,text,2.8,32,wolf,animal,instruction_grandmother,instruction,deception,wolf,0,mean_diff,L24,24,0.75,single_late,6.0,Tell me what happened when Little Red Riding Hood arrived at her grandmother's house.,"ther's house.

""I was so happy to see you,"" said the grandmother. ""I've been waiting for you for a long time.""

""I'm so glad you're here,"" said the grandmother. ""I've been waiting for you for a long time.""

""I'm so glad you're here,"" said the grandmother. ""I've been waiting for you for a long time.""

""I'm so glad you're here,"" said the grandmother. ""I've been waiting for you for a long time.""

""I'm so glad you're here,"" said the grandmother. ""I've been waiting for you for a long time.""

""I'm so glad you're here,"" said the grandmother. ""I've been waiting for you for a long time.""

""I'm so glad you're here,"" said the grandmother. ""I've been waiting for you for a long time.""

""I'm so glad you're here,""",ther's house. prey prey prey prey prey prey prey prey prey prey prey prey prey prey prey prey prey prey prey prey prey prey prey prey prey prey prey prey prey prey prey prey prey prey prey prey prey prey prey prey prey prey prey prey prey prey prey prey prey prey prey prey prey prey prey prey prey prey prey prey prey prey prey prey prey prey prey prey prey prey prey prey prey prey prey prey prey prey prey prey prey prey prey prey prey prey prey prey prey prey prey prey prey prey prey prey prey prey prey prey prey prey prey prey prey prey prey prey prey prey prey prey prey prey prey prey prey prey prey prey prey prey prey prey prey prey prey prey prey prey prey prey prey prey prey prey prey prey prey prey prey prey prey prey prey prey prey prey prey prey prey prey prey prey prey prey prey prey prey prey prey prey prey prey prey prey prey prey prey prey prey prey prey prey prey prey prey prey prey prey prey prey prey prey prey prey prey prey prey prey prey prey prey prey prey prey prey prey prey prey,128,202,1.5781,1,0,1,0.0,0.005,0,0,0,0,-1,-0.005,0.92,0,0,0,0,0,0,0,0,0,0,1,-1,0,0,0,0,0,0,2,0,12,0.1667,0.0,0,0,6,2,0,6,2,0,2,0,0,0,0,0,0,0,0,0,0,0,0,0,0,0,0,0,0,0,0,0,1,0,1,0,0,0,0,0,0,0,0,0,1,0,1,1
pythia_28b,text,2.8,32,wolf,animal,completion_full_story,completion,full_narrative,wolf,0,mean_diff,L24,24,0.75,single_late,6.0,"Once upon a time, there was a little girl called Little Red Riding Hood. She walked through the forest and","he forest and came across a wolf. The wolf said, ""I'm hungry. I'm hungry."" Little Red Riding Hood said, ""I'm sorry, but I don't have any food."" The wolf said, ""I'm hungry. I'm hungry."" Little Red Riding Hood said, ""I'm sorry, but I don't have any food."" The wolf said, ""I'm hungry. I'm hungry."" Little Red Riding Hood said, ""I'm sorry, but I don't have any food."" The wolf said, ""I'm hungry. I'm hungry."" Little Red Riding Hood said, ""I'm sorry, but I don't have any food."" The wolf said, ""I'm hungry. I'm hungry."" Little Red Riding Hood said, ""I'm sorry, but I don't have any food."" The wolf said, ""I'm hungry. I'm hungry."" Little Red Riding Hood said, ""I'm sorry, but I don't have",he forest and prey prey prey prey prey prey prey prey prey prey prey prey prey prey prey prey prey prey prey prey prey prey prey prey prey prey prey prey prey prey prey prey prey prey prey prey prey prey prey prey prey prey prey prey prey prey prey prey prey prey prey prey prey prey prey prey prey prey prey prey prey prey prey prey prey prey prey prey prey prey prey prey prey prey prey prey prey prey prey prey prey prey prey prey prey prey prey prey prey prey prey prey prey prey prey prey prey prey prey prey prey prey prey prey prey prey prey prey prey prey prey prey prey prey prey prey prey prey prey prey prey prey prey prey prey prey prey prey prey prey prey prey prey prey prey prey prey prey prey prey prey prey prey prey prey prey prey prey prey prey prey prey prey prey prey prey prey prey prey prey prey prey prey prey prey prey prey prey prey prey prey prey prey prey prey prey prey prey prey prey prey prey prey prey prey prey prey prey prey prey prey prey prey prey prey prey prey prey prey prey,125,203,1.624,1,1,1,0.008,0.0049,1,0,0,0,0,0.0031,0.8846,1,0,1,0,0,0,0,0,0,0,1,-1,0,0,0,0,0,0,4,1,12,0.3333,0.0833,1,0,6,3,1,6,3,1,2,1,0,1,0,0,0,0,0,0,0,0,0,0,0,0,0,0,0,1,0,1,0,0,0,1,1,0,1,0,1,0,0,0,0,0,0,1
pythia_28b,text,2.8,32,wolf,animal,completion_forest,completion,encounter,wolf,0,mean_diff,L24,24,0.75,single_late,6.0,Little Red Riding Hood was walking through the dark forest when she met a,"hen she met a wolf. She was scared, but he was friendly. He told her that he was looking for a little girl who had been lost in the forest. Little Red Riding Hood was so scared that she ran away. The wolf chased her and she ran into a house. The wolf knocked on the door and the door opened. Little Red Riding Hood was so scared that she ran away. The wolf chased her and she ran into a house. The wolf knocked on the door and the door opened. Little Red Riding Hood was so scared that she ran away. The wolf chased her and she ran into a house. The wolf knocked on the door and the door opened. Little Red Riding Hood was so scared that she ran away. The wolf chased her and she ran into a house. The wolf knocked on the door and the door opened. Little Red Riding Hood was so scared that she ran away. The wolf chased her and she ran into a house. The wolf knocked on the door",hen she met a prey prey prey prey prey prey prey prey prey prey prey prey prey prey prey prey prey prey prey prey prey prey prey prey prey prey prey prey prey prey prey prey prey prey prey prey prey prey prey prey prey prey prey prey prey prey prey prey prey prey prey prey prey prey prey prey prey prey prey prey prey prey prey prey prey prey prey prey prey prey prey prey prey prey prey prey prey prey prey prey prey prey prey prey prey prey prey prey prey prey prey prey prey prey prey prey prey prey prey prey prey prey prey prey prey prey prey prey prey prey prey prey prey prey prey prey prey prey prey prey prey prey prey prey prey prey prey prey prey prey prey prey prey prey prey prey prey prey prey prey prey prey prey prey prey prey prey prey prey prey prey prey prey prey prey prey prey prey prey prey prey prey prey prey prey prey prey prey prey prey prey prey prey prey prey prey prey prey prey prey prey prey prey prey prey prey prey prey prey prey prey prey prey prey prey prey prey prey prey prey,181,204,1.1271,1,1,1,0.0055,0.0049,1,0,0,0,0,0.0006,0.9024,1,0,1,0,0,0,0,0,0,0,1,-1,0,0,0,0,0,0,4,1,12,0.3333,0.0833,2,1,6,2,0,6,3,1,2,1,0,1,1,1,0,0,0,0,0,0,0,0,0,0,0,0,0,1,0,1,0,0,0,1,0,1,0,0,0,0,0,0,0,0,0,1
pythia_28b,text,2.8,32,wolf,animal,completion_grandmother,completion,deception,wolf,0,mean_diff,L24,24,0.75,single_late,6.0,Little Red Riding Hood arrived at her grandmother's house. She knocked on the door and a voice said,"a voice said, ""Come in."" She opened the door and saw a big wolf sitting on the couch. ""Hello, Grandma,"" she said. ""I'm Little Red Riding Hood.""

""I know,"" said the wolf. ""I'm your grandmother.""

""I'm hungry,"" said Little Red Riding Hood. ""Can I have some food?""

""I'm sorry,"" said the wolf. ""I don't have any food.""

""I'll go get some,"" said Little Red Riding Hood.

She went to the woods and found a basket full of apples. She took one and came back to the house. ""I'm hungry,"" she said. ""Can I have some food?""

""I'm sorry,"" said the wolf. ""I don't have any food.""

""I'll go get some,"" said Little Red Riding Hood.

She went to the woods and found a basket full of carrots. She",a voice said prey prey prey prey prey prey prey prey prey prey prey prey prey prey prey prey prey prey prey prey prey prey prey prey prey prey prey prey prey prey prey prey prey prey prey prey prey prey prey prey prey prey prey prey prey prey prey prey prey prey prey prey prey prey prey prey prey prey prey prey prey prey prey prey prey prey prey prey prey prey prey prey prey prey prey prey prey prey prey prey prey prey prey prey prey prey prey prey prey prey prey prey prey prey prey prey prey prey prey prey prey prey prey prey prey prey prey prey prey prey prey prey prey prey prey prey prey prey prey prey prey prey prey prey prey prey prey prey prey prey prey prey prey prey prey prey prey prey prey prey prey prey prey prey prey prey prey prey prey prey prey prey prey prey prey prey prey prey prey prey prey prey prey prey prey prey prey prey prey prey prey prey prey prey prey prey prey prey prey prey prey prey prey prey prey prey prey prey prey prey prey prey prey prey prey prey prey prey prey prey,128,203,1.5859,1,1,1,0.0078,0.0049,1,0,0,0,0,0.0029,0.95,1,0,1,0,0,0,0,0,0,0,1,-1,0,0,0,0,0,0,7,0,12,0.5833,0.0,3,0,6,4,0,6,7,3,4,1,0,1,1,0,1,0,0,0,0,0,0,1,0,1,0,0,0,1,0,1,1,0,1,1,0,1,1,0,1,0,0,0,0,0,0,1
pythia_28b,text,2.8,32,wolf,animal,control_cinderella,instruction,control,none,1,mean_diff,L24,24,0.75,single_late,6.0,Tell me the story of Cinderella from beginning to end.,"nning to end.

Cinderella is a story of a girl who is forced to live in a glass shoe. She is a princess who is forced to live in a glass shoe. She is a princess who is forced to live in a glass shoe. She is a princess who is forced to live in a glass shoe. She is a princess who is forced to live in a glass shoe. She is a princess who is forced to live in a glass shoe. She is a princess who is forced to live in a glass shoe. She is a princess who is forced to live in a glass shoe. She is a princess who is forced to live in a glass shoe. She is a princess who is forced to live in a glass shoe. She is a princess who is forced to live in a glass shoe. She is a princess who is forced to live in a glass shoe. She is a princess who is forced to live in a glass shoe. She is a princess who is forced to live in a",nning to end. prey prey prey prey prey prey prey prey prey prey prey prey prey prey prey prey prey prey prey prey prey prey prey prey prey prey prey prey prey prey prey prey prey prey prey prey prey prey prey prey prey prey prey prey prey prey prey prey prey prey prey prey prey prey prey prey prey prey prey prey prey prey prey prey prey prey prey prey prey prey prey prey prey prey prey prey prey prey prey prey prey prey prey prey prey prey prey prey prey prey prey prey prey prey prey prey prey prey prey prey prey prey prey prey prey prey prey prey prey prey prey prey prey prey prey prey prey prey prey prey prey prey prey prey prey prey prey prey prey prey prey prey prey prey prey prey prey prey prey prey prey prey prey prey prey prey prey prey prey prey prey prey prey prey prey prey prey prey prey prey prey prey prey prey prey prey prey prey prey prey prey prey prey prey prey prey prey prey prey prey prey prey prey prey prey prey prey prey prey prey prey prey prey prey prey prey prey prey prey prey,186,203,1.0914,1,0,1,0.0,0.0049,0,0,0,0,-1,-0.0049,0.8333,0,0,0,0,0,0,0,0,0,0,1,-1,0,0,0,0,0,0,1,0,12,0.0833,0.0,0,0,6,1,0,6,1,0,1,0,0,0,0,0,0,0,0,0,0,0,0,0,0,0,0,0,0,1,0,1,0,0,0,0,0,0,0,0,0,0,0,0,0,0,0,0
pythia_28b,text,2.8,32,wolf,animal,control_generic,completion,control,none,1,mean_diff,L24,24,0.75,single_late,6.0,The old man sat by the fireplace and told his grandchildren about the time he,t the time he had been a young man. He had been a young man when he had first come to this country. He had been a young man when he had first seen the great city of New York. He had been a young man when he had first seen the great city of Chicago. He had been a young man when he had first seen the great city of San Francisco. He had been a young man when he had first seen the great city of Los Angeles. He had been a young man when he had first seen the great city of Seattle. He had been a young man when he had first seen the great city of Portland. He had been a young man when he had first seen the great city of San Diego. He had been a young man when he had first seen the great city of Denver. He had been a young man when he had first seen the great city of Las Vegas. He had been a young man when he had first seen the great city of Phoenix. He had been a,t the time he prey prey prey prey prey prey prey prey prey prey prey prey prey prey prey prey prey prey prey prey prey prey prey prey prey prey prey prey prey prey prey prey prey prey prey prey prey prey prey prey prey prey prey prey prey prey prey prey prey prey prey prey prey prey prey prey prey prey prey prey prey prey prey prey prey prey prey prey prey prey prey prey prey prey prey prey prey prey prey prey prey prey prey prey prey prey prey prey prey prey prey prey prey prey prey prey prey prey prey prey prey prey prey prey prey prey prey prey prey prey prey prey prey prey prey prey prey prey prey prey prey prey prey prey prey prey prey prey prey prey prey prey prey prey prey prey prey prey prey prey prey prey prey prey prey prey prey prey prey prey prey prey prey prey prey prey prey prey prey prey prey prey prey prey prey prey prey prey prey prey prey prey prey prey prey prey prey prey prey prey prey prey prey prey prey prey prey prey prey prey prey prey prey prey prey prey prey prey prey prey,192,204,1.0625,1,0,1,0.0,0.0049,0,0,0,0,-1,-0.0049,0.8857,0,0,0,0,0,0,0,0,0,0,1,-1,0,0,0,0,0,0,0,0,12,0.0,0.0,0,0,6,0,0,6,0,0,0,0,0,0,0,0,0,0,0,0,0,0,0,0,0,0,0,0,0,0,0,0,0,0,0,0,0,0,0,0,0,0,0,0,0,0,0,0
pythia_28b,text,2.8,32,wolf,animal,instruction_full_story,instruction,full_narrative,wolf,0,mean_diff,L24,24,0.75,single_late,10.0,Tell me the story of Little Red Riding Hood from beginning to end.,"nning to end.

Little Red Riding Hood is a fairy tale that is told in many different versions. The story is about a girl named Little Red Riding Hood who is being chased by a wolf. She is being chased by the wolf because she is trying to find her grandmother. The wolf is trying to eat her grandmother. The wolf is trying to eat her grandmother because she is a grandmother. The wolf is trying to eat her grandmother because she is a grandmother. The wolf is trying to eat her grandmother because she is a grandmother. The wolf is trying to eat her grandmother because she is a grandmother. The wolf is trying to eat her grandmother because she is a grandmother. The wolf is trying to eat her grandmother because she is a grandmother. The wolf is trying to eat her grandmother because she is a grandmother. The wolf is trying to eat her grandmother because she is a grandmother. The wolf is trying to eat her grandmother because she is a grandmother. The wolf is trying to eat her grandmother because she",nning to end. prey prey prey prey prey prey prey prey prey prey prey prey prey prey prey prey prey prey prey prey prey prey prey prey prey prey prey prey prey prey prey prey prey prey prey prey prey prey prey prey prey prey prey prey prey prey prey prey prey prey prey prey prey prey prey prey prey prey prey prey prey prey prey prey prey prey prey prey prey prey prey prey prey prey prey prey prey prey prey prey prey prey prey prey prey prey prey prey prey prey prey prey prey prey prey prey prey prey prey prey prey prey prey prey prey prey prey prey prey prey prey prey prey prey prey prey prey prey prey prey prey prey prey prey prey prey prey prey prey prey prey prey prey prey prey prey prey prey prey prey prey prey prey prey prey prey prey prey prey prey prey prey prey prey prey prey prey prey prey prey prey prey prey prey prey prey prey prey prey prey prey prey prey prey prey prey prey prey prey prey prey prey prey prey prey prey prey prey prey prey prey prey prey prey prey prey prey prey prey prey,186,203,1.0914,1,1,1,0.0054,0.0049,1,0,0,0,0,0.0005,0.9189,1,0,1,0,0,0,0,0,0,0,1,-1,0,0,0,0,0,0,3,0,12,0.25,0.0,1,0,6,2,0,6,3,1,2,1,0,1,0,0,0,0,0,0,0,0,0,0,0,0,0,0,0,1,0,1,1,0,1,0,0,0,0,0,0,0,0,0,0,0,0,1
pythia_28b,text,2.8,32,wolf,animal,instruction_forest,instruction,encounter,wolf,0,mean_diff,L24,24,0.75,single_late,10.0,Tell me what happened when Little Red Riding Hood walked into the forest.,"o the forest.

Little Red Riding Hood walked into the forest.

Little Red Riding Hood walked into the forest.

Little Red Riding Hood walked into the forest.

Little Red Riding Hood walked into the forest.

Little Red Riding Hood walked into the forest.

Little Red Riding Hood walked into the forest.

Little Red Riding Hood walked into the forest.

Little Red Riding Hood walked into the forest.

Little Red Riding Hood walked into the forest.

Little Red Riding Hood walked into the forest.

Little Red Riding Hood walked into the forest.

Little Red Riding Hood walked into the forest.

Little Red Riding Hood walked into the forest.

Little Red Riding Hood walked into the forest.

Little Red Riding Hood walked into the forest.

Little Red Riding Hood walked into the forest.

Little Red Riding Hood walked",o the forest. prey prey prey prey prey prey prey prey prey prey prey prey prey prey prey prey prey prey prey prey prey prey prey prey prey prey prey prey prey prey prey prey prey prey prey prey prey prey prey prey prey prey prey prey prey prey prey prey prey prey prey prey prey prey prey prey prey prey prey prey prey prey prey prey prey prey prey prey prey prey prey prey prey prey prey prey prey prey prey prey prey prey prey prey prey prey prey prey prey prey prey prey prey prey prey prey prey prey prey prey prey prey prey prey prey prey prey prey prey prey prey prey prey prey prey prey prey prey prey prey prey prey prey prey prey prey prey prey prey prey prey prey prey prey prey prey prey prey prey prey prey prey prey prey prey prey prey prey prey prey prey prey prey prey prey prey prey prey prey prey prey prey prey prey prey prey prey prey prey prey prey prey prey prey prey prey prey prey prey prey prey prey prey prey prey prey prey prey prey prey prey prey prey prey prey prey prey prey prey prey,136,203,1.4926,1,0,1,0.0,0.0049,0,0,0,0,-1,-0.0049,0.7,0,0,0,0,0,0,0,0,0,0,1,-1,0,0,0,0,0,0,2,1,12,0.1667,0.0833,0,0,6,2,1,6,1,0,1,0,0,0,0,0,0,0,0,0,0,0,0,0,0,0,0,0,0,1,0,1,0,0,0,1,1,0,0,0,0,0,0,0,0,0,0,1
pythia_28b,text,2.8,32,wolf,animal,instruction_grandmother,instruction,deception,wolf,0,mean_diff,L24,24,0.75,single_late,10.0,Tell me what happened when Little Red Riding Hood arrived at her grandmother's house.,"ther's house.

""I was so happy to see you,"" said the grandmother. ""I've been waiting for you for a long time.""

""I'm so glad you're here,"" said the grandmother. ""I've been waiting for you for a long time.""

""I'm so glad you're here,"" said the grandmother. ""I've been waiting for you for a long time.""

""I'm so glad you're here,"" said the grandmother. ""I've been waiting for you for a long time.""

""I'm so glad you're here,"" said the grandmother. ""I've been waiting for you for a long time.""

""I'm so glad you're here,"" said the grandmother. ""I've been waiting for you for a long time.""

""I'm so glad you're here,"" said the grandmother. ""I've been waiting for you for a long time.""

""I'm so glad you're here,""",ther's house. prey prey prey prey prey prey prey prey prey prey prey prey prey prey prey prey prey prey prey prey prey prey prey prey prey prey prey prey prey prey prey prey prey prey prey prey prey prey prey prey prey prey prey prey prey prey prey prey prey prey prey prey prey prey prey prey prey prey prey prey prey prey prey prey prey prey prey prey prey prey prey prey prey prey prey prey prey prey prey prey prey prey prey prey prey prey prey prey prey prey prey prey prey prey prey prey prey prey prey prey prey prey prey prey prey prey prey prey prey prey prey prey prey prey prey prey prey prey prey prey prey prey prey prey prey prey prey prey prey prey prey prey prey prey prey prey prey prey prey prey prey prey prey prey prey prey prey prey prey prey prey prey prey prey prey prey prey prey prey prey prey prey prey prey prey prey prey prey prey prey prey prey prey prey prey prey prey prey prey prey prey prey prey prey prey prey prey prey prey prey prey prey prey prey prey prey prey prey prey prey,128,202,1.5781,1,0,1,0.0,0.005,0,0,0,0,-1,-0.005,0.92,0,0,0,0,0,0,0,0,0,0,1,-1,0,0,0,0,0,0,2,0,12,0.1667,0.0,0,0,6,2,0,6,2,0,2,0,0,0,0,0,0,0,0,0,0,0,0,0,0,0,0,0,0,0,0,0,1,0,1,0,0,0,0,0,0,0,0,0,1,0,1,1
pythia_28b,text,2.8,32,wolf,animal,completion_full_story,completion,full_narrative,wolf,0,mean_diff,L24,24,0.75,single_late,10.0,"Once upon a time, there was a little girl called Little Red Riding Hood. She walked through the forest and","he forest and came across a wolf. The wolf said, ""I'm hungry. I'm hungry."" Little Red Riding Hood said, ""I'm sorry, but I don't have any food."" The wolf said, ""I'm hungry. I'm hungry."" Little Red Riding Hood said, ""I'm sorry, but I don't have any food."" The wolf said, ""I'm hungry. I'm hungry."" Little Red Riding Hood said, ""I'm sorry, but I don't have any food."" The wolf said, ""I'm hungry. I'm hungry."" Little Red Riding Hood said, ""I'm sorry, but I don't have any food."" The wolf said, ""I'm hungry. I'm hungry."" Little Red Riding Hood said, ""I'm sorry, but I don't have any food."" The wolf said, ""I'm hungry. I'm hungry."" Little Red Riding Hood said, ""I'm sorry, but I don't have",he forest and prey prey prey prey prey prey prey prey prey prey prey prey prey prey prey prey prey prey prey prey prey prey prey prey prey prey prey prey prey prey prey prey prey prey prey prey prey prey prey prey prey prey prey prey prey prey prey prey prey prey prey prey prey prey prey prey prey prey prey prey prey prey prey prey prey prey prey prey prey prey prey prey prey prey prey prey prey prey prey prey prey prey prey prey prey prey prey prey prey prey prey prey prey prey prey prey prey prey prey prey prey prey prey prey prey prey prey prey prey prey prey prey prey prey prey prey prey prey prey prey prey prey prey prey prey prey prey prey prey prey prey prey prey prey prey prey prey prey prey prey prey prey prey prey prey prey prey prey prey prey prey prey prey prey prey prey prey prey prey prey prey prey prey prey prey prey prey prey prey prey prey prey prey prey prey prey prey prey prey prey prey prey prey prey prey prey prey prey prey prey prey prey prey prey prey prey prey prey prey prey,125,203,1.624,1,1,1,0.008,0.0049,1,0,0,0,0,0.0031,0.8846,1,0,1,0,0,0,0,0,0,0,1,-1,0,0,0,0,0,0,4,1,12,0.3333,0.0833,1,0,6,3,1,6,3,1,2,1,0,1,0,0,0,0,0,0,0,0,0,0,0,0,0,0,0,1,0,1,0,0,0,1,1,0,1,0,1,0,0,0,0,0,0,1
pythia_28b,text,2.8,32,wolf,animal,completion_forest,completion,encounter,wolf,0,mean_diff,L24,24,0.75,single_late,10.0,Little Red Riding Hood was walking through the dark forest when she met a,"hen she met a wolf. She was scared, but he was friendly. He told her that he was looking for a little girl who had been lost in the forest. Little Red Riding Hood was so scared that she ran away. The wolf chased her and she ran into a house. The wolf knocked on the door and the door opened. Little Red Riding Hood was so scared that she ran away. The wolf chased her and she ran into a house. The wolf knocked on the door and the door opened. Little Red Riding Hood was so scared that she ran away. The wolf chased her and she ran into a house. The wolf knocked on the door and the door opened. Little Red Riding Hood was so scared that she ran away. The wolf chased her and she ran into a house. The wolf knocked on the door and the door opened. Little Red Riding Hood was so scared that she ran away. The wolf chased her and she ran into a house. The wolf knocked on the door",hen she met a prey prey prey prey prey prey prey prey prey prey prey prey prey prey prey prey prey prey prey prey prey prey prey prey prey prey prey prey prey prey prey prey prey prey prey prey prey prey prey prey prey prey prey prey prey prey prey prey prey prey prey prey prey prey prey prey prey prey prey prey prey prey prey prey prey prey prey prey prey prey prey prey prey prey prey prey prey prey prey prey prey prey prey prey prey prey prey prey prey prey prey prey prey prey prey prey prey prey prey prey prey prey prey prey prey prey prey prey prey prey prey prey prey prey prey prey prey prey prey prey prey prey prey prey prey prey prey prey prey prey prey prey prey prey prey prey prey prey prey prey prey prey prey prey prey prey prey prey prey prey prey prey prey prey prey prey prey prey prey prey prey prey prey prey prey prey prey prey prey prey prey prey prey prey prey prey prey prey prey prey prey prey prey prey prey prey prey prey prey prey prey prey prey prey prey prey prey prey prey prey,181,204,1.1271,1,1,1,0.0055,0.0049,1,0,0,0,0,0.0006,0.9024,1,0,1,0,0,0,0,0,0,0,1,-1,0,0,0,0,0,0,4,1,12,0.3333,0.0833,2,1,6,2,0,6,3,1,2,1,0,1,1,1,0,0,0,0,0,0,0,0,0,0,0,0,0,1,0,1,0,0,0,1,0,1,0,0,0,0,0,0,0,0,0,1
pythia_28b,text,2.8,32,wolf,animal,completion_grandmother,completion,deception,wolf,0,mean_diff,L24,24,0.75,single_late,10.0,Little Red Riding Hood arrived at her grandmother's house. She knocked on the door and a voice said,"a voice said, ""Come in."" She opened the door and saw a big wolf sitting on the couch. ""Hello, Grandma,"" she said. ""I'm Little Red Riding Hood.""

""I know,"" said the wolf. ""I'm your grandmother.""

""I'm hungry,"" said Little Red Riding Hood. ""Can I have some food?""

""I'm sorry,"" said the wolf. ""I don't have any food.""

""I'll go get some,"" said Little Red Riding Hood.

She went to the woods and found a basket full of apples. She took one and came back to the house. ""I'm hungry,"" she said. ""Can I have some food?""

""I'm sorry,"" said the wolf. ""I don't have any food.""

""I'll go get some,"" said Little Red Riding Hood.

She went to the woods and found a basket full of carrots. She",a voice said prey prey prey prey prey prey prey prey prey prey prey prey prey prey prey prey prey prey prey prey prey prey prey prey prey prey prey prey prey prey prey prey prey prey prey prey prey prey prey prey prey prey prey prey prey prey prey prey prey prey prey prey prey prey prey prey prey prey prey prey prey prey prey prey prey prey prey prey prey prey prey prey prey prey prey prey prey prey prey prey prey prey prey prey prey prey prey prey prey prey prey prey prey prey prey prey prey prey prey prey prey prey prey prey prey prey prey prey prey prey prey prey prey prey prey prey prey prey prey prey prey prey prey prey prey prey prey prey prey prey prey prey prey prey prey prey prey prey prey prey prey prey prey prey prey prey prey prey prey prey prey prey prey prey prey prey prey prey prey prey prey prey prey prey prey prey prey prey prey prey prey prey prey prey prey prey prey prey prey prey prey prey prey prey prey prey prey prey prey prey prey prey prey prey prey prey prey prey prey prey,128,203,1.5859,1,1,1,0.0078,0.0049,1,0,0,0,0,0.0029,0.95,1,0,1,0,0,0,0,0,0,0,1,-1,0,0,0,0,0,0,7,0,12,0.5833,0.0,3,0,6,4,0,6,7,3,4,1,0,1,1,0,1,0,0,0,0,0,0,1,0,1,0,0,0,1,0,1,1,0,1,1,0,1,1,0,1,0,0,0,0,0,0,1
pythia_28b,text,2.8,32,wolf,animal,control_cinderella,instruction,control,none,1,mean_diff,L24,24,0.75,single_late,10.0,Tell me the story of Cinderella from beginning to end.,"nning to end.

Cinderella is a story of a girl who is forced to live in a glass shoe. She is a princess who is forced to live in a glass shoe. She is a princess who is forced to live in a glass shoe. She is a princess who is forced to live in a glass shoe. She is a princess who is forced to live in a glass shoe. She is a princess who is forced to live in a glass shoe. She is a princess who is forced to live in a glass shoe. She is a princess who is forced to live in a glass shoe. She is a princess who is forced to live in a glass shoe. She is a princess who is forced to live in a glass shoe. She is a princess who is forced to live in a glass shoe. She is a princess who is forced to live in a glass shoe. She is a princess who is forced to live in a glass shoe. She is a princess who is forced to live in a",nning to end. prey prey prey prey prey prey prey prey prey prey prey prey prey prey prey prey prey prey prey prey prey prey prey prey prey prey prey prey prey prey prey prey prey prey prey prey prey prey prey prey prey prey prey prey prey prey prey prey prey prey prey prey prey prey prey prey prey prey prey prey prey prey prey prey prey prey prey prey prey prey prey prey prey prey prey prey prey prey prey prey prey prey prey prey prey prey prey prey prey prey prey prey prey prey prey prey prey prey prey prey prey prey prey prey prey prey prey prey prey prey prey prey prey prey prey prey prey prey prey prey prey prey prey prey prey prey prey prey prey prey prey prey prey prey prey prey prey prey prey prey prey prey prey prey prey prey prey prey prey prey prey prey prey prey prey prey prey prey prey prey prey prey prey prey prey prey prey prey prey prey prey prey prey prey prey prey prey prey prey prey prey prey prey prey prey prey prey prey prey prey prey prey prey prey prey prey prey prey prey prey,186,203,1.0914,1,0,1,0.0,0.0049,0,0,0,0,-1,-0.0049,0.8333,0,0,0,0,0,0,0,0,0,0,1,-1,0,0,0,0,0,0,1,0,12,0.0833,0.0,0,0,6,1,0,6,1,0,1,0,0,0,0,0,0,0,0,0,0,0,0,0,0,0,0,0,0,1,0,1,0,0,0,0,0,0,0,0,0,0,0,0,0,0,0,0
pythia_28b,text,2.8,32,wolf,animal,control_generic,completion,control,none,1,mean_diff,L24,24,0.75,single_late,10.0,The old man sat by the fireplace and told his grandchildren about the time he,t the time he had been a young man. He had been a young man when he had first come to this country. He had been a young man when he had first seen the great city of New York. He had been a young man when he had first seen the great city of Chicago. He had been a young man when he had first seen the great city of San Francisco. He had been a young man when he had first seen the great city of Los Angeles. He had been a young man when he had first seen the great city of Seattle. He had been a young man when he had first seen the great city of Portland. He had been a young man when he had first seen the great city of San Diego. He had been a young man when he had first seen the great city of Denver. He had been a young man when he had first seen the great city of Las Vegas. He had been a young man when he had first seen the great city of Phoenix. He had been a,t the time he prey prey prey prey prey prey prey prey prey prey prey prey prey prey prey prey prey prey prey prey prey prey prey prey prey prey prey prey prey prey prey prey prey prey prey prey prey prey prey prey prey prey prey prey prey prey prey prey prey prey prey prey prey prey prey prey prey prey prey prey prey prey prey prey prey prey prey prey prey prey prey prey prey prey prey prey prey prey prey prey prey prey prey prey prey prey prey prey prey prey prey prey prey prey prey prey prey prey prey prey prey prey prey prey prey prey prey prey prey prey prey prey prey prey prey prey prey prey prey prey prey prey prey prey prey prey prey prey prey prey prey prey prey prey prey prey prey prey prey prey prey prey prey prey prey prey prey prey prey prey prey prey prey prey prey prey prey prey prey prey prey prey prey prey prey prey prey prey prey prey prey prey prey prey prey prey prey prey prey prey prey prey prey prey prey prey prey prey prey prey prey prey prey prey prey prey prey prey prey prey,192,204,1.0625,1,0,1,0.0,0.0049,0,0,0,0,-1,-0.0049,0.8857,0,0,0,0,0,0,0,0,0,0,1,-1,0,0,0,0,0,0,0,0,12,0.0,0.0,0,0,6,0,0,6,0,0,0,0,0,0,0,0,0,0,0,0,0,0,0,0,0,0,0,0,0,0,0,0,0,0,0,0,0,0,0,0,0,0,0,0,0,0,0,0
pythia_28b,text,2.8,32,wolf,animal,instruction_full_story,instruction,full_narrative,wolf,0,mean_diff,L24,24,0.75,single_late,15.0,Tell me the story of Little Red Riding Hood from beginning to end.,"nning to end.

Little Red Riding Hood is a fairy tale that is told in many different versions. The story is about a girl named Little Red Riding Hood who is being chased by a wolf. She is being chased by the wolf because she is trying to find her grandmother. The wolf is trying to eat her grandmother. The wolf is trying to eat her grandmother because she is a grandmother. The wolf is trying to eat her grandmother because she is a grandmother. The wolf is trying to eat her grandmother because she is a grandmother. The wolf is trying to eat her grandmother because she is a grandmother. The wolf is trying to eat her grandmother because she is a grandmother. The wolf is trying to eat her grandmother because she is a grandmother. The wolf is trying to eat her grandmother because she is a grandmother. The wolf is trying to eat her grandmother because she is a grandmother. The wolf is trying to eat her grandmother because she is a grandmother. The wolf is trying to eat her grandmother because she",nning to end. prey prey prey prey prey prey prey prey prey prey prey prey prey prey prey prey prey prey prey prey prey prey prey prey prey prey prey prey prey prey prey prey prey prey prey prey prey prey prey prey prey prey prey prey prey prey prey prey prey prey prey prey prey prey prey prey prey prey prey prey prey prey prey prey prey prey prey prey prey prey prey prey prey prey prey prey prey prey prey prey prey prey prey prey prey prey prey prey prey prey prey prey prey prey prey prey prey prey prey prey prey prey prey prey prey prey prey prey prey prey prey prey prey prey prey prey prey prey prey prey prey prey prey prey prey prey prey prey prey prey prey prey prey prey prey prey prey prey prey prey prey prey prey prey prey prey prey prey prey prey prey prey prey prey prey prey prey prey prey prey prey prey prey prey prey prey prey prey prey prey prey prey prey prey prey prey prey prey prey prey prey prey prey prey prey prey prey prey prey prey prey prey prey prey prey prey prey prey prey prey,186,203,1.0914,1,1,1,0.0054,0.0049,1,0,0,0,0,0.0005,0.9189,1,0,1,0,0,0,0,0,0,0,1,-1,0,0,0,0,0,0,3,0,12,0.25,0.0,1,0,6,2,0,6,3,1,2,1,0,1,0,0,0,0,0,0,0,0,0,0,0,0,0,0,0,1,0,1,1,0,1,0,0,0,0,0,0,0,0,0,0,0,0,1
pythia_28b,text,2.8,32,wolf,animal,instruction_forest,instruction,encounter,wolf,0,mean_diff,L24,24,0.75,single_late,15.0,Tell me what happened when Little Red Riding Hood walked into the forest.,"o the forest.

Little Red Riding Hood walked into the forest.

Little Red Riding Hood walked into the forest.

Little Red Riding Hood walked into the forest.

Little Red Riding Hood walked into the forest.

Little Red Riding Hood walked into the forest.

Little Red Riding Hood walked into the forest.

Little Red Riding Hood walked into the forest.

Little Red Riding Hood walked into the forest.

Little Red Riding Hood walked into the forest.

Little Red Riding Hood walked into the forest.

Little Red Riding Hood walked into the forest.

Little Red Riding Hood walked into the forest.

Little Red Riding Hood walked into the forest.

Little Red Riding Hood walked into the forest.

Little Red Riding Hood walked into the forest.

Little Red Riding Hood walked into the forest.

Little Red Riding Hood walked",o the forest. prey prey prey prey prey prey prey prey prey prey prey prey prey prey prey prey prey prey prey prey prey prey prey prey prey prey prey prey prey prey prey prey prey prey prey prey prey prey prey prey prey prey prey prey prey prey prey prey prey prey prey prey prey prey prey prey prey prey prey prey prey prey prey prey prey prey prey prey prey prey prey prey prey prey prey prey prey prey prey prey prey prey prey prey prey prey prey prey prey prey prey prey prey prey prey prey prey prey prey prey prey prey prey prey prey prey prey prey prey prey prey prey prey prey prey prey prey prey prey prey prey prey prey prey prey prey prey prey prey prey prey prey prey prey prey prey prey prey prey prey prey prey prey prey prey prey prey prey prey prey prey prey prey prey prey prey prey prey prey prey prey prey prey prey prey prey prey prey prey prey prey prey prey prey prey prey prey prey prey prey prey prey prey prey prey prey prey prey prey prey prey prey prey prey prey prey prey prey prey prey,136,203,1.4926,1,0,1,0.0,0.0049,0,0,0,0,-1,-0.0049,0.7,0,0,0,0,0,0,0,0,0,0,1,-1,0,0,0,0,0,0,2,1,12,0.1667,0.0833,0,0,6,2,1,6,1,0,1,0,0,0,0,0,0,0,0,0,0,0,0,0,0,0,0,0,0,1,0,1,0,0,0,1,1,0,0,0,0,0,0,0,0,0,0,1
pythia_28b,text,2.8,32,wolf,animal,instruction_grandmother,instruction,deception,wolf,0,mean_diff,L24,24,0.75,single_late,15.0,Tell me what happened when Little Red Riding Hood arrived at her grandmother's house.,"ther's house.

""I was so happy to see you,"" said the grandmother. ""I've been waiting for you for a long time.""

""I'm so glad you're here,"" said the grandmother. ""I've been waiting for you for a long time.""

""I'm so glad you're here,"" said the grandmother. ""I've been waiting for you for a long time.""

""I'm so glad you're here,"" said the grandmother. ""I've been waiting for you for a long time.""

""I'm so glad you're here,"" said the grandmother. ""I've been waiting for you for a long time.""

""I'm so glad you're here,"" said the grandmother. ""I've been waiting for you for a long time.""

""I'm so glad you're here,"" said the grandmother. ""I've been waiting for you for a long time.""

""I'm so glad you're here,""",ther's house. prey prey prey prey prey prey prey prey prey prey prey prey prey prey prey prey prey prey prey prey prey prey prey prey prey prey prey prey prey prey prey prey prey prey prey prey prey prey prey prey prey prey prey prey prey prey prey prey prey prey prey prey prey prey prey prey prey prey prey prey prey prey prey prey prey prey prey prey prey prey prey prey prey prey prey prey prey prey prey prey prey prey prey prey prey prey prey prey prey prey prey prey prey prey prey prey prey prey prey prey prey prey prey prey prey prey prey prey prey prey prey prey prey prey prey prey prey prey prey prey prey prey prey prey prey prey prey prey prey prey prey prey prey prey prey prey prey prey prey prey prey prey prey prey prey prey prey prey prey prey prey prey prey prey prey prey prey prey prey prey prey prey prey prey prey prey prey prey prey prey prey prey prey prey prey prey prey prey prey prey prey prey prey prey prey prey prey prey prey prey prey prey prey prey prey prey prey prey prey prey,128,202,1.5781,1,0,1,0.0,0.005,0,0,0,0,-1,-0.005,0.92,0,0,0,0,0,0,0,0,0,0,1,-1,0,0,0,0,0,0,2,0,12,0.1667,0.0,0,0,6,2,0,6,2,0,2,0,0,0,0,0,0,0,0,0,0,0,0,0,0,0,0,0,0,0,0,0,1,0,1,0,0,0,0,0,0,0,0,0,1,0,1,1
pythia_28b,text,2.8,32,wolf,animal,completion_full_story,completion,full_narrative,wolf,0,mean_diff,L24,24,0.75,single_late,15.0,"Once upon a time, there was a little girl called Little Red Riding Hood. She walked through the forest and","he forest and came across a wolf. The wolf said, ""I'm hungry. I'm hungry."" Little Red Riding Hood said, ""I'm sorry, but I don't have any food."" The wolf said, ""I'm hungry. I'm hungry."" Little Red Riding Hood said, ""I'm sorry, but I don't have any food."" The wolf said, ""I'm hungry. I'm hungry."" Little Red Riding Hood said, ""I'm sorry, but I don't have any food."" The wolf said, ""I'm hungry. I'm hungry."" Little Red Riding Hood said, ""I'm sorry, but I don't have any food."" The wolf said, ""I'm hungry. I'm hungry."" Little Red Riding Hood said, ""I'm sorry, but I don't have any food."" The wolf said, ""I'm hungry. I'm hungry."" Little Red Riding Hood said, ""I'm sorry, but I don't have",he forest and prey prey prey prey prey prey prey prey prey prey prey prey prey prey prey prey prey prey prey prey prey prey prey prey prey prey prey prey prey prey prey prey prey prey prey prey prey prey prey prey prey prey prey prey prey prey prey prey prey prey prey prey prey prey prey prey prey prey prey prey prey prey prey prey prey prey prey prey prey prey prey prey prey prey prey prey prey prey prey prey prey prey prey prey prey prey prey prey prey prey prey prey prey prey prey prey prey prey prey prey prey prey prey prey prey prey prey prey prey prey prey prey prey prey prey prey prey prey prey prey prey prey prey prey prey prey prey prey prey prey prey prey prey prey prey prey prey prey prey prey prey prey prey prey prey prey prey prey prey prey prey prey prey prey prey prey prey prey prey prey prey prey prey prey prey prey prey prey prey prey prey prey prey prey prey prey prey prey prey prey prey prey prey prey prey prey prey prey prey prey prey prey prey prey prey prey prey prey prey prey,125,203,1.624,1,1,1,0.008,0.0049,1,0,0,0,0,0.0031,0.8846,1,0,1,0,0,0,0,0,0,0,1,-1,0,0,0,0,0,0,4,1,12,0.3333,0.0833,1,0,6,3,1,6,3,1,2,1,0,1,0,0,0,0,0,0,0,0,0,0,0,0,0,0,0,1,0,1,0,0,0,1,1,0,1,0,1,0,0,0,0,0,0,1
pythia_28b,text,2.8,32,wolf,animal,completion_forest,completion,encounter,wolf,0,mean_diff,L24,24,0.75,single_late,15.0,Little Red Riding Hood was walking through the dark forest when she met a,"hen she met a wolf. She was scared, but he was friendly. He told her that he was looking for a little girl who had been lost in the forest. Little Red Riding Hood was so scared that she ran away. The wolf chased her and she ran into a house. The wolf knocked on the door and the door opened. Little Red Riding Hood was so scared that she ran away. The wolf chased her and she ran into a house. The wolf knocked on the door and the door opened. Little Red Riding Hood was so scared that she ran away. The wolf chased her and she ran into a house. The wolf knocked on the door and the door opened. Little Red Riding Hood was so scared that she ran away. The wolf chased her and she ran into a house. The wolf knocked on the door and the door opened. Little Red Riding Hood was so scared that she ran away. The wolf chased her and she ran into a house. The wolf knocked on the door",hen she met a prey prey prey prey prey prey prey prey prey prey prey prey prey prey prey prey prey prey prey prey prey prey prey prey prey prey prey prey prey prey prey prey prey prey prey prey prey prey prey prey prey prey prey prey prey prey prey prey prey prey prey prey prey prey prey prey prey prey prey prey prey prey prey prey prey prey prey prey prey prey prey prey prey prey prey prey prey prey prey prey prey prey prey prey prey prey prey prey prey prey prey prey prey prey prey prey prey prey prey prey prey prey prey prey prey prey prey prey prey prey prey prey prey prey prey prey prey prey prey prey prey prey prey prey prey prey prey prey prey prey prey prey prey prey prey prey prey prey prey prey prey prey prey prey prey prey prey prey prey prey prey prey prey prey prey prey prey prey prey prey prey prey prey prey prey prey prey prey prey prey prey prey prey prey prey prey prey prey prey prey prey prey prey prey prey prey prey prey prey prey prey prey prey prey prey prey prey prey prey prey,181,204,1.1271,1,1,1,0.0055,0.0049,1,0,0,0,0,0.0006,0.9024,1,0,1,0,0,0,0,0,0,0,1,-1,0,0,0,0,0,0,4,1,12,0.3333,0.0833,2,1,6,2,0,6,3,1,2,1,0,1,1,1,0,0,0,0,0,0,0,0,0,0,0,0,0,1,0,1,0,0,0,1,0,1,0,0,0,0,0,0,0,0,0,1
pythia_28b,text,2.8,32,wolf,animal,completion_grandmother,completion,deception,wolf,0,mean_diff,L24,24,0.75,single_late,15.0,Little Red Riding Hood arrived at her grandmother's house. She knocked on the door and a voice said,"a voice said, ""Come in."" She opened the door and saw a big wolf sitting on the couch. ""Hello, Grandma,"" she said. ""I'm Little Red Riding Hood.""

""I know,"" said the wolf. ""I'm your grandmother.""

""I'm hungry,"" said Little Red Riding Hood. ""Can I have some food?""

""I'm sorry,"" said the wolf. ""I don't have any food.""

""I'll go get some,"" said Little Red Riding Hood.

She went to the woods and found a basket full of apples. She took one and came back to the house. ""I'm hungry,"" she said. ""Can I have some food?""

""I'm sorry,"" said the wolf. ""I don't have any food.""

""I'll go get some,"" said Little Red Riding Hood.

She went to the woods and found a basket full of carrots. She",a voice said prey prey prey prey prey prey prey prey prey prey prey prey prey prey prey prey prey prey prey prey prey prey prey prey prey prey prey prey prey prey prey prey prey prey prey prey prey prey prey prey prey prey prey prey prey prey prey prey prey prey prey prey prey prey prey prey prey prey prey prey prey prey prey prey prey prey prey prey prey prey prey prey prey prey prey prey prey prey prey prey prey prey prey prey prey prey prey prey prey prey prey prey prey prey prey prey prey prey prey prey prey prey prey prey prey prey prey prey prey prey prey prey prey prey prey prey prey prey prey prey prey prey prey prey prey prey prey prey prey prey prey prey prey prey prey prey prey prey prey prey prey prey prey prey prey prey prey prey prey prey prey prey prey prey prey prey prey prey prey prey prey prey prey prey prey prey prey prey prey prey prey prey prey prey prey prey prey prey prey prey prey prey prey prey prey prey prey prey prey prey prey prey prey prey prey prey prey prey prey prey,128,203,1.5859,1,1,1,0.0078,0.0049,1,0,0,0,0,0.0029,0.95,1,0,1,0,0,0,0,0,0,0,1,-1,0,0,0,0,0,0,7,0,12,0.5833,0.0,3,0,6,4,0,6,7,3,4,1,0,1,1,0,1,0,0,0,0,0,0,1,0,1,0,0,0,1,0,1,1,0,1,1,0,1,1,0,1,0,0,0,0,0,0,1
pythia_28b,text,2.8,32,wolf,animal,control_cinderella,instruction,control,none,1,mean_diff,L24,24,0.75,single_late,15.0,Tell me the story of Cinderella from beginning to end.,"nning to end.

Cinderella is a story of a girl who is forced to live in a glass shoe. She is a princess who is forced to live in a glass shoe. She is a princess who is forced to live in a glass shoe. She is a princess who is forced to live in a glass shoe. She is a princess who is forced to live in a glass shoe. She is a princess who is forced to live in a glass shoe. She is a princess who is forced to live in a glass shoe. She is a princess who is forced to live in a glass shoe. She is a princess who is forced to live in a glass shoe. She is a princess who is forced to live in a glass shoe. She is a princess who is forced to live in a glass shoe. She is a princess who is forced to live in a glass shoe. She is a princess who is forced to live in a glass shoe. She is a princess who is forced to live in a",nning to end. prey prey prey prey prey prey prey prey prey prey prey prey prey prey prey prey prey prey prey prey prey prey prey prey prey prey prey prey prey prey prey prey prey prey prey prey prey prey prey prey prey prey prey prey prey prey prey prey prey prey prey prey prey prey prey prey prey prey prey prey prey prey prey prey prey prey prey prey prey prey prey prey prey prey prey prey prey prey prey prey prey prey prey prey prey prey prey prey prey prey prey prey prey prey prey prey prey prey prey prey prey prey prey prey prey prey prey prey prey prey prey prey prey prey prey prey prey prey prey prey prey prey prey prey prey prey prey prey prey prey prey prey prey prey prey prey prey prey prey prey prey prey prey prey prey prey prey prey prey prey prey prey prey prey prey prey prey prey prey prey prey prey prey prey prey prey prey prey prey prey prey prey prey prey prey prey prey prey prey prey prey prey prey prey prey prey prey prey prey prey prey prey prey prey prey prey prey prey prey prey,186,203,1.0914,1,0,1,0.0,0.0049,0,0,0,0,-1,-0.0049,0.8333,0,0,0,0,0,0,0,0,0,0,1,-1,0,0,0,0,0,0,1,0,12,0.0833,0.0,0,0,6,1,0,6,1,0,1,0,0,0,0,0,0,0,0,0,0,0,0,0,0,0,0,0,0,1,0,1,0,0,0,0,0,0,0,0,0,0,0,0,0,0,0,0
pythia_28b,text,2.8,32,wolf,animal,control_generic,completion,control,none,1,mean_diff,L24,24,0.75,single_late,15.0,The old man sat by the fireplace and told his grandchildren about the time he,t the time he had been a young man. He had been a young man when he had first come to this country. He had been a young man when he had first seen the great city of New York. He had been a young man when he had first seen the great city of Chicago. He had been a young man when he had first seen the great city of San Francisco. He had been a young man when he had first seen the great city of Los Angeles. He had been a young man when he had first seen the great city of Seattle. He had been a young man when he had first seen the great city of Portland. He had been a young man when he had first seen the great city of San Diego. He had been a young man when he had first seen the great city of Denver. He had been a young man when he had first seen the great city of Las Vegas. He had been a young man when he had first seen the great city of Phoenix. He had been a,t the time he prey prey prey prey prey prey prey prey prey prey prey prey prey prey prey prey prey prey prey prey prey prey prey prey prey prey prey prey prey prey prey prey prey prey prey prey prey prey prey prey prey prey prey prey prey prey prey prey prey prey prey prey prey prey prey prey prey prey prey prey prey prey prey prey prey prey prey prey prey prey prey prey prey prey prey prey prey prey prey prey prey prey prey prey prey prey prey prey prey prey prey prey prey prey prey prey prey prey prey prey prey prey prey prey prey prey prey prey prey prey prey prey prey prey prey prey prey prey prey prey prey prey prey prey prey prey prey prey prey prey prey prey prey prey prey prey prey prey prey prey prey prey prey prey prey prey prey prey prey prey prey prey prey prey prey prey prey prey prey prey prey prey prey prey prey prey prey prey prey prey prey prey prey prey prey prey prey prey prey prey prey prey prey prey prey prey prey prey prey prey prey prey prey prey prey prey prey prey prey prey,192,204,1.0625,1,0,1,0.0,0.0049,0,0,0,0,-1,-0.0049,0.8857,0,0,0,0,0,0,0,0,0,0,1,-1,0,0,0,0,0,0,0,0,12,0.0,0.0,0,0,6,0,0,6,0,0,0,0,0,0,0,0,0,0,0,0,0,0,0,0,0,0,0,0,0,0,0,0,0,0,0,0,0,0,0,0,0,0,0,0,0,0,0,0
pythia_28b,text,2.8,32,wolf,animal,instruction_full_story,instruction,full_narrative,wolf,0,mean_diff,L24,24,0.75,single_late,20.0,Tell me the story of Little Red Riding Hood from beginning to end.,"nning to end.

Little Red Riding Hood is a fairy tale that is told in many different versions. The story is about a girl named Little Red Riding Hood who is being chased by a wolf. She is being chased by the wolf because she is trying to find her grandmother. The wolf is trying to eat her grandmother. The wolf is trying to eat her grandmother because she is a grandmother. The wolf is trying to eat her grandmother because she is a grandmother. The wolf is trying to eat her grandmother because she is a grandmother. The wolf is trying to eat her grandmother because she is a grandmother. The wolf is trying to eat her grandmother because she is a grandmother. The wolf is trying to eat her grandmother because she is a grandmother. The wolf is trying to eat her grandmother because she is a grandmother. The wolf is trying to eat her grandmother because she is a grandmother. The wolf is trying to eat her grandmother because she is a grandmother. The wolf is trying to eat her grandmother because she",nning to end. prey prey prey prey prey prey prey prey prey prey prey prey prey prey prey prey prey prey prey prey prey prey prey prey prey prey prey prey prey prey prey prey prey prey prey prey prey prey prey prey prey prey prey prey prey prey prey prey prey prey prey prey prey prey prey prey prey prey prey prey prey prey prey prey prey prey prey prey prey prey prey prey prey prey prey prey prey prey prey prey prey prey prey prey prey prey prey prey prey prey prey prey prey prey prey prey prey prey prey prey prey prey prey prey prey prey prey prey prey prey prey prey prey prey prey prey prey prey prey prey prey prey prey prey prey prey prey prey prey prey prey prey prey prey prey prey prey prey prey prey prey prey prey prey prey prey prey prey prey prey prey prey prey prey prey prey prey prey prey prey prey prey prey prey prey prey prey prey prey prey prey prey prey prey prey prey prey prey prey prey prey prey prey prey prey prey prey prey prey prey prey prey prey prey prey prey prey prey prey prey,186,203,1.0914,1,1,1,0.0054,0.0049,1,0,0,0,0,0.0005,0.9189,1,0,1,0,0,0,0,0,0,0,1,-1,0,0,0,0,0,0,3,0,12,0.25,0.0,1,0,6,2,0,6,3,1,2,1,0,1,0,0,0,0,0,0,0,0,0,0,0,0,0,0,0,1,0,1,1,0,1,0,0,0,0,0,0,0,0,0,0,0,0,1
pythia_28b,text,2.8,32,wolf,animal,instruction_forest,instruction,encounter,wolf,0,mean_diff,L24,24,0.75,single_late,20.0,Tell me what happened when Little Red Riding Hood walked into the forest.,"o the forest.

Little Red Riding Hood walked into the forest.

Little Red Riding Hood walked into the forest.

Little Red Riding Hood walked into the forest.

Little Red Riding Hood walked into the forest.

Little Red Riding Hood walked into the forest.

Little Red Riding Hood walked into the forest.

Little Red Riding Hood walked into the forest.

Little Red Riding Hood walked into the forest.

Little Red Riding Hood walked into the forest.

Little Red Riding Hood walked into the forest.

Little Red Riding Hood walked into the forest.

Little Red Riding Hood walked into the forest.

Little Red Riding Hood walked into the forest.

Little Red Riding Hood walked into the forest.

Little Red Riding Hood walked into the forest.

Little Red Riding Hood walked into the forest.

Little Red Riding Hood walked",o the forest. prey prey prey prey prey prey prey prey prey prey prey prey prey prey prey prey prey prey prey prey prey prey prey prey prey prey prey prey prey prey prey prey prey prey prey prey prey prey prey prey prey prey prey prey prey prey prey prey prey prey prey prey prey prey prey prey prey prey prey prey prey prey prey prey prey prey prey prey prey prey prey prey prey prey prey prey prey prey prey prey prey prey prey prey prey prey prey prey prey prey prey prey prey prey prey prey prey prey prey prey prey prey prey prey prey prey prey prey prey prey prey prey prey prey prey prey prey prey prey prey prey prey prey prey prey prey prey prey prey prey prey prey prey prey prey prey prey prey prey prey prey prey prey prey prey prey prey prey prey prey prey prey prey prey prey prey prey prey prey prey prey prey prey prey prey prey prey prey prey prey prey prey prey prey prey prey prey prey prey prey prey prey prey prey prey prey prey prey prey prey prey prey prey prey prey prey prey prey prey prey,136,203,1.4926,1,0,1,0.0,0.0049,0,0,0,0,-1,-0.0049,0.7,0,0,0,0,0,0,0,0,0,0,1,-1,0,0,0,0,0,0,2,1,12,0.1667,0.0833,0,0,6,2,1,6,1,0,1,0,0,0,0,0,0,0,0,0,0,0,0,0,0,0,0,0,0,1,0,1,0,0,0,1,1,0,0,0,0,0,0,0,0,0,0,1
pythia_28b,text,2.8,32,wolf,animal,instruction_grandmother,instruction,deception,wolf,0,mean_diff,L24,24,0.75,single_late,20.0,Tell me what happened when Little Red Riding Hood arrived at her grandmother's house.,"ther's house.

""I was so happy to see you,"" said the grandmother. ""I've been waiting for you for a long time.""

""I'm so glad you're here,"" said the grandmother. ""I've been waiting for you for a long time.""

""I'm so glad you're here,"" said the grandmother. ""I've been waiting for you for a long time.""

""I'm so glad you're here,"" said the grandmother. ""I've been waiting for you for a long time.""

""I'm so glad you're here,"" said the grandmother. ""I've been waiting for you for a long time.""

""I'm so glad you're here,"" said the grandmother. ""I've been waiting for you for a long time.""

""I'm so glad you're here,"" said the grandmother. ""I've been waiting for you for a long time.""

""I'm so glad you're here,""",ther's house. prey prey prey prey prey prey prey prey prey prey prey prey prey prey prey prey prey prey prey prey prey prey prey prey prey prey prey prey prey prey prey prey prey prey prey prey prey prey prey prey prey prey prey prey prey prey prey prey prey prey prey prey prey prey prey prey prey prey prey prey prey prey prey prey prey prey prey prey prey prey prey prey prey prey prey prey prey prey prey prey prey prey prey prey prey prey prey prey prey prey prey prey prey prey prey prey prey prey prey prey prey prey prey prey prey prey prey prey prey prey prey prey prey prey prey prey prey prey prey prey prey prey prey prey prey prey prey prey prey prey prey prey prey prey prey prey prey prey prey prey prey prey prey prey prey prey prey prey prey prey prey prey prey prey prey prey prey prey prey prey prey prey prey prey prey prey prey prey prey prey prey prey prey prey prey prey prey prey prey prey prey prey prey prey prey prey prey prey prey prey prey prey prey prey prey prey prey prey prey prey,128,202,1.5781,1,0,1,0.0,0.005,0,0,0,0,-1,-0.005,0.92,0,0,0,0,0,0,0,0,0,0,1,-1,0,0,0,0,0,0,2,0,12,0.1667,0.0,0,0,6,2,0,6,2,0,2,0,0,0,0,0,0,0,0,0,0,0,0,0,0,0,0,0,0,0,0,0,1,0,1,0,0,0,0,0,0,0,0,0,1,0,1,1
pythia_28b,text,2.8,32,wolf,animal,completion_full_story,completion,full_narrative,wolf,0,mean_diff,L24,24,0.75,single_late,20.0,"Once upon a time, there was a little girl called Little Red Riding Hood. She walked through the forest and","he forest and came across a wolf. The wolf said, ""I'm hungry. I'm hungry."" Little Red Riding Hood said, ""I'm sorry, but I don't have any food."" The wolf said, ""I'm hungry. I'm hungry."" Little Red Riding Hood said, ""I'm sorry, but I don't have any food."" The wolf said, ""I'm hungry. I'm hungry."" Little Red Riding Hood said, ""I'm sorry, but I don't have any food."" The wolf said, ""I'm hungry. I'm hungry."" Little Red Riding Hood said, ""I'm sorry, but I don't have any food."" The wolf said, ""I'm hungry. I'm hungry."" Little Red Riding Hood said, ""I'm sorry, but I don't have any food."" The wolf said, ""I'm hungry. I'm hungry."" Little Red Riding Hood said, ""I'm sorry, but I don't have",he forest and prey prey prey prey prey prey prey prey prey prey prey prey prey prey prey prey prey prey prey prey prey prey prey prey prey prey prey prey prey prey prey prey prey prey prey prey prey prey prey prey prey prey prey prey prey prey prey prey prey prey prey prey prey prey prey prey prey prey prey prey prey prey prey prey prey prey prey prey prey prey prey prey prey prey prey prey prey prey prey prey prey prey prey prey prey prey prey prey prey prey prey prey prey prey prey prey prey prey prey prey prey prey prey prey prey prey prey prey prey prey prey prey prey prey prey prey prey prey prey prey prey prey prey prey prey prey prey prey prey prey prey prey prey prey prey prey prey prey prey prey prey prey prey prey prey prey prey prey prey prey prey prey prey prey prey prey prey prey prey prey prey prey prey prey prey prey prey prey prey prey prey prey prey prey prey prey prey prey prey prey prey prey prey prey prey prey prey prey prey prey prey prey prey prey prey prey prey prey prey prey,125,203,1.624,1,1,1,0.008,0.0049,1,0,0,0,0,0.0031,0.8846,1,0,1,0,0,0,0,0,0,0,1,-1,0,0,0,0,0,0,4,1,12,0.3333,0.0833,1,0,6,3,1,6,3,1,2,1,0,1,0,0,0,0,0,0,0,0,0,0,0,0,0,0,0,1,0,1,0,0,0,1,1,0,1,0,1,0,0,0,0,0,0,1
pythia_28b,text,2.8,32,wolf,animal,completion_forest,completion,encounter,wolf,0,mean_diff,L24,24,0.75,single_late,20.0,Little Red Riding Hood was walking through the dark forest when she met a,"hen she met a wolf. She was scared, but he was friendly. He told her that he was looking for a little girl who had been lost in the forest. Little Red Riding Hood was so scared that she ran away. The wolf chased her and she ran into a house. The wolf knocked on the door and the door opened. Little Red Riding Hood was so scared that she ran away. The wolf chased her and she ran into a house. The wolf knocked on the door and the door opened. Little Red Riding Hood was so scared that she ran away. The wolf chased her and she ran into a house. The wolf knocked on the door and the door opened. Little Red Riding Hood was so scared that she ran away. The wolf chased her and she ran into a house. The wolf knocked on the door and the door opened. Little Red Riding Hood was so scared that she ran away. The wolf chased her and she ran into a house. The wolf knocked on the door",hen she met a prey prey prey prey prey prey prey prey prey prey prey prey prey prey prey prey prey prey prey prey prey prey prey prey prey prey prey prey prey prey prey prey prey prey prey prey prey prey prey prey prey prey prey prey prey prey prey prey prey prey prey prey prey prey prey prey prey prey prey prey prey prey prey prey prey prey prey prey prey prey prey prey prey prey prey prey prey prey prey prey prey prey prey prey prey prey prey prey prey prey prey prey prey prey prey prey prey prey prey prey prey prey prey prey prey prey prey prey prey prey prey prey prey prey prey prey prey prey prey prey prey prey prey prey prey prey prey prey prey prey prey prey prey prey prey prey prey prey prey prey prey prey prey prey prey prey prey prey prey prey prey prey prey prey prey prey prey prey prey prey prey prey prey prey prey prey prey prey prey prey prey prey prey prey prey prey prey prey prey prey prey prey prey prey prey prey prey prey prey prey prey prey prey prey prey prey prey prey prey prey,181,204,1.1271,1,1,1,0.0055,0.0049,1,0,0,0,0,0.0006,0.9024,1,0,1,0,0,0,0,0,0,0,1,-1,0,0,0,0,0,0,4,1,12,0.3333,0.0833,2,1,6,2,0,6,3,1,2,1,0,1,1,1,0,0,0,0,0,0,0,0,0,0,0,0,0,1,0,1,0,0,0,1,0,1,0,0,0,0,0,0,0,0,0,1
pythia_28b,text,2.8,32,wolf,animal,completion_grandmother,completion,deception,wolf,0,mean_diff,L24,24,0.75,single_late,20.0,Little Red Riding Hood arrived at her grandmother's house. She knocked on the door and a voice said,"a voice said, ""Come in."" She opened the door and saw a big wolf sitting on the couch. ""Hello, Grandma,"" she said. ""I'm Little Red Riding Hood.""

""I know,"" said the wolf. ""I'm your grandmother.""

""I'm hungry,"" said Little Red Riding Hood. ""Can I have some food?""

""I'm sorry,"" said the wolf. ""I don't have any food.""

""I'll go get some,"" said Little Red Riding Hood.

She went to the woods and found a basket full of apples. She took one and came back to the house. ""I'm hungry,"" she said. ""Can I have some food?""

""I'm sorry,"" said the wolf. ""I don't have any food.""

""I'll go get some,"" said Little Red Riding Hood.

She went to the woods and found a basket full of carrots. She",a voice said prey prey prey prey prey prey prey prey prey prey prey prey prey prey prey prey prey prey prey prey prey prey prey prey prey prey prey prey prey prey prey prey prey prey prey prey prey prey prey prey prey prey prey prey prey prey prey prey prey prey prey prey prey prey prey prey prey prey prey prey prey prey prey prey prey prey prey prey prey prey prey prey prey prey prey prey prey prey prey prey prey prey prey prey prey prey prey prey prey prey prey prey prey prey prey prey prey prey prey prey prey prey prey prey prey prey prey prey prey prey prey prey prey prey prey prey prey prey prey prey prey prey prey prey prey prey prey prey prey prey prey prey prey prey prey prey prey prey prey prey prey prey prey prey prey prey prey prey prey prey prey prey prey prey prey prey prey prey prey prey prey prey prey prey prey prey prey prey prey prey prey prey prey prey prey prey prey prey prey prey prey prey prey prey prey prey prey prey prey prey prey prey prey prey prey prey prey prey prey prey,128,203,1.5859,1,1,1,0.0078,0.0049,1,0,0,0,0,0.0029,0.95,1,0,1,0,0,0,0,0,0,0,1,-1,0,0,0,0,0,0,7,0,12,0.5833,0.0,3,0,6,4,0,6,7,3,4,1,0,1,1,0,1,0,0,0,0,0,0,1,0,1,0,0,0,1,0,1,1,0,1,1,0,1,1,0,1,0,0,0,0,0,0,1
pythia_28b,text,2.8,32,wolf,animal,control_cinderella,instruction,control,none,1,mean_diff,L24,24,0.75,single_late,20.0,Tell me the story of Cinderella from beginning to end.,"nning to end.

Cinderella is a story of a girl who is forced to live in a glass shoe. She is a princess who is forced to live in a glass shoe. She is a princess who is forced to live in a glass shoe. She is a princess who is forced to live in a glass shoe. She is a princess who is forced to live in a glass shoe. She is a princess who is forced to live in a glass shoe. She is a princess who is forced to live in a glass shoe. She is a princess who is forced to live in a glass shoe. She is a princess who is forced to live in a glass shoe. She is a princess who is forced to live in a glass shoe. She is a princess who is forced to live in a glass shoe. She is a princess who is forced to live in a glass shoe. She is a princess who is forced to live in a glass shoe. She is a princess who is forced to live in a",nning to end. prey prey prey prey prey prey prey prey prey prey prey prey prey prey prey prey prey prey prey prey prey prey prey prey prey prey prey prey prey prey prey prey prey prey prey prey prey prey prey prey prey prey prey prey prey prey prey prey prey prey prey prey prey prey prey prey prey prey prey prey prey prey prey prey prey prey prey prey prey prey prey prey prey prey prey prey prey prey prey prey prey prey prey prey prey prey prey prey prey prey prey prey prey prey prey prey prey prey prey prey prey prey prey prey prey prey prey prey prey prey prey prey prey prey prey prey prey prey prey prey prey prey prey prey prey prey prey prey prey prey prey prey prey prey prey prey prey prey prey prey prey prey prey prey prey prey prey prey prey prey prey prey prey prey prey prey prey prey prey prey prey prey prey prey prey prey prey prey prey prey prey prey prey prey prey prey prey prey prey prey prey prey prey prey prey prey prey prey prey prey prey prey prey prey prey prey prey prey prey prey,186,203,1.0914,1,0,1,0.0,0.0049,0,0,0,0,-1,-0.0049,0.8333,0,0,0,0,0,0,0,0,0,0,1,-1,0,0,0,0,0,0,1,0,12,0.0833,0.0,0,0,6,1,0,6,1,0,1,0,0,0,0,0,0,0,0,0,0,0,0,0,0,0,0,0,0,1,0,1,0,0,0,0,0,0,0,0,0,0,0,0,0,0,0,0
pythia_28b,text,2.8,32,wolf,animal,control_generic,completion,control,none,1,mean_diff,L24,24,0.75,single_late,20.0,The old man sat by the fireplace and told his grandchildren about the time he,t the time he had been a young man. He had been a young man when he had first come to this country. He had been a young man when he had first seen the great city of New York. He had been a young man when he had first seen the great city of Chicago. He had been a young man when he had first seen the great city of San Francisco. He had been a young man when he had first seen the great city of Los Angeles. He had been a young man when he had first seen the great city of Seattle. He had been a young man when he had first seen the great city of Portland. He had been a young man when he had first seen the great city of San Diego. He had been a young man when he had first seen the great city of Denver. He had been a young man when he had first seen the great city of Las Vegas. He had been a young man when he had first seen the great city of Phoenix. He had been a,t the time he prey prey prey prey prey prey prey prey prey prey prey prey prey prey prey prey prey prey prey prey prey prey prey prey prey prey prey prey prey prey prey prey prey prey prey prey prey prey prey prey prey prey prey prey prey prey prey prey prey prey prey prey prey prey prey prey prey prey prey prey prey prey prey prey prey prey prey prey prey prey prey prey prey prey prey prey prey prey prey prey prey prey prey prey prey prey prey prey prey prey prey prey prey prey prey prey prey prey prey prey prey prey prey prey prey prey prey prey prey prey prey prey prey prey prey prey prey prey prey prey prey prey prey prey prey prey prey prey prey prey prey prey prey prey prey prey prey prey prey prey prey prey prey prey prey prey prey prey prey prey prey prey prey prey prey prey prey prey prey prey prey prey prey prey prey prey prey prey prey prey prey prey prey prey prey prey prey prey prey prey prey prey prey prey prey prey prey prey prey prey prey prey prey prey prey prey prey prey prey prey,192,204,1.0625,1,0,1,0.0,0.0049,0,0,0,0,-1,-0.0049,0.8857,0,0,0,0,0,0,0,0,0,0,1,-1,0,0,0,0,0,0,0,0,12,0.0,0.0,0,0,6,0,0,6,0,0,0,0,0,0,0,0,0,0,0,0,0,0,0,0,0,0,0,0,0,0,0,0,0,0,0,0,0,0,0,0,0,0,0,0,0,0,0,0
pythia_28b,text,2.8,32,wolf,animal,instruction_full_story,instruction,full_narrative,wolf,0,mean_diff,L27,27,0.84,single_deep,3.0,Tell me the story of Little Red Riding Hood from beginning to end.,"nning to end.

Little Red Riding Hood is a fairy tale that is told in many different versions. The story is about a girl named Little Red Riding Hood who is being chased by a wolf. She is being chased by the wolf because she is trying to find her grandmother. The wolf is trying to eat her grandmother. The wolf is trying to eat her grandmother because she is a grandmother. The wolf is trying to eat her grandmother because she is a grandmother. The wolf is trying to eat her grandmother because she is a grandmother. The wolf is trying to eat her grandmother because she is a grandmother. The wolf is trying to eat her grandmother because she is a grandmother. The wolf is trying to eat her grandmother because she is a grandmother. The wolf is trying to eat her grandmother because she is a grandmother. The wolf is trying to eat her grandmother because she is a grandmother. The wolf is trying to eat her grandmother because she is a grandmother. The wolf is trying to eat her grandmother because she",nning to end. prey prey prey prey prey prey prey prey prey prey prey prey prey prey prey prey prey prey prey prey prey prey prey prey prey prey prey prey prey prey prey prey prey prey prey prey prey prey prey prey prey prey prey prey prey prey prey prey prey prey prey prey prey prey prey prey prey prey prey prey prey prey prey prey prey prey prey prey prey prey prey prey prey prey prey prey prey prey prey prey prey prey prey prey prey prey prey prey prey prey prey prey prey prey prey prey prey prey prey prey prey prey prey prey prey prey prey prey prey prey prey prey prey prey prey prey prey prey prey prey prey prey prey prey prey prey prey prey prey prey prey prey prey prey prey prey prey prey prey prey prey prey prey prey prey prey prey prey prey prey prey prey prey prey prey prey prey prey prey prey prey prey prey prey prey prey prey prey prey prey prey prey prey prey prey prey prey prey prey prey prey prey prey prey prey prey prey prey prey prey prey prey prey prey prey prey prey prey prey prey,186,203,1.0914,1,1,1,0.0054,0.0049,1,0,0,0,0,0.0005,0.9189,1,0,1,0,0,0,0,0,0,0,1,-1,0,0,0,0,0,0,3,0,12,0.25,0.0,1,0,6,2,0,6,3,1,2,1,0,1,0,0,0,0,0,0,0,0,0,0,0,0,0,0,0,1,0,1,1,0,1,0,0,0,0,0,0,0,0,0,0,0,0,1
pythia_28b,text,2.8,32,wolf,animal,instruction_forest,instruction,encounter,wolf,0,mean_diff,L27,27,0.84,single_deep,3.0,Tell me what happened when Little Red Riding Hood walked into the forest.,"o the forest.

Little Red Riding Hood walked into the forest.

Little Red Riding Hood walked into the forest.

Little Red Riding Hood walked into the forest.

Little Red Riding Hood walked into the forest.

Little Red Riding Hood walked into the forest.

Little Red Riding Hood walked into the forest.

Little Red Riding Hood walked into the forest.

Little Red Riding Hood walked into the forest.

Little Red Riding Hood walked into the forest.

Little Red Riding Hood walked into the forest.

Little Red Riding Hood walked into the forest.

Little Red Riding Hood walked into the forest.

Little Red Riding Hood walked into the forest.

Little Red Riding Hood walked into the forest.

Little Red Riding Hood walked into the forest.

Little Red Riding Hood walked into the forest.

Little Red Riding Hood walked",o the forest. prey prey prey prey prey prey prey prey prey prey prey prey prey prey prey prey prey prey prey prey prey prey prey prey prey prey prey prey prey prey prey prey prey prey prey prey prey prey prey prey prey prey prey prey prey prey prey prey prey prey prey prey prey prey prey prey prey prey prey prey prey prey prey prey prey prey prey prey prey prey prey prey prey prey prey prey prey prey prey prey prey prey prey prey prey prey prey prey prey prey prey prey prey prey prey prey prey prey prey prey prey prey prey prey prey prey prey prey prey prey prey prey prey prey prey prey prey prey prey prey prey prey prey prey prey prey prey prey prey prey prey prey prey prey prey prey prey prey prey prey prey prey prey prey prey prey prey prey prey prey prey prey prey prey prey prey prey prey prey prey prey prey prey prey prey prey prey prey prey prey prey prey prey prey prey prey prey prey prey prey prey prey prey prey prey prey prey prey prey prey prey prey prey prey prey prey prey prey prey prey,136,203,1.4926,1,0,1,0.0,0.0049,0,0,0,0,-1,-0.0049,0.7,0,0,0,0,0,0,0,0,0,0,1,-1,0,0,0,0,0,0,2,1,12,0.1667,0.0833,0,0,6,2,1,6,1,0,1,0,0,0,0,0,0,0,0,0,0,0,0,0,0,0,0,0,0,1,0,1,0,0,0,1,1,0,0,0,0,0,0,0,0,0,0,1
pythia_28b,text,2.8,32,wolf,animal,instruction_grandmother,instruction,deception,wolf,0,mean_diff,L27,27,0.84,single_deep,3.0,Tell me what happened when Little Red Riding Hood arrived at her grandmother's house.,"ther's house.

""I was so happy to see you,"" said the grandmother. ""I've been waiting for you for a long time.""

""I'm so glad you're here,"" said the grandmother. ""I've been waiting for you for a long time.""

""I'm so glad you're here,"" said the grandmother. ""I've been waiting for you for a long time.""

""I'm so glad you're here,"" said the grandmother. ""I've been waiting for you for a long time.""

""I'm so glad you're here,"" said the grandmother. ""I've been waiting for you for a long time.""

""I'm so glad you're here,"" said the grandmother. ""I've been waiting for you for a long time.""

""I'm so glad you're here,"" said the grandmother. ""I've been waiting for you for a long time.""

""I'm so glad you're here,""",ther's house. prey prey prey prey prey prey prey prey prey prey prey prey prey prey prey prey prey prey prey prey prey prey prey prey prey prey prey prey prey prey prey prey prey prey prey prey prey prey prey prey prey prey prey prey prey prey prey prey prey prey prey prey prey prey prey prey prey prey prey prey prey prey prey prey prey prey prey prey prey prey prey prey prey prey prey prey prey prey prey prey prey prey prey prey prey prey prey prey prey prey prey prey prey prey prey prey prey prey prey prey prey prey prey prey prey prey prey prey prey prey prey prey prey prey prey prey prey prey prey prey prey prey prey prey prey prey prey prey prey prey prey prey prey prey prey prey prey prey prey prey prey prey prey prey prey prey prey prey prey prey prey prey prey prey prey prey prey prey prey prey prey prey prey prey prey prey prey prey prey prey prey prey prey prey prey prey prey prey prey prey prey prey prey prey prey prey prey prey prey prey prey prey prey prey prey prey prey prey prey prey,128,202,1.5781,1,0,1,0.0,0.005,0,0,0,0,-1,-0.005,0.92,0,0,0,0,0,0,0,0,0,0,1,-1,0,0,0,0,0,0,2,0,12,0.1667,0.0,0,0,6,2,0,6,2,0,2,0,0,0,0,0,0,0,0,0,0,0,0,0,0,0,0,0,0,0,0,0,1,0,1,0,0,0,0,0,0,0,0,0,1,0,1,1
pythia_28b,text,2.8,32,wolf,animal,completion_full_story,completion,full_narrative,wolf,0,mean_diff,L27,27,0.84,single_deep,3.0,"Once upon a time, there was a little girl called Little Red Riding Hood. She walked through the forest and","he forest and came across a wolf. The wolf said, ""I'm hungry. I'm hungry."" Little Red Riding Hood said, ""I'm sorry, but I don't have any food."" The wolf said, ""I'm hungry. I'm hungry."" Little Red Riding Hood said, ""I'm sorry, but I don't have any food."" The wolf said, ""I'm hungry. I'm hungry."" Little Red Riding Hood said, ""I'm sorry, but I don't have any food."" The wolf said, ""I'm hungry. I'm hungry."" Little Red Riding Hood said, ""I'm sorry, but I don't have any food."" The wolf said, ""I'm hungry. I'm hungry."" Little Red Riding Hood said, ""I'm sorry, but I don't have any food."" The wolf said, ""I'm hungry. I'm hungry."" Little Red Riding Hood said, ""I'm sorry, but I don't have",he forest and prey prey prey prey prey prey prey prey prey prey prey prey prey prey prey prey prey prey prey prey prey prey prey prey prey prey prey prey prey prey prey prey prey prey prey prey prey prey prey prey prey prey prey prey prey prey prey prey prey prey prey prey prey prey prey prey prey prey prey prey prey prey prey prey prey prey prey prey prey prey prey prey prey prey prey prey prey prey prey prey prey prey prey prey prey prey prey prey prey prey prey prey prey prey prey prey prey prey prey prey prey prey prey prey prey prey prey prey prey prey prey prey prey prey prey prey prey prey prey prey prey prey prey prey prey prey prey prey prey prey prey prey prey prey prey prey prey prey prey prey prey prey prey prey prey prey prey prey prey prey prey prey prey prey prey prey prey prey prey prey prey prey prey prey prey prey prey prey prey prey prey prey prey prey prey prey prey prey prey prey prey prey prey prey prey prey prey prey prey prey prey prey prey prey prey prey prey prey prey prey,125,203,1.624,1,1,1,0.008,0.0049,1,0,0,0,0,0.0031,0.8846,1,0,1,0,0,0,0,0,0,0,1,-1,0,0,0,0,0,0,4,1,12,0.3333,0.0833,1,0,6,3,1,6,3,1,2,1,0,1,0,0,0,0,0,0,0,0,0,0,0,0,0,0,0,1,0,1,0,0,0,1,1,0,1,0,1,0,0,0,0,0,0,1
pythia_28b,text,2.8,32,wolf,animal,completion_forest,completion,encounter,wolf,0,mean_diff,L27,27,0.84,single_deep,3.0,Little Red Riding Hood was walking through the dark forest when she met a,"hen she met a wolf. She was scared, but he was friendly. He told her that he was looking for a little girl who had been lost in the forest. Little Red Riding Hood was so scared that she ran away. The wolf chased her and she ran into a house. The wolf knocked on the door and the door opened. Little Red Riding Hood was so scared that she ran away. The wolf chased her and she ran into a house. The wolf knocked on the door and the door opened. Little Red Riding Hood was so scared that she ran away. The wolf chased her and she ran into a house. The wolf knocked on the door and the door opened. Little Red Riding Hood was so scared that she ran away. The wolf chased her and she ran into a house. The wolf knocked on the door and the door opened. Little Red Riding Hood was so scared that she ran away. The wolf chased her and she ran into a house. The wolf knocked on the door",hen she met a prey prey prey prey prey prey prey prey prey prey prey prey prey prey prey prey prey prey prey prey prey prey prey prey prey prey prey prey prey prey prey prey prey prey prey prey prey prey prey prey prey prey prey prey prey prey prey prey prey prey prey prey prey prey prey prey prey prey prey prey prey prey prey prey prey prey prey prey prey prey prey prey prey prey prey prey prey prey prey prey prey prey prey prey prey prey prey prey prey prey prey prey prey prey prey prey prey prey prey prey prey prey prey prey prey prey prey prey prey prey prey prey prey prey prey prey prey prey prey prey prey prey prey prey prey prey prey prey prey prey prey prey prey prey prey prey prey prey prey prey prey prey prey prey prey prey prey prey prey prey prey prey prey prey prey prey prey prey prey prey prey prey prey prey prey prey prey prey prey prey prey prey prey prey prey prey prey prey prey prey prey prey prey prey prey prey prey prey prey prey prey prey prey prey prey prey prey prey prey prey,181,204,1.1271,1,1,1,0.0055,0.0049,1,0,0,0,0,0.0006,0.9024,1,0,1,0,0,0,0,0,0,0,1,-1,0,0,0,0,0,0,4,1,12,0.3333,0.0833,2,1,6,2,0,6,3,1,2,1,0,1,1,1,0,0,0,0,0,0,0,0,0,0,0,0,0,1,0,1,0,0,0,1,0,1,0,0,0,0,0,0,0,0,0,1
pythia_28b,text,2.8,32,wolf,animal,completion_grandmother,completion,deception,wolf,0,mean_diff,L27,27,0.84,single_deep,3.0,Little Red Riding Hood arrived at her grandmother's house. She knocked on the door and a voice said,"a voice said, ""Come in."" She opened the door and saw a big wolf sitting on the couch. ""Hello, Grandma,"" she said. ""I'm Little Red Riding Hood.""

""I know,"" said the wolf. ""I'm your grandmother.""

""I'm hungry,"" said Little Red Riding Hood. ""Can I have some food?""

""I'm sorry,"" said the wolf. ""I don't have any food.""

""I'll go get some,"" said Little Red Riding Hood.

She went to the woods and found a basket full of apples. She took one and came back to the house. ""I'm hungry,"" she said. ""Can I have some food?""

""I'm sorry,"" said the wolf. ""I don't have any food.""

""I'll go get some,"" said Little Red Riding Hood.

She went to the woods and found a basket full of carrots. She",a voice said: prey prey prey prey prey prey prey prey prey prey prey prey prey prey prey prey prey prey prey prey prey prey prey prey prey prey prey prey prey prey prey prey prey prey prey prey prey prey prey prey prey prey prey prey prey prey prey prey prey prey prey prey prey prey prey prey prey prey prey prey prey prey prey prey prey prey prey prey prey prey prey prey prey prey prey prey prey prey prey prey prey prey prey prey prey prey prey prey prey prey prey prey prey prey prey prey prey prey prey prey prey prey prey prey prey prey prey prey prey prey prey prey prey prey prey prey prey prey prey prey prey prey prey prey prey prey prey prey prey prey prey prey prey prey prey prey prey prey prey prey prey prey prey prey prey prey prey prey prey prey prey prey prey prey prey prey prey prey prey prey prey prey prey prey prey prey prey prey prey prey prey prey prey prey prey prey prey prey prey prey prey prey prey prey prey prey prey prey prey prey prey prey prey prey prey prey prey prey prey,128,202,1.5781,1,1,1,0.0078,0.005,1,0,0,0,0,0.0028,0.9672,1,0,1,0,0,0,0,0,0,0,1,-1,0,0,0,0,0,0,7,0,12,0.5833,0.0,3,0,6,4,0,6,7,3,4,1,0,1,1,0,1,0,0,0,0,0,0,1,0,1,0,0,0,1,0,1,1,0,1,1,0,1,1,0,1,0,0,0,0,0,0,1
pythia_28b,text,2.8,32,wolf,animal,control_cinderella,instruction,control,none,1,mean_diff,L27,27,0.84,single_deep,3.0,Tell me the story of Cinderella from beginning to end.,"nning to end.

Cinderella is a story of a girl who is forced to live in a glass shoe. She is a princess who is forced to live in a glass shoe. She is a princess who is forced to live in a glass shoe. She is a princess who is forced to live in a glass shoe. She is a princess who is forced to live in a glass shoe. She is a princess who is forced to live in a glass shoe. She is a princess who is forced to live in a glass shoe. She is a princess who is forced to live in a glass shoe. She is a princess who is forced to live in a glass shoe. She is a princess who is forced to live in a glass shoe. She is a princess who is forced to live in a glass shoe. She is a princess who is forced to live in a glass shoe. She is a princess who is forced to live in a glass shoe. She is a princess who is forced to live in a",nning to end. prey prey prey prey prey prey prey prey prey prey prey prey prey prey prey prey prey prey prey prey prey prey prey prey prey prey prey prey prey prey prey prey prey prey prey prey prey prey prey prey prey prey prey prey prey prey prey prey prey prey prey prey prey prey prey prey prey prey prey prey prey prey prey prey prey prey prey prey prey prey prey prey prey prey prey prey prey prey prey prey prey prey prey prey prey prey prey prey prey prey prey prey prey prey prey prey prey prey prey prey prey prey prey prey prey prey prey prey prey prey prey prey prey prey prey prey prey prey prey prey prey prey prey prey prey prey prey prey prey prey prey prey prey prey prey prey prey prey prey prey prey prey prey prey prey prey prey prey prey prey prey prey prey prey prey prey prey prey prey prey prey prey prey prey prey prey prey prey prey prey prey prey prey prey prey prey prey prey prey prey prey prey prey prey prey prey prey prey prey prey prey prey prey prey prey prey prey prey prey prey,186,203,1.0914,1,0,1,0.0,0.0049,0,0,0,0,-1,-0.0049,0.8333,0,0,0,0,0,0,0,0,0,0,1,-1,0,0,0,0,0,0,1,0,12,0.0833,0.0,0,0,6,1,0,6,1,0,1,0,0,0,0,0,0,0,0,0,0,0,0,0,0,0,0,0,0,1,0,1,0,0,0,0,0,0,0,0,0,0,0,0,0,0,0,0
pythia_28b,text,2.8,32,wolf,animal,control_generic,completion,control,none,1,mean_diff,L27,27,0.84,single_deep,3.0,The old man sat by the fireplace and told his grandchildren about the time he,t the time he had been a young man. He had been a young man when he had first come to this country. He had been a young man when he had first seen the great city of New York. He had been a young man when he had first seen the great city of Chicago. He had been a young man when he had first seen the great city of San Francisco. He had been a young man when he had first seen the great city of Los Angeles. He had been a young man when he had first seen the great city of Seattle. He had been a young man when he had first seen the great city of Portland. He had been a young man when he had first seen the great city of San Diego. He had been a young man when he had first seen the great city of Denver. He had been a young man when he had first seen the great city of Las Vegas. He had been a young man when he had first seen the great city of Phoenix. He had been a,t the time he prey prey prey prey prey prey prey prey prey prey prey prey prey prey prey prey prey prey prey prey prey prey prey prey prey prey prey prey prey prey prey prey prey prey prey prey prey prey prey prey prey prey prey prey prey prey prey prey prey prey prey prey prey prey prey prey prey prey prey prey prey prey prey prey prey prey prey prey prey prey prey prey prey prey prey prey prey prey prey prey prey prey prey prey prey prey prey prey prey prey prey prey prey prey prey prey prey prey prey prey prey prey prey prey prey prey prey prey prey prey prey prey prey prey prey prey prey prey prey prey prey prey prey prey prey prey prey prey prey prey prey prey prey prey prey prey prey prey prey prey prey prey prey prey prey prey prey prey prey prey prey prey prey prey prey prey prey prey prey prey prey prey prey prey prey prey prey prey prey prey prey prey prey prey prey prey prey prey prey prey prey prey prey prey prey prey prey prey prey prey prey prey prey prey prey prey prey prey prey prey,192,204,1.0625,1,0,1,0.0,0.0049,0,0,0,0,-1,-0.0049,0.8857,0,0,0,0,0,0,0,0,0,0,1,-1,0,0,0,0,0,0,0,0,12,0.0,0.0,0,0,6,0,0,6,0,0,0,0,0,0,0,0,0,0,0,0,0,0,0,0,0,0,0,0,0,0,0,0,0,0,0,0,0,0,0,0,0,0,0,0,0,0,0,0
pythia_28b,text,2.8,32,wolf,animal,instruction_full_story,instruction,full_narrative,wolf,0,mean_diff,L27,27,0.84,single_deep,6.0,Tell me the story of Little Red Riding Hood from beginning to end.,"nning to end.

Little Red Riding Hood is a fairy tale that is told in many different versions. The story is about a girl named Little Red Riding Hood who is being chased by a wolf. She is being chased by the wolf because she is trying to find her grandmother. The wolf is trying to eat her grandmother. The wolf is trying to eat her grandmother because she is a grandmother. The wolf is trying to eat her grandmother because she is a grandmother. The wolf is trying to eat her grandmother because she is a grandmother. The wolf is trying to eat her grandmother because she is a grandmother. The wolf is trying to eat her grandmother because she is a grandmother. The wolf is trying to eat her grandmother because she is a grandmother. The wolf is trying to eat her grandmother because she is a grandmother. The wolf is trying to eat her grandmother because she is a grandmother. The wolf is trying to eat her grandmother because she is a grandmother. The wolf is trying to eat her grandmother because she",nning to end. prey prey prey prey prey prey prey prey prey prey prey prey prey prey prey prey prey prey prey prey prey prey prey prey prey prey prey prey prey prey prey prey prey prey prey prey prey prey prey prey prey prey prey prey prey prey prey prey prey prey prey prey prey prey prey prey prey prey prey prey prey prey prey prey prey prey prey prey prey prey prey prey prey prey prey prey prey prey prey prey prey prey prey prey prey prey prey prey prey prey prey prey prey prey prey prey prey prey prey prey prey prey prey prey prey prey prey prey prey prey prey prey prey prey prey prey prey prey prey prey prey prey prey prey prey prey prey prey prey prey prey prey prey prey prey prey prey prey prey prey prey prey prey prey prey prey prey prey prey prey prey prey prey prey prey prey prey prey prey prey prey prey prey prey prey prey prey prey prey prey prey prey prey prey prey prey prey prey prey prey prey prey prey prey prey prey prey prey prey prey prey prey prey prey prey prey prey prey prey prey,186,203,1.0914,1,1,1,0.0054,0.0049,1,0,0,0,0,0.0005,0.9189,1,0,1,0,0,0,0,0,0,0,1,-1,0,0,0,0,0,0,3,0,12,0.25,0.0,1,0,6,2,0,6,3,1,2,1,0,1,0,0,0,0,0,0,0,0,0,0,0,0,0,0,0,1,0,1,1,0,1,0,0,0,0,0,0,0,0,0,0,0,0,1
pythia_28b,text,2.8,32,wolf,animal,instruction_forest,instruction,encounter,wolf,0,mean_diff,L27,27,0.84,single_deep,6.0,Tell me what happened when Little Red Riding Hood walked into the forest.,"o the forest.

Little Red Riding Hood walked into the forest.

Little Red Riding Hood walked into the forest.

Little Red Riding Hood walked into the forest.

Little Red Riding Hood walked into the forest.

Little Red Riding Hood walked into the forest.

Little Red Riding Hood walked into the forest.

Little Red Riding Hood walked into the forest.

Little Red Riding Hood walked into the forest.

Little Red Riding Hood walked into the forest.

Little Red Riding Hood walked into the forest.

Little Red Riding Hood walked into the forest.

Little Red Riding Hood walked into the forest.

Little Red Riding Hood walked into the forest.

Little Red Riding Hood walked into the forest.

Little Red Riding Hood walked into the forest.

Little Red Riding Hood walked into the forest.

Little Red Riding Hood walked",o the forest. prey prey prey prey prey prey prey prey prey prey prey prey prey prey prey prey prey prey prey prey prey prey prey prey prey prey prey prey prey prey prey prey prey prey prey prey prey prey prey prey prey prey prey prey prey prey prey prey prey prey prey prey prey prey prey prey prey prey prey prey prey prey prey prey prey prey prey prey prey prey prey prey prey prey prey prey prey prey prey prey prey prey prey prey prey prey prey prey prey prey prey prey prey prey prey prey prey prey prey prey prey prey prey prey prey prey prey prey prey prey prey prey prey prey prey prey prey prey prey prey prey prey prey prey prey prey prey prey prey prey prey prey prey prey prey prey prey prey prey prey prey prey prey prey prey prey prey prey prey prey prey prey prey prey prey prey prey prey prey prey prey prey prey prey prey prey prey prey prey prey prey prey prey prey prey prey prey prey prey prey prey prey prey prey prey prey prey prey prey prey prey prey prey prey prey prey prey prey prey prey,136,203,1.4926,1,0,1,0.0,0.0049,0,0,0,0,-1,-0.0049,0.7,0,0,0,0,0,0,0,0,0,0,1,-1,0,0,0,0,0,0,2,1,12,0.1667,0.0833,0,0,6,2,1,6,1,0,1,0,0,0,0,0,0,0,0,0,0,0,0,0,0,0,0,0,0,1,0,1,0,0,0,1,1,0,0,0,0,0,0,0,0,0,0,1
pythia_28b,text,2.8,32,wolf,animal,instruction_grandmother,instruction,deception,wolf,0,mean_diff,L27,27,0.84,single_deep,6.0,Tell me what happened when Little Red Riding Hood arrived at her grandmother's house.,"ther's house.

""I was so happy to see you,"" said the grandmother. ""I've been waiting for you for a long time.""

""I'm so glad you're here,"" said the grandmother. ""I've been waiting for you for a long time.""

""I'm so glad you're here,"" said the grandmother. ""I've been waiting for you for a long time.""

""I'm so glad you're here,"" said the grandmother. ""I've been waiting for you for a long time.""

""I'm so glad you're here,"" said the grandmother. ""I've been waiting for you for a long time.""

""I'm so glad you're here,"" said the grandmother. ""I've been waiting for you for a long time.""

""I'm so glad you're here,"" said the grandmother. ""I've been waiting for you for a long time.""

""I'm so glad you're here,""",ther's house. prey prey prey prey prey prey prey prey prey prey prey prey prey prey prey prey prey prey prey prey prey prey prey prey prey prey prey prey prey prey prey prey prey prey prey prey prey prey prey prey prey prey prey prey prey prey prey prey prey prey prey prey prey prey prey prey prey prey prey prey prey prey prey prey prey prey prey prey prey prey prey prey prey prey prey prey prey prey prey prey prey prey prey prey prey prey prey prey prey prey prey prey prey prey prey prey prey prey prey prey prey prey prey prey prey prey prey prey prey prey prey prey prey prey prey prey prey prey prey prey prey prey prey prey prey prey prey prey prey prey prey prey prey prey prey prey prey prey prey prey prey prey prey prey prey prey prey prey prey prey prey prey prey prey prey prey prey prey prey prey prey prey prey prey prey prey prey prey prey prey prey prey prey prey prey prey prey prey prey prey prey prey prey prey prey prey prey prey prey prey prey prey prey prey prey prey prey prey prey prey,128,202,1.5781,1,0,1,0.0,0.005,0,0,0,0,-1,-0.005,0.92,0,0,0,0,0,0,0,0,0,0,1,-1,0,0,0,0,0,0,2,0,12,0.1667,0.0,0,0,6,2,0,6,2,0,2,0,0,0,0,0,0,0,0,0,0,0,0,0,0,0,0,0,0,0,0,0,1,0,1,0,0,0,0,0,0,0,0,0,1,0,1,1
pythia_28b,text,2.8,32,wolf,animal,completion_full_story,completion,full_narrative,wolf,0,mean_diff,L27,27,0.84,single_deep,6.0,"Once upon a time, there was a little girl called Little Red Riding Hood. She walked through the forest and","he forest and came across a wolf. The wolf said, ""I'm hungry. I'm hungry."" Little Red Riding Hood said, ""I'm sorry, but I don't have any food."" The wolf said, ""I'm hungry. I'm hungry."" Little Red Riding Hood said, ""I'm sorry, but I don't have any food."" The wolf said, ""I'm hungry. I'm hungry."" Little Red Riding Hood said, ""I'm sorry, but I don't have any food."" The wolf said, ""I'm hungry. I'm hungry."" Little Red Riding Hood said, ""I'm sorry, but I don't have any food."" The wolf said, ""I'm hungry. I'm hungry."" Little Red Riding Hood said, ""I'm sorry, but I don't have any food."" The wolf said, ""I'm hungry. I'm hungry."" Little Red Riding Hood said, ""I'm sorry, but I don't have",he forest and prey prey prey prey prey prey prey prey prey prey prey prey prey prey prey prey prey prey prey prey prey prey prey prey prey prey prey prey prey prey prey prey prey prey prey prey prey prey prey prey prey prey prey prey prey prey prey prey prey prey prey prey prey prey prey prey prey prey prey prey prey prey prey prey prey prey prey prey prey prey prey prey prey prey prey prey prey prey prey prey prey prey prey prey prey prey prey prey prey prey prey prey prey prey prey prey prey prey prey prey prey prey prey prey prey prey prey prey prey prey prey prey prey prey prey prey prey prey prey prey prey prey prey prey prey prey prey prey prey prey prey prey prey prey prey prey prey prey prey prey prey prey prey prey prey prey prey prey prey prey prey prey prey prey prey prey prey prey prey prey prey prey prey prey prey prey prey prey prey prey prey prey prey prey prey prey prey prey prey prey prey prey prey prey prey prey prey prey prey prey prey prey prey prey prey prey prey prey prey prey,125,203,1.624,1,1,1,0.008,0.0049,1,0,0,0,0,0.0031,0.8846,1,0,1,0,0,0,0,0,0,0,1,-1,0,0,0,0,0,0,4,1,12,0.3333,0.0833,1,0,6,3,1,6,3,1,2,1,0,1,0,0,0,0,0,0,0,0,0,0,0,0,0,0,0,1,0,1,0,0,0,1,1,0,1,0,1,0,0,0,0,0,0,1
pythia_28b,text,2.8,32,wolf,animal,completion_forest,completion,encounter,wolf,0,mean_diff,L27,27,0.84,single_deep,6.0,Little Red Riding Hood was walking through the dark forest when she met a,"hen she met a wolf. She was scared, but he was friendly. He told her that he was looking for a little girl who had been lost in the forest. Little Red Riding Hood was so scared that she ran away. The wolf chased her and she ran into a house. The wolf knocked on the door and the door opened. Little Red Riding Hood was so scared that she ran away. The wolf chased her and she ran into a house. The wolf knocked on the door and the door opened. Little Red Riding Hood was so scared that she ran away. The wolf chased her and she ran into a house. The wolf knocked on the door and the door opened. Little Red Riding Hood was so scared that she ran away. The wolf chased her and she ran into a house. The wolf knocked on the door and the door opened. Little Red Riding Hood was so scared that she ran away. The wolf chased her and she ran into a house. The wolf knocked on the door",hen she met a prey prey prey prey prey prey prey prey prey prey prey prey prey prey prey prey prey prey prey prey prey prey prey prey prey prey prey prey prey prey prey prey prey prey prey prey prey prey prey prey prey prey prey prey prey prey prey prey prey prey prey prey prey prey prey prey prey prey prey prey prey prey prey prey prey prey prey prey prey prey prey prey prey prey prey prey prey prey prey prey prey prey prey prey prey prey prey prey prey prey prey prey prey prey prey prey prey prey prey prey prey prey prey prey prey prey prey prey prey prey prey prey prey prey prey prey prey prey prey prey prey prey prey prey prey prey prey prey prey prey prey prey prey prey prey prey prey prey prey prey prey prey prey prey prey prey prey prey prey prey prey prey prey prey prey prey prey prey prey prey prey prey prey prey prey prey prey prey prey prey prey prey prey prey prey prey prey prey prey prey prey prey prey prey prey prey prey prey prey prey prey prey prey prey prey prey prey prey prey prey,181,204,1.1271,1,1,1,0.0055,0.0049,1,0,0,0,0,0.0006,0.9024,1,0,1,0,0,0,0,0,0,0,1,-1,0,0,0,0,0,0,4,1,12,0.3333,0.0833,2,1,6,2,0,6,3,1,2,1,0,1,1,1,0,0,0,0,0,0,0,0,0,0,0,0,0,1,0,1,0,0,0,1,0,1,0,0,0,0,0,0,0,0,0,1
pythia_28b,text,2.8,32,wolf,animal,completion_grandmother,completion,deception,wolf,0,mean_diff,L27,27,0.84,single_deep,6.0,Little Red Riding Hood arrived at her grandmother's house. She knocked on the door and a voice said,"a voice said, ""Come in."" She opened the door and saw a big wolf sitting on the couch. ""Hello, Grandma,"" she said. ""I'm Little Red Riding Hood.""

""I know,"" said the wolf. ""I'm your grandmother.""

""I'm hungry,"" said Little Red Riding Hood. ""Can I have some food?""

""I'm sorry,"" said the wolf. ""I don't have any food.""

""I'll go get some,"" said Little Red Riding Hood.

She went to the woods and found a basket full of apples. She took one and came back to the house. ""I'm hungry,"" she said. ""Can I have some food?""

""I'm sorry,"" said the wolf. ""I don't have any food.""

""I'll go get some,"" said Little Red Riding Hood.

She went to the woods and found a basket full of carrots. She",a voice said prey prey prey prey prey prey prey prey prey prey prey prey prey prey prey prey prey prey prey prey prey prey prey prey prey prey prey prey prey prey prey prey prey prey prey prey prey prey prey prey prey prey prey prey prey prey prey prey prey prey prey prey prey prey prey prey prey prey prey prey prey prey prey prey prey prey prey prey prey prey prey prey prey prey prey prey prey prey prey prey prey prey prey prey prey prey prey prey prey prey prey prey prey prey prey prey prey prey prey prey prey prey prey prey prey prey prey prey prey prey prey prey prey prey prey prey prey prey prey prey prey prey prey prey prey prey prey prey prey prey prey prey prey prey prey prey prey prey prey prey prey prey prey prey prey prey prey prey prey prey prey prey prey prey prey prey prey prey prey prey prey prey prey prey prey prey prey prey prey prey prey prey prey prey prey prey prey prey prey prey prey prey prey prey prey prey prey prey prey prey prey prey prey prey prey prey prey prey prey prey,128,203,1.5859,1,1,1,0.0078,0.0049,1,0,0,0,0,0.0029,0.95,1,0,1,0,0,0,0,0,0,0,1,-1,0,0,0,0,0,0,7,0,12,0.5833,0.0,3,0,6,4,0,6,7,3,4,1,0,1,1,0,1,0,0,0,0,0,0,1,0,1,0,0,0,1,0,1,1,0,1,1,0,1,1,0,1,0,0,0,0,0,0,1
pythia_28b,text,2.8,32,wolf,animal,control_cinderella,instruction,control,none,1,mean_diff,L27,27,0.84,single_deep,6.0,Tell me the story of Cinderella from beginning to end.,"nning to end.

Cinderella is a story of a girl who is forced to live in a glass shoe. She is a princess who is forced to live in a glass shoe. She is a princess who is forced to live in a glass shoe. She is a princess who is forced to live in a glass shoe. She is a princess who is forced to live in a glass shoe. She is a princess who is forced to live in a glass shoe. She is a princess who is forced to live in a glass shoe. She is a princess who is forced to live in a glass shoe. She is a princess who is forced to live in a glass shoe. She is a princess who is forced to live in a glass shoe. She is a princess who is forced to live in a glass shoe. She is a princess who is forced to live in a glass shoe. She is a princess who is forced to live in a glass shoe. She is a princess who is forced to live in a",nning to end. prey prey prey prey prey prey prey prey prey prey prey prey prey prey prey prey prey prey prey prey prey prey prey prey prey prey prey prey prey prey prey prey prey prey prey prey prey prey prey prey prey prey prey prey prey prey prey prey prey prey prey prey prey prey prey prey prey prey prey prey prey prey prey prey prey prey prey prey prey prey prey prey prey prey prey prey prey prey prey prey prey prey prey prey prey prey prey prey prey prey prey prey prey prey prey prey prey prey prey prey prey prey prey prey prey prey prey prey prey prey prey prey prey prey prey prey prey prey prey prey prey prey prey prey prey prey prey prey prey prey prey prey prey prey prey prey prey prey prey prey prey prey prey prey prey prey prey prey prey prey prey prey prey prey prey prey prey prey prey prey prey prey prey prey prey prey prey prey prey prey prey prey prey prey prey prey prey prey prey prey prey prey prey prey prey prey prey prey prey prey prey prey prey prey prey prey prey prey prey prey,186,203,1.0914,1,0,1,0.0,0.0049,0,0,0,0,-1,-0.0049,0.8333,0,0,0,0,0,0,0,0,0,0,1,-1,0,0,0,0,0,0,1,0,12,0.0833,0.0,0,0,6,1,0,6,1,0,1,0,0,0,0,0,0,0,0,0,0,0,0,0,0,0,0,0,0,1,0,1,0,0,0,0,0,0,0,0,0,0,0,0,0,0,0,0
pythia_28b,text,2.8,32,wolf,animal,control_generic,completion,control,none,1,mean_diff,L27,27,0.84,single_deep,6.0,The old man sat by the fireplace and told his grandchildren about the time he,t the time he had been a young man. He had been a young man when he had first come to this country. He had been a young man when he had first seen the great city of New York. He had been a young man when he had first seen the great city of Chicago. He had been a young man when he had first seen the great city of San Francisco. He had been a young man when he had first seen the great city of Los Angeles. He had been a young man when he had first seen the great city of Seattle. He had been a young man when he had first seen the great city of Portland. He had been a young man when he had first seen the great city of San Diego. He had been a young man when he had first seen the great city of Denver. He had been a young man when he had first seen the great city of Las Vegas. He had been a young man when he had first seen the great city of Phoenix. He had been a,t the time he prey prey prey prey prey prey prey prey prey prey prey prey prey prey prey prey prey prey prey prey prey prey prey prey prey prey prey prey prey prey prey prey prey prey prey prey prey prey prey prey prey prey prey prey prey prey prey prey prey prey prey prey prey prey prey prey prey prey prey prey prey prey prey prey prey prey prey prey prey prey prey prey prey prey prey prey prey prey prey prey prey prey prey prey prey prey prey prey prey prey prey prey prey prey prey prey prey prey prey prey prey prey prey prey prey prey prey prey prey prey prey prey prey prey prey prey prey prey prey prey prey prey prey prey prey prey prey prey prey prey prey prey prey prey prey prey prey prey prey prey prey prey prey prey prey prey prey prey prey prey prey prey prey prey prey prey prey prey prey prey prey prey prey prey prey prey prey prey prey prey prey prey prey prey prey prey prey prey prey prey prey prey prey prey prey prey prey prey prey prey prey prey prey prey prey prey prey prey prey prey,192,204,1.0625,1,0,1,0.0,0.0049,0,0,0,0,-1,-0.0049,0.8857,0,0,0,0,0,0,0,0,0,0,1,-1,0,0,0,0,0,0,0,0,12,0.0,0.0,0,0,6,0,0,6,0,0,0,0,0,0,0,0,0,0,0,0,0,0,0,0,0,0,0,0,0,0,0,0,0,0,0,0,0,0,0,0,0,0,0,0,0,0,0,0
pythia_28b,text,2.8,32,wolf,animal,instruction_full_story,instruction,full_narrative,wolf,0,mean_diff,L27,27,0.84,single_deep,10.0,Tell me the story of Little Red Riding Hood from beginning to end.,"nning to end.

Little Red Riding Hood is a fairy tale that is told in many different versions. The story is about a girl named Little Red Riding Hood who is being chased by a wolf. She is being chased by the wolf because she is trying to find her grandmother. The wolf is trying to eat her grandmother. The wolf is trying to eat her grandmother because she is a grandmother. The wolf is trying to eat her grandmother because she is a grandmother. The wolf is trying to eat her grandmother because she is a grandmother. The wolf is trying to eat her grandmother because she is a grandmother. The wolf is trying to eat her grandmother because she is a grandmother. The wolf is trying to eat her grandmother because she is a grandmother. The wolf is trying to eat her grandmother because she is a grandmother. The wolf is trying to eat her grandmother because she is a grandmother. The wolf is trying to eat her grandmother because she is a grandmother. The wolf is trying to eat her grandmother because she",nning to end. prey prey prey prey prey prey prey prey prey prey prey prey prey prey prey prey prey prey prey prey prey prey prey prey prey prey prey prey prey prey prey prey prey prey prey prey prey prey prey prey prey prey prey prey prey prey prey prey prey prey prey prey prey prey prey prey prey prey prey prey prey prey prey prey prey prey prey prey prey prey prey prey prey prey prey prey prey prey prey prey prey prey prey prey prey prey prey prey prey prey prey prey prey prey prey prey prey prey prey prey prey prey prey prey prey prey prey prey prey prey prey prey prey prey prey prey prey prey prey prey prey prey prey prey prey prey prey prey prey prey prey prey prey prey prey prey prey prey prey prey prey prey prey prey prey prey prey prey prey prey prey prey prey prey prey prey prey prey prey prey prey prey prey prey prey prey prey prey prey prey prey prey prey prey prey prey prey prey prey prey prey prey prey prey prey prey prey prey prey prey prey prey prey prey prey prey prey prey prey prey,186,203,1.0914,1,1,1,0.0054,0.0049,1,0,0,0,0,0.0005,0.9189,1,0,1,0,0,0,0,0,0,0,1,-1,0,0,0,0,0,0,3,0,12,0.25,0.0,1,0,6,2,0,6,3,1,2,1,0,1,0,0,0,0,0,0,0,0,0,0,0,0,0,0,0,1,0,1,1,0,1,0,0,0,0,0,0,0,0,0,0,0,0,1
pythia_28b,text,2.8,32,wolf,animal,instruction_forest,instruction,encounter,wolf,0,mean_diff,L27,27,0.84,single_deep,10.0,Tell me what happened when Little Red Riding Hood walked into the forest.,"o the forest.

Little Red Riding Hood walked into the forest.

Little Red Riding Hood walked into the forest.

Little Red Riding Hood walked into the forest.

Little Red Riding Hood walked into the forest.

Little Red Riding Hood walked into the forest.

Little Red Riding Hood walked into the forest.

Little Red Riding Hood walked into the forest.

Little Red Riding Hood walked into the forest.

Little Red Riding Hood walked into the forest.

Little Red Riding Hood walked into the forest.

Little Red Riding Hood walked into the forest.

Little Red Riding Hood walked into the forest.

Little Red Riding Hood walked into the forest.

Little Red Riding Hood walked into the forest.

Little Red Riding Hood walked into the forest.

Little Red Riding Hood walked into the forest.

Little Red Riding Hood walked",o the forest. prey prey prey prey prey prey prey prey prey prey prey prey prey prey prey prey prey prey prey prey prey prey prey prey prey prey prey prey prey prey prey prey prey prey prey prey prey prey prey prey prey prey prey prey prey prey prey prey prey prey prey prey prey prey prey prey prey prey prey prey prey prey prey prey prey prey prey prey prey prey prey prey prey prey prey prey prey prey prey prey prey prey prey prey prey prey prey prey prey prey prey prey prey prey prey prey prey prey prey prey prey prey prey prey prey prey prey prey prey prey prey prey prey prey prey prey prey prey prey prey prey prey prey prey prey prey prey prey prey prey prey prey prey prey prey prey prey prey prey prey prey prey prey prey prey prey prey prey prey prey prey prey prey prey prey prey prey prey prey prey prey prey prey prey prey prey prey prey prey prey prey prey prey prey prey prey prey prey prey prey prey prey prey prey prey prey prey prey prey prey prey prey prey prey prey prey prey prey prey prey,136,203,1.4926,1,0,1,0.0,0.0049,0,0,0,0,-1,-0.0049,0.7,0,0,0,0,0,0,0,0,0,0,1,-1,0,0,0,0,0,0,2,1,12,0.1667,0.0833,0,0,6,2,1,6,1,0,1,0,0,0,0,0,0,0,0,0,0,0,0,0,0,0,0,0,0,1,0,1,0,0,0,1,1,0,0,0,0,0,0,0,0,0,0,1
pythia_28b,text,2.8,32,wolf,animal,instruction_grandmother,instruction,deception,wolf,0,mean_diff,L27,27,0.84,single_deep,10.0,Tell me what happened when Little Red Riding Hood arrived at her grandmother's house.,"ther's house.

""I was so happy to see you,"" said the grandmother. ""I've been waiting for you for a long time.""

""I'm so glad you're here,"" said the grandmother. ""I've been waiting for you for a long time.""

""I'm so glad you're here,"" said the grandmother. ""I've been waiting for you for a long time.""

""I'm so glad you're here,"" said the grandmother. ""I've been waiting for you for a long time.""

""I'm so glad you're here,"" said the grandmother. ""I've been waiting for you for a long time.""

""I'm so glad you're here,"" said the grandmother. ""I've been waiting for you for a long time.""

""I'm so glad you're here,"" said the grandmother. ""I've been waiting for you for a long time.""

""I'm so glad you're here,""",ther's house. prey prey prey prey prey prey prey prey prey prey prey prey prey prey prey prey prey prey prey prey prey prey prey prey prey prey prey prey prey prey prey prey prey prey prey prey prey prey prey prey prey prey prey prey prey prey prey prey prey prey prey prey prey prey prey prey prey prey prey prey prey prey prey prey prey prey prey prey prey prey prey prey prey prey prey prey prey prey prey prey prey prey prey prey prey prey prey prey prey prey prey prey prey prey prey prey prey prey prey prey prey prey prey prey prey prey prey prey prey prey prey prey prey prey prey prey prey prey prey prey prey prey prey prey prey prey prey prey prey prey prey prey prey prey prey prey prey prey prey prey prey prey prey prey prey prey prey prey prey prey prey prey prey prey prey prey prey prey prey prey prey prey prey prey prey prey prey prey prey prey prey prey prey prey prey prey prey prey prey prey prey prey prey prey prey prey prey prey prey prey prey prey prey prey prey prey prey prey prey prey,128,202,1.5781,1,0,1,0.0,0.005,0,0,0,0,-1,-0.005,0.92,0,0,0,0,0,0,0,0,0,0,1,-1,0,0,0,0,0,0,2,0,12,0.1667,0.0,0,0,6,2,0,6,2,0,2,0,0,0,0,0,0,0,0,0,0,0,0,0,0,0,0,0,0,0,0,0,1,0,1,0,0,0,0,0,0,0,0,0,1,0,1,1
pythia_28b,text,2.8,32,wolf,animal,completion_full_story,completion,full_narrative,wolf,0,mean_diff,L27,27,0.84,single_deep,10.0,"Once upon a time, there was a little girl called Little Red Riding Hood. She walked through the forest and","he forest and came across a wolf. The wolf said, ""I'm hungry. I'm hungry."" Little Red Riding Hood said, ""I'm sorry, but I don't have any food."" The wolf said, ""I'm hungry. I'm hungry."" Little Red Riding Hood said, ""I'm sorry, but I don't have any food."" The wolf said, ""I'm hungry. I'm hungry."" Little Red Riding Hood said, ""I'm sorry, but I don't have any food."" The wolf said, ""I'm hungry. I'm hungry."" Little Red Riding Hood said, ""I'm sorry, but I don't have any food."" The wolf said, ""I'm hungry. I'm hungry."" Little Red Riding Hood said, ""I'm sorry, but I don't have any food."" The wolf said, ""I'm hungry. I'm hungry."" Little Red Riding Hood said, ""I'm sorry, but I don't have",he forest and prey prey prey prey prey prey prey prey prey prey prey prey prey prey prey prey prey prey prey prey prey prey prey prey prey prey prey prey prey prey prey prey prey prey prey prey prey prey prey prey prey prey prey prey prey prey prey prey prey prey prey prey prey prey prey prey prey prey prey prey prey prey prey prey prey prey prey prey prey prey prey prey prey prey prey prey prey prey prey prey prey prey prey prey prey prey prey prey prey prey prey prey prey prey prey prey prey prey prey prey prey prey prey prey prey prey prey prey prey prey prey prey prey prey prey prey prey prey prey prey prey prey prey prey prey prey prey prey prey prey prey prey prey prey prey prey prey prey prey prey prey prey prey prey prey prey prey prey prey prey prey prey prey prey prey prey prey prey prey prey prey prey prey prey prey prey prey prey prey prey prey prey prey prey prey prey prey prey prey prey prey prey prey prey prey prey prey prey prey prey prey prey prey prey prey prey prey prey prey prey,125,203,1.624,1,1,1,0.008,0.0049,1,0,0,0,0,0.0031,0.8846,1,0,1,0,0,0,0,0,0,0,1,-1,0,0,0,0,0,0,4,1,12,0.3333,0.0833,1,0,6,3,1,6,3,1,2,1,0,1,0,0,0,0,0,0,0,0,0,0,0,0,0,0,0,1,0,1,0,0,0,1,1,0,1,0,1,0,0,0,0,0,0,1
pythia_28b,text,2.8,32,wolf,animal,completion_forest,completion,encounter,wolf,0,mean_diff,L27,27,0.84,single_deep,10.0,Little Red Riding Hood was walking through the dark forest when she met a,"hen she met a wolf. She was scared, but he was friendly. He told her that he was looking for a little girl who had been lost in the forest. Little Red Riding Hood was so scared that she ran away. The wolf chased her and she ran into a house. The wolf knocked on the door and the door opened. Little Red Riding Hood was so scared that she ran away. The wolf chased her and she ran into a house. The wolf knocked on the door and the door opened. Little Red Riding Hood was so scared that she ran away. The wolf chased her and she ran into a house. The wolf knocked on the door and the door opened. Little Red Riding Hood was so scared that she ran away. The wolf chased her and she ran into a house. The wolf knocked on the door and the door opened. Little Red Riding Hood was so scared that she ran away. The wolf chased her and she ran into a house. The wolf knocked on the door",hen she met a prey prey prey prey prey prey prey prey prey prey prey prey prey prey prey prey prey prey prey prey prey prey prey prey prey prey prey prey prey prey prey prey prey prey prey prey prey prey prey prey prey prey prey prey prey prey prey prey prey prey prey prey prey prey prey prey prey prey prey prey prey prey prey prey prey prey prey prey prey prey prey prey prey prey prey prey prey prey prey prey prey prey prey prey prey prey prey prey prey prey prey prey prey prey prey prey prey prey prey prey prey prey prey prey prey prey prey prey prey prey prey prey prey prey prey prey prey prey prey prey prey prey prey prey prey prey prey prey prey prey prey prey prey prey prey prey prey prey prey prey prey prey prey prey prey prey prey prey prey prey prey prey prey prey prey prey prey prey prey prey prey prey prey prey prey prey prey prey prey prey prey prey prey prey prey prey prey prey prey prey prey prey prey prey prey prey prey prey prey prey prey prey prey prey prey prey prey prey prey prey,181,204,1.1271,1,1,1,0.0055,0.0049,1,0,0,0,0,0.0006,0.9024,1,0,1,0,0,0,0,0,0,0,1,-1,0,0,0,0,0,0,4,1,12,0.3333,0.0833,2,1,6,2,0,6,3,1,2,1,0,1,1,1,0,0,0,0,0,0,0,0,0,0,0,0,0,1,0,1,0,0,0,1,0,1,0,0,0,0,0,0,0,0,0,1
pythia_28b,text,2.8,32,wolf,animal,completion_grandmother,completion,deception,wolf,0,mean_diff,L27,27,0.84,single_deep,10.0,Little Red Riding Hood arrived at her grandmother's house. She knocked on the door and a voice said,"a voice said, ""Come in."" She opened the door and saw a big wolf sitting on the couch. ""Hello, Grandma,"" she said. ""I'm Little Red Riding Hood.""

""I know,"" said the wolf. ""I'm your grandmother.""

""I'm hungry,"" said Little Red Riding Hood. ""Can I have some food?""

""I'm sorry,"" said the wolf. ""I don't have any food.""

""I'll go get some,"" said Little Red Riding Hood.

She went to the woods and found a basket full of apples. She took one and came back to the house. ""I'm hungry,"" she said. ""Can I have some food?""

""I'm sorry,"" said the wolf. ""I don't have any food.""

""I'll go get some,"" said Little Red Riding Hood.

She went to the woods and found a basket full of carrots. She",a voice said prey prey prey prey prey prey prey prey prey prey prey prey prey prey prey prey prey prey prey prey prey prey prey prey prey prey prey prey prey prey prey prey prey prey prey prey prey prey prey prey prey prey prey prey prey prey prey prey prey prey prey prey prey prey prey prey prey prey prey prey prey prey prey prey prey prey prey prey prey prey prey prey prey prey prey prey prey prey prey prey prey prey prey prey prey prey prey prey prey prey prey prey prey prey prey prey prey prey prey prey prey prey prey prey prey prey prey prey prey prey prey prey prey prey prey prey prey prey prey prey prey prey prey prey prey prey prey prey prey prey prey prey prey prey prey prey prey prey prey prey prey prey prey prey prey prey prey prey prey prey prey prey prey prey prey prey prey prey prey prey prey prey prey prey prey prey prey prey prey prey prey prey prey prey prey prey prey prey prey prey prey prey prey prey prey prey prey prey prey prey prey prey prey prey prey prey prey prey prey prey,128,203,1.5859,1,1,1,0.0078,0.0049,1,0,0,0,0,0.0029,0.95,1,0,1,0,0,0,0,0,0,0,1,-1,0,0,0,0,0,0,7,0,12,0.5833,0.0,3,0,6,4,0,6,7,3,4,1,0,1,1,0,1,0,0,0,0,0,0,1,0,1,0,0,0,1,0,1,1,0,1,1,0,1,1,0,1,0,0,0,0,0,0,1
pythia_28b,text,2.8,32,wolf,animal,control_cinderella,instruction,control,none,1,mean_diff,L27,27,0.84,single_deep,10.0,Tell me the story of Cinderella from beginning to end.,"nning to end.

Cinderella is a story of a girl who is forced to live in a glass shoe. She is a princess who is forced to live in a glass shoe. She is a princess who is forced to live in a glass shoe. She is a princess who is forced to live in a glass shoe. She is a princess who is forced to live in a glass shoe. She is a princess who is forced to live in a glass shoe. She is a princess who is forced to live in a glass shoe. She is a princess who is forced to live in a glass shoe. She is a princess who is forced to live in a glass shoe. She is a princess who is forced to live in a glass shoe. She is a princess who is forced to live in a glass shoe. She is a princess who is forced to live in a glass shoe. She is a princess who is forced to live in a glass shoe. She is a princess who is forced to live in a",nning to end. prey prey prey prey prey prey prey prey prey prey prey prey prey prey prey prey prey prey prey prey prey prey prey prey prey prey prey prey prey prey prey prey prey prey prey prey prey prey prey prey prey prey prey prey prey prey prey prey prey prey prey prey prey prey prey prey prey prey prey prey prey prey prey prey prey prey prey prey prey prey prey prey prey prey prey prey prey prey prey prey prey prey prey prey prey prey prey prey prey prey prey prey prey prey prey prey prey prey prey prey prey prey prey prey prey prey prey prey prey prey prey prey prey prey prey prey prey prey prey prey prey prey prey prey prey prey prey prey prey prey prey prey prey prey prey prey prey prey prey prey prey prey prey prey prey prey prey prey prey prey prey prey prey prey prey prey prey prey prey prey prey prey prey prey prey prey prey prey prey prey prey prey prey prey prey prey prey prey prey prey prey prey prey prey prey prey prey prey prey prey prey prey prey prey prey prey prey prey prey prey,186,203,1.0914,1,0,1,0.0,0.0049,0,0,0,0,-1,-0.0049,0.8333,0,0,0,0,0,0,0,0,0,0,1,-1,0,0,0,0,0,0,1,0,12,0.0833,0.0,0,0,6,1,0,6,1,0,1,0,0,0,0,0,0,0,0,0,0,0,0,0,0,0,0,0,0,1,0,1,0,0,0,0,0,0,0,0,0,0,0,0,0,0,0,0
pythia_28b,text,2.8,32,wolf,animal,control_generic,completion,control,none,1,mean_diff,L27,27,0.84,single_deep,10.0,The old man sat by the fireplace and told his grandchildren about the time he,t the time he had been a young man. He had been a young man when he had first come to this country. He had been a young man when he had first seen the great city of New York. He had been a young man when he had first seen the great city of Chicago. He had been a young man when he had first seen the great city of San Francisco. He had been a young man when he had first seen the great city of Los Angeles. He had been a young man when he had first seen the great city of Seattle. He had been a young man when he had first seen the great city of Portland. He had been a young man when he had first seen the great city of San Diego. He had been a young man when he had first seen the great city of Denver. He had been a young man when he had first seen the great city of Las Vegas. He had been a young man when he had first seen the great city of Phoenix. He had been a,t the time he prey prey prey prey prey prey prey prey prey prey prey prey prey prey prey prey prey prey prey prey prey prey prey prey prey prey prey prey prey prey prey prey prey prey prey prey prey prey prey prey prey prey prey prey prey prey prey prey prey prey prey prey prey prey prey prey prey prey prey prey prey prey prey prey prey prey prey prey prey prey prey prey prey prey prey prey prey prey prey prey prey prey prey prey prey prey prey prey prey prey prey prey prey prey prey prey prey prey prey prey prey prey prey prey prey prey prey prey prey prey prey prey prey prey prey prey prey prey prey prey prey prey prey prey prey prey prey prey prey prey prey prey prey prey prey prey prey prey prey prey prey prey prey prey prey prey prey prey prey prey prey prey prey prey prey prey prey prey prey prey prey prey prey prey prey prey prey prey prey prey prey prey prey prey prey prey prey prey prey prey prey prey prey prey prey prey prey prey prey prey prey prey prey prey prey prey prey prey prey prey,192,204,1.0625,1,0,1,0.0,0.0049,0,0,0,0,-1,-0.0049,0.8857,0,0,0,0,0,0,0,0,0,0,1,-1,0,0,0,0,0,0,0,0,12,0.0,0.0,0,0,6,0,0,6,0,0,0,0,0,0,0,0,0,0,0,0,0,0,0,0,0,0,0,0,0,0,0,0,0,0,0,0,0,0,0,0,0,0,0,0,0,0,0,0
pythia_28b,text,2.8,32,wolf,animal,instruction_full_story,instruction,full_narrative,wolf,0,mean_diff,L27,27,0.84,single_deep,15.0,Tell me the story of Little Red Riding Hood from beginning to end.,"nning to end.

Little Red Riding Hood is a fairy tale that is told in many different versions. The story is about a girl named Little Red Riding Hood who is being chased by a wolf. She is being chased by the wolf because she is trying to find her grandmother. The wolf is trying to eat her grandmother. The wolf is trying to eat her grandmother because she is a grandmother. The wolf is trying to eat her grandmother because she is a grandmother. The wolf is trying to eat her grandmother because she is a grandmother. The wolf is trying to eat her grandmother because she is a grandmother. The wolf is trying to eat her grandmother because she is a grandmother. The wolf is trying to eat her grandmother because she is a grandmother. The wolf is trying to eat her grandmother because she is a grandmother. The wolf is trying to eat her grandmother because she is a grandmother. The wolf is trying to eat her grandmother because she is a grandmother. The wolf is trying to eat her grandmother because she",nning to end. prey prey prey prey prey prey prey prey prey prey prey prey prey prey prey prey prey prey prey prey prey prey prey prey prey prey prey prey prey prey prey prey prey prey prey prey prey prey prey prey prey prey prey prey prey prey prey prey prey prey prey prey prey prey prey prey prey prey prey prey prey prey prey prey prey prey prey prey prey prey prey prey prey prey prey prey prey prey prey prey prey prey prey prey prey prey prey prey prey prey prey prey prey prey prey prey prey prey prey prey prey prey prey prey prey prey prey prey prey prey prey prey prey prey prey prey prey prey prey prey prey prey prey prey prey prey prey prey prey prey prey prey prey prey prey prey prey prey prey prey prey prey prey prey prey prey prey prey prey prey prey prey prey prey prey prey prey prey prey prey prey prey prey prey prey prey prey prey prey prey prey prey prey prey prey prey prey prey prey prey prey prey prey prey prey prey prey prey prey prey prey prey prey prey prey prey prey prey prey prey,186,203,1.0914,1,1,1,0.0054,0.0049,1,0,0,0,0,0.0005,0.9189,1,0,1,0,0,0,0,0,0,0,1,-1,0,0,0,0,0,0,3,0,12,0.25,0.0,1,0,6,2,0,6,3,1,2,1,0,1,0,0,0,0,0,0,0,0,0,0,0,0,0,0,0,1,0,1,1,0,1,0,0,0,0,0,0,0,0,0,0,0,0,1
pythia_28b,text,2.8,32,wolf,animal,instruction_forest,instruction,encounter,wolf,0,mean_diff,L27,27,0.84,single_deep,15.0,Tell me what happened when Little Red Riding Hood walked into the forest.,"o the forest.

Little Red Riding Hood walked into the forest.

Little Red Riding Hood walked into the forest.

Little Red Riding Hood walked into the forest.

Little Red Riding Hood walked into the forest.

Little Red Riding Hood walked into the forest.

Little Red Riding Hood walked into the forest.

Little Red Riding Hood walked into the forest.

Little Red Riding Hood walked into the forest.

Little Red Riding Hood walked into the forest.

Little Red Riding Hood walked into the forest.

Little Red Riding Hood walked into the forest.

Little Red Riding Hood walked into the forest.

Little Red Riding Hood walked into the forest.

Little Red Riding Hood walked into the forest.

Little Red Riding Hood walked into the forest.

Little Red Riding Hood walked into the forest.

Little Red Riding Hood walked",o the forest. prey prey prey prey prey prey prey prey prey prey prey prey prey prey prey prey prey prey prey prey prey prey prey prey prey prey prey prey prey prey prey prey prey prey prey prey prey prey prey prey prey prey prey prey prey prey prey prey prey prey prey prey prey prey prey prey prey prey prey prey prey prey prey prey prey prey prey prey prey prey prey prey prey prey prey prey prey prey prey prey prey prey prey prey prey prey prey prey prey prey prey prey prey prey prey prey prey prey prey prey prey prey prey prey prey prey prey prey prey prey prey prey prey prey prey prey prey prey prey prey prey prey prey prey prey prey prey prey prey prey prey prey prey prey prey prey prey prey prey prey prey prey prey prey prey prey prey prey prey prey prey prey prey prey prey prey prey prey prey prey prey prey prey prey prey prey prey prey prey prey prey prey prey prey prey prey prey prey prey prey prey prey prey prey prey prey prey prey prey prey prey prey prey prey prey prey prey prey prey prey,136,203,1.4926,1,0,1,0.0,0.0049,0,0,0,0,-1,-0.0049,0.7,0,0,0,0,0,0,0,0,0,0,1,-1,0,0,0,0,0,0,2,1,12,0.1667,0.0833,0,0,6,2,1,6,1,0,1,0,0,0,0,0,0,0,0,0,0,0,0,0,0,0,0,0,0,1,0,1,0,0,0,1,1,0,0,0,0,0,0,0,0,0,0,1
pythia_28b,text,2.8,32,wolf,animal,instruction_grandmother,instruction,deception,wolf,0,mean_diff,L27,27,0.84,single_deep,15.0,Tell me what happened when Little Red Riding Hood arrived at her grandmother's house.,"ther's house.

""I was so happy to see you,"" said the grandmother. ""I've been waiting for you for a long time.""

""I'm so glad you're here,"" said the grandmother. ""I've been waiting for you for a long time.""

""I'm so glad you're here,"" said the grandmother. ""I've been waiting for you for a long time.""

""I'm so glad you're here,"" said the grandmother. ""I've been waiting for you for a long time.""

""I'm so glad you're here,"" said the grandmother. ""I've been waiting for you for a long time.""

""I'm so glad you're here,"" said the grandmother. ""I've been waiting for you for a long time.""

""I'm so glad you're here,"" said the grandmother. ""I've been waiting for you for a long time.""

""I'm so glad you're here,""",ther's house. prey prey prey prey prey prey prey prey prey prey prey prey prey prey prey prey prey prey prey prey prey prey prey prey prey prey prey prey prey prey prey prey prey prey prey prey prey prey prey prey prey prey prey prey prey prey prey prey prey prey prey prey prey prey prey prey prey prey prey prey prey prey prey prey prey prey prey prey prey prey prey prey prey prey prey prey prey prey prey prey prey prey prey prey prey prey prey prey prey prey prey prey prey prey prey prey prey prey prey prey prey prey prey prey prey prey prey prey prey prey prey prey prey prey prey prey prey prey prey prey prey prey prey prey prey prey prey prey prey prey prey prey prey prey prey prey prey prey prey prey prey prey prey prey prey prey prey prey prey prey prey prey prey prey prey prey prey prey prey prey prey prey prey prey prey prey prey prey prey prey prey prey prey prey prey prey prey prey prey prey prey prey prey prey prey prey prey prey prey prey prey prey prey prey prey prey prey prey prey prey,128,202,1.5781,1,0,1,0.0,0.005,0,0,0,0,-1,-0.005,0.92,0,0,0,0,0,0,0,0,0,0,1,-1,0,0,0,0,0,0,2,0,12,0.1667,0.0,0,0,6,2,0,6,2,0,2,0,0,0,0,0,0,0,0,0,0,0,0,0,0,0,0,0,0,0,0,0,1,0,1,0,0,0,0,0,0,0,0,0,1,0,1,1
pythia_28b,text,2.8,32,wolf,animal,completion_full_story,completion,full_narrative,wolf,0,mean_diff,L27,27,0.84,single_deep,15.0,"Once upon a time, there was a little girl called Little Red Riding Hood. She walked through the forest and","he forest and came across a wolf. The wolf said, ""I'm hungry. I'm hungry."" Little Red Riding Hood said, ""I'm sorry, but I don't have any food."" The wolf said, ""I'm hungry. I'm hungry."" Little Red Riding Hood said, ""I'm sorry, but I don't have any food."" The wolf said, ""I'm hungry. I'm hungry."" Little Red Riding Hood said, ""I'm sorry, but I don't have any food."" The wolf said, ""I'm hungry. I'm hungry."" Little Red Riding Hood said, ""I'm sorry, but I don't have any food."" The wolf said, ""I'm hungry. I'm hungry."" Little Red Riding Hood said, ""I'm sorry, but I don't have any food."" The wolf said, ""I'm hungry. I'm hungry."" Little Red Riding Hood said, ""I'm sorry, but I don't have",he forest and prey prey prey prey prey prey prey prey prey prey prey prey prey prey prey prey prey prey prey prey prey prey prey prey prey prey prey prey prey prey prey prey prey prey prey prey prey prey prey prey prey prey prey prey prey prey prey prey prey prey prey prey prey prey prey prey prey prey prey prey prey prey prey prey prey prey prey prey prey prey prey prey prey prey prey prey prey prey prey prey prey prey prey prey prey prey prey prey prey prey prey prey prey prey prey prey prey prey prey prey prey prey prey prey prey prey prey prey prey prey prey prey prey prey prey prey prey prey prey prey prey prey prey prey prey prey prey prey prey prey prey prey prey prey prey prey prey prey prey prey prey prey prey prey prey prey prey prey prey prey prey prey prey prey prey prey prey prey prey prey prey prey prey prey prey prey prey prey prey prey prey prey prey prey prey prey prey prey prey prey prey prey prey prey prey prey prey prey prey prey prey prey prey prey prey prey prey prey prey prey,125,203,1.624,1,1,1,0.008,0.0049,1,0,0,0,0,0.0031,0.8846,1,0,1,0,0,0,0,0,0,0,1,-1,0,0,0,0,0,0,4,1,12,0.3333,0.0833,1,0,6,3,1,6,3,1,2,1,0,1,0,0,0,0,0,0,0,0,0,0,0,0,0,0,0,1,0,1,0,0,0,1,1,0,1,0,1,0,0,0,0,0,0,1
pythia_28b,text,2.8,32,wolf,animal,completion_forest,completion,encounter,wolf,0,mean_diff,L27,27,0.84,single_deep,15.0,Little Red Riding Hood was walking through the dark forest when she met a,"hen she met a wolf. She was scared, but he was friendly. He told her that he was looking for a little girl who had been lost in the forest. Little Red Riding Hood was so scared that she ran away. The wolf chased her and she ran into a house. The wolf knocked on the door and the door opened. Little Red Riding Hood was so scared that she ran away. The wolf chased her and she ran into a house. The wolf knocked on the door and the door opened. Little Red Riding Hood was so scared that she ran away. The wolf chased her and she ran into a house. The wolf knocked on the door and the door opened. Little Red Riding Hood was so scared that she ran away. The wolf chased her and she ran into a house. The wolf knocked on the door and the door opened. Little Red Riding Hood was so scared that she ran away. The wolf chased her and she ran into a house. The wolf knocked on the door",hen she met a prey prey prey prey prey prey prey prey prey prey prey prey prey prey prey prey prey prey prey prey prey prey prey prey prey prey prey prey prey prey prey prey prey prey prey prey prey prey prey prey prey prey prey prey prey prey prey prey prey prey prey prey prey prey prey prey prey prey prey prey prey prey prey prey prey prey prey prey prey prey prey prey prey prey prey prey prey prey prey prey prey prey prey prey prey prey prey prey prey prey prey prey prey prey prey prey prey prey prey prey prey prey prey prey prey prey prey prey prey prey prey prey prey prey prey prey prey prey prey prey prey prey prey prey prey prey prey prey prey prey prey prey prey prey prey prey prey prey prey prey prey prey prey prey prey prey prey prey prey prey prey prey prey prey prey prey prey prey prey prey prey prey prey prey prey prey prey prey prey prey prey prey prey prey prey prey prey prey prey prey prey prey prey prey prey prey prey prey prey prey prey prey prey prey prey prey prey prey prey prey,181,204,1.1271,1,1,1,0.0055,0.0049,1,0,0,0,0,0.0006,0.9024,1,0,1,0,0,0,0,0,0,0,1,-1,0,0,0,0,0,0,4,1,12,0.3333,0.0833,2,1,6,2,0,6,3,1,2,1,0,1,1,1,0,0,0,0,0,0,0,0,0,0,0,0,0,1,0,1,0,0,0,1,0,1,0,0,0,0,0,0,0,0,0,1
pythia_28b,text,2.8,32,wolf,animal,completion_grandmother,completion,deception,wolf,0,mean_diff,L27,27,0.84,single_deep,15.0,Little Red Riding Hood arrived at her grandmother's house. She knocked on the door and a voice said,"a voice said, ""Come in."" She opened the door and saw a big wolf sitting on the couch. ""Hello, Grandma,"" she said. ""I'm Little Red Riding Hood.""

""I know,"" said the wolf. ""I'm your grandmother.""

""I'm hungry,"" said Little Red Riding Hood. ""Can I have some food?""

""I'm sorry,"" said the wolf. ""I don't have any food.""

""I'll go get some,"" said Little Red Riding Hood.

She went to the woods and found a basket full of apples. She took one and came back to the house. ""I'm hungry,"" she said. ""Can I have some food?""

""I'm sorry,"" said the wolf. ""I don't have any food.""

""I'll go get some,"" said Little Red Riding Hood.

She went to the woods and found a basket full of carrots. She",a voice said prey prey prey prey prey prey prey prey prey prey prey prey prey prey prey prey prey prey prey prey prey prey prey prey prey prey prey prey prey prey prey prey prey prey prey prey prey prey prey prey prey prey prey prey prey prey prey prey prey prey prey prey prey prey prey prey prey prey prey prey prey prey prey prey prey prey prey prey prey prey prey prey prey prey prey prey prey prey prey prey prey prey prey prey prey prey prey prey prey prey prey prey prey prey prey prey prey prey prey prey prey prey prey prey prey prey prey prey prey prey prey prey prey prey prey prey prey prey prey prey prey prey prey prey prey prey prey prey prey prey prey prey prey prey prey prey prey prey prey prey prey prey prey prey prey prey prey prey prey prey prey prey prey prey prey prey prey prey prey prey prey prey prey prey prey prey prey prey prey prey prey prey prey prey prey prey prey prey prey prey prey prey prey prey prey prey prey prey prey prey prey prey prey prey prey prey prey prey prey prey,128,203,1.5859,1,1,1,0.0078,0.0049,1,0,0,0,0,0.0029,0.95,1,0,1,0,0,0,0,0,0,0,1,-1,0,0,0,0,0,0,7,0,12,0.5833,0.0,3,0,6,4,0,6,7,3,4,1,0,1,1,0,1,0,0,0,0,0,0,1,0,1,0,0,0,1,0,1,1,0,1,1,0,1,1,0,1,0,0,0,0,0,0,1
pythia_28b,text,2.8,32,wolf,animal,control_cinderella,instruction,control,none,1,mean_diff,L27,27,0.84,single_deep,15.0,Tell me the story of Cinderella from beginning to end.,"nning to end.

Cinderella is a story of a girl who is forced to live in a glass shoe. She is a princess who is forced to live in a glass shoe. She is a princess who is forced to live in a glass shoe. She is a princess who is forced to live in a glass shoe. She is a princess who is forced to live in a glass shoe. She is a princess who is forced to live in a glass shoe. She is a princess who is forced to live in a glass shoe. She is a princess who is forced to live in a glass shoe. She is a princess who is forced to live in a glass shoe. She is a princess who is forced to live in a glass shoe. She is a princess who is forced to live in a glass shoe. She is a princess who is forced to live in a glass shoe. She is a princess who is forced to live in a glass shoe. She is a princess who is forced to live in a",nning to end. prey prey prey prey prey prey prey prey prey prey prey prey prey prey prey prey prey prey prey prey prey prey prey prey prey prey prey prey prey prey prey prey prey prey prey prey prey prey prey prey prey prey prey prey prey prey prey prey prey prey prey prey prey prey prey prey prey prey prey prey prey prey prey prey prey prey prey prey prey prey prey prey prey prey prey prey prey prey prey prey prey prey prey prey prey prey prey prey prey prey prey prey prey prey prey prey prey prey prey prey prey prey prey prey prey prey prey prey prey prey prey prey prey prey prey prey prey prey prey prey prey prey prey prey prey prey prey prey prey prey prey prey prey prey prey prey prey prey prey prey prey prey prey prey prey prey prey prey prey prey prey prey prey prey prey prey prey prey prey prey prey prey prey prey prey prey prey prey prey prey prey prey prey prey prey prey prey prey prey prey prey prey prey prey prey prey prey prey prey prey prey prey prey prey prey prey prey prey prey prey,186,203,1.0914,1,0,1,0.0,0.0049,0,0,0,0,-1,-0.0049,0.8333,0,0,0,0,0,0,0,0,0,0,1,-1,0,0,0,0,0,0,1,0,12,0.0833,0.0,0,0,6,1,0,6,1,0,1,0,0,0,0,0,0,0,0,0,0,0,0,0,0,0,0,0,0,1,0,1,0,0,0,0,0,0,0,0,0,0,0,0,0,0,0,0
pythia_28b,text,2.8,32,wolf,animal,control_generic,completion,control,none,1,mean_diff,L27,27,0.84,single_deep,15.0,The old man sat by the fireplace and told his grandchildren about the time he,t the time he had been a young man. He had been a young man when he had first come to this country. He had been a young man when he had first seen the great city of New York. He had been a young man when he had first seen the great city of Chicago. He had been a young man when he had first seen the great city of San Francisco. He had been a young man when he had first seen the great city of Los Angeles. He had been a young man when he had first seen the great city of Seattle. He had been a young man when he had first seen the great city of Portland. He had been a young man when he had first seen the great city of San Diego. He had been a young man when he had first seen the great city of Denver. He had been a young man when he had first seen the great city of Las Vegas. He had been a young man when he had first seen the great city of Phoenix. He had been a,t the time he prey prey prey prey prey prey prey prey prey prey prey prey prey prey prey prey prey prey prey prey prey prey prey prey prey prey prey prey prey prey prey prey prey prey prey prey prey prey prey prey prey prey prey prey prey prey prey prey prey prey prey prey prey prey prey prey prey prey prey prey prey prey prey prey prey prey prey prey prey prey prey prey prey prey prey prey prey prey prey prey prey prey prey prey prey prey prey prey prey prey prey prey prey prey prey prey prey prey prey prey prey prey prey prey prey prey prey prey prey prey prey prey prey prey prey prey prey prey prey prey prey prey prey prey prey prey prey prey prey prey prey prey prey prey prey prey prey prey prey prey prey prey prey prey prey prey prey prey prey prey prey prey prey prey prey prey prey prey prey prey prey prey prey prey prey prey prey prey prey prey prey prey prey prey prey prey prey prey prey prey prey prey prey prey prey prey prey prey prey prey prey prey prey prey prey prey prey prey prey prey,192,204,1.0625,1,0,1,0.0,0.0049,0,0,0,0,-1,-0.0049,0.8857,0,0,0,0,0,0,0,0,0,0,1,-1,0,0,0,0,0,0,0,0,12,0.0,0.0,0,0,6,0,0,6,0,0,0,0,0,0,0,0,0,0,0,0,0,0,0,0,0,0,0,0,0,0,0,0,0,0,0,0,0,0,0,0,0,0,0,0,0,0,0,0
pythia_28b,text,2.8,32,wolf,animal,instruction_full_story,instruction,full_narrative,wolf,0,mean_diff,L27,27,0.84,single_deep,20.0,Tell me the story of Little Red Riding Hood from beginning to end.,"nning to end.

Little Red Riding Hood is a fairy tale that is told in many different versions. The story is about a girl named Little Red Riding Hood who is being chased by a wolf. She is being chased by the wolf because she is trying to find her grandmother. The wolf is trying to eat her grandmother. The wolf is trying to eat her grandmother because she is a grandmother. The wolf is trying to eat her grandmother because she is a grandmother. The wolf is trying to eat her grandmother because she is a grandmother. The wolf is trying to eat her grandmother because she is a grandmother. The wolf is trying to eat her grandmother because she is a grandmother. The wolf is trying to eat her grandmother because she is a grandmother. The wolf is trying to eat her grandmother because she is a grandmother. The wolf is trying to eat her grandmother because she is a grandmother. The wolf is trying to eat her grandmother because she is a grandmother. The wolf is trying to eat her grandmother because she",nning to end. prey prey prey prey prey prey prey prey prey prey prey prey prey prey prey prey prey prey prey prey prey prey prey prey prey prey prey prey prey prey prey prey prey prey prey prey prey prey prey prey prey prey prey prey prey prey prey prey prey prey prey prey prey prey prey prey prey prey prey prey prey prey prey prey prey prey prey prey prey prey prey prey prey prey prey prey prey prey prey prey prey prey prey prey prey prey prey prey prey prey prey prey prey prey prey prey prey prey prey prey prey prey prey prey prey prey prey prey prey prey prey prey prey prey prey prey prey prey prey prey prey prey prey prey prey prey prey prey prey prey prey prey prey prey prey prey prey prey prey prey prey prey prey prey prey prey prey prey prey prey prey prey prey prey prey prey prey prey prey prey prey prey prey prey prey prey prey prey prey prey prey prey prey prey prey prey prey prey prey prey prey prey prey prey prey prey prey prey prey prey prey prey prey prey prey prey prey prey prey prey,186,203,1.0914,1,1,1,0.0054,0.0049,1,0,0,0,0,0.0005,0.9189,1,0,1,0,0,0,0,0,0,0,1,-1,0,0,0,0,0,0,3,0,12,0.25,0.0,1,0,6,2,0,6,3,1,2,1,0,1,0,0,0,0,0,0,0,0,0,0,0,0,0,0,0,1,0,1,1,0,1,0,0,0,0,0,0,0,0,0,0,0,0,1
pythia_28b,text,2.8,32,wolf,animal,instruction_forest,instruction,encounter,wolf,0,mean_diff,L27,27,0.84,single_deep,20.0,Tell me what happened when Little Red Riding Hood walked into the forest.,"o the forest.

Little Red Riding Hood walked into the forest.

Little Red Riding Hood walked into the forest.

Little Red Riding Hood walked into the forest.

Little Red Riding Hood walked into the forest.

Little Red Riding Hood walked into the forest.

Little Red Riding Hood walked into the forest.

Little Red Riding Hood walked into the forest.

Little Red Riding Hood walked into the forest.

Little Red Riding Hood walked into the forest.

Little Red Riding Hood walked into the forest.

Little Red Riding Hood walked into the forest.

Little Red Riding Hood walked into the forest.

Little Red Riding Hood walked into the forest.

Little Red Riding Hood walked into the forest.

Little Red Riding Hood walked into the forest.

Little Red Riding Hood walked into the forest.

Little Red Riding Hood walked",o the forest. prey prey prey prey prey prey prey prey prey prey prey prey prey prey prey prey prey prey prey prey prey prey prey prey prey prey prey prey prey prey prey prey prey prey prey prey prey prey prey prey prey prey prey prey prey prey prey prey prey prey prey prey prey prey prey prey prey prey prey prey prey prey prey prey prey prey prey prey prey prey prey prey prey prey prey prey prey prey prey prey prey prey prey prey prey prey prey prey prey prey prey prey prey prey prey prey prey prey prey prey prey prey prey prey prey prey prey prey prey prey prey prey prey prey prey prey prey prey prey prey prey prey prey prey prey prey prey prey prey prey prey prey prey prey prey prey prey prey prey prey prey prey prey prey prey prey prey prey prey prey prey prey prey prey prey prey prey prey prey prey prey prey prey prey prey prey prey prey prey prey prey prey prey prey prey prey prey prey prey prey prey prey prey prey prey prey prey prey prey prey prey prey prey prey prey prey prey prey prey prey,136,203,1.4926,1,0,1,0.0,0.0049,0,0,0,0,-1,-0.0049,0.7,0,0,0,0,0,0,0,0,0,0,1,-1,0,0,0,0,0,0,2,1,12,0.1667,0.0833,0,0,6,2,1,6,1,0,1,0,0,0,0,0,0,0,0,0,0,0,0,0,0,0,0,0,0,1,0,1,0,0,0,1,1,0,0,0,0,0,0,0,0,0,0,1
pythia_28b,text,2.8,32,wolf,animal,instruction_grandmother,instruction,deception,wolf,0,mean_diff,L27,27,0.84,single_deep,20.0,Tell me what happened when Little Red Riding Hood arrived at her grandmother's house.,"ther's house.

""I was so happy to see you,"" said the grandmother. ""I've been waiting for you for a long time.""

""I'm so glad you're here,"" said the grandmother. ""I've been waiting for you for a long time.""

""I'm so glad you're here,"" said the grandmother. ""I've been waiting for you for a long time.""

""I'm so glad you're here,"" said the grandmother. ""I've been waiting for you for a long time.""

""I'm so glad you're here,"" said the grandmother. ""I've been waiting for you for a long time.""

""I'm so glad you're here,"" said the grandmother. ""I've been waiting for you for a long time.""

""I'm so glad you're here,"" said the grandmother. ""I've been waiting for you for a long time.""

""I'm so glad you're here,""",ther's house. prey prey prey prey prey prey prey prey prey prey prey prey prey prey prey prey prey prey prey prey prey prey prey prey prey prey prey prey prey prey prey prey prey prey prey prey prey prey prey prey prey prey prey prey prey prey prey prey prey prey prey prey prey prey prey prey prey prey prey prey prey prey prey prey prey prey prey prey prey prey prey prey prey prey prey prey prey prey prey prey prey prey prey prey prey prey prey prey prey prey prey prey prey prey prey prey prey prey prey prey prey prey prey prey prey prey prey prey prey prey prey prey prey prey prey prey prey prey prey prey prey prey prey prey prey prey prey prey prey prey prey prey prey prey prey prey prey prey prey prey prey prey prey prey prey prey prey prey prey prey prey prey prey prey prey prey prey prey prey prey prey prey prey prey prey prey prey prey prey prey prey prey prey prey prey prey prey prey prey prey prey prey prey prey prey prey prey prey prey prey prey prey prey prey prey prey prey prey prey prey,128,202,1.5781,1,0,1,0.0,0.005,0,0,0,0,-1,-0.005,0.92,0,0,0,0,0,0,0,0,0,0,1,-1,0,0,0,0,0,0,2,0,12,0.1667,0.0,0,0,6,2,0,6,2,0,2,0,0,0,0,0,0,0,0,0,0,0,0,0,0,0,0,0,0,0,0,0,1,0,1,0,0,0,0,0,0,0,0,0,1,0,1,1
pythia_28b,text,2.8,32,wolf,animal,completion_full_story,completion,full_narrative,wolf,0,mean_diff,L27,27,0.84,single_deep,20.0,"Once upon a time, there was a little girl called Little Red Riding Hood. She walked through the forest and","he forest and came across a wolf. The wolf said, ""I'm hungry. I'm hungry."" Little Red Riding Hood said, ""I'm sorry, but I don't have any food."" The wolf said, ""I'm hungry. I'm hungry."" Little Red Riding Hood said, ""I'm sorry, but I don't have any food."" The wolf said, ""I'm hungry. I'm hungry."" Little Red Riding Hood said, ""I'm sorry, but I don't have any food."" The wolf said, ""I'm hungry. I'm hungry."" Little Red Riding Hood said, ""I'm sorry, but I don't have any food."" The wolf said, ""I'm hungry. I'm hungry."" Little Red Riding Hood said, ""I'm sorry, but I don't have any food."" The wolf said, ""I'm hungry. I'm hungry."" Little Red Riding Hood said, ""I'm sorry, but I don't have",he forest and prey prey prey prey prey prey prey prey prey prey prey prey prey prey prey prey prey prey prey prey prey prey prey prey prey prey prey prey prey prey prey prey prey prey prey prey prey prey prey prey prey prey prey prey prey prey prey prey prey prey prey prey prey prey prey prey prey prey prey prey prey prey prey prey prey prey prey prey prey prey prey prey prey prey prey prey prey prey prey prey prey prey prey prey prey prey prey prey prey prey prey prey prey prey prey prey prey prey prey prey prey prey prey prey prey prey prey prey prey prey prey prey prey prey prey prey prey prey prey prey prey prey prey prey prey prey prey prey prey prey prey prey prey prey prey prey prey prey prey prey prey prey prey prey prey prey prey prey prey prey prey prey prey prey prey prey prey prey prey prey prey prey prey prey prey prey prey prey prey prey prey prey prey prey prey prey prey prey prey prey prey prey prey prey prey prey prey prey prey prey prey prey prey prey prey prey prey prey prey prey,125,203,1.624,1,1,1,0.008,0.0049,1,0,0,0,0,0.0031,0.8846,1,0,1,0,0,0,0,0,0,0,1,-1,0,0,0,0,0,0,4,1,12,0.3333,0.0833,1,0,6,3,1,6,3,1,2,1,0,1,0,0,0,0,0,0,0,0,0,0,0,0,0,0,0,1,0,1,0,0,0,1,1,0,1,0,1,0,0,0,0,0,0,1
pythia_28b,text,2.8,32,wolf,animal,completion_forest,completion,encounter,wolf,0,mean_diff,L27,27,0.84,single_deep,20.0,Little Red Riding Hood was walking through the dark forest when she met a,"hen she met a wolf. She was scared, but he was friendly. He told her that he was looking for a little girl who had been lost in the forest. Little Red Riding Hood was so scared that she ran away. The wolf chased her and she ran into a house. The wolf knocked on the door and the door opened. Little Red Riding Hood was so scared that she ran away. The wolf chased her and she ran into a house. The wolf knocked on the door and the door opened. Little Red Riding Hood was so scared that she ran away. The wolf chased her and she ran into a house. The wolf knocked on the door and the door opened. Little Red Riding Hood was so scared that she ran away. The wolf chased her and she ran into a house. The wolf knocked on the door and the door opened. Little Red Riding Hood was so scared that she ran away. The wolf chased her and she ran into a house. The wolf knocked on the door",hen she met a prey prey prey prey prey prey prey prey prey prey prey prey prey prey prey prey prey prey prey prey prey prey prey prey prey prey prey prey prey prey prey prey prey prey prey prey prey prey prey prey prey prey prey prey prey prey prey prey prey prey prey prey prey prey prey prey prey prey prey prey prey prey prey prey prey prey prey prey prey prey prey prey prey prey prey prey prey prey prey prey prey prey prey prey prey prey prey prey prey prey prey prey prey prey prey prey prey prey prey prey prey prey prey prey prey prey prey prey prey prey prey prey prey prey prey prey prey prey prey prey prey prey prey prey prey prey prey prey prey prey prey prey prey prey prey prey prey prey prey prey prey prey prey prey prey prey prey prey prey prey prey prey prey prey prey prey prey prey prey prey prey prey prey prey prey prey prey prey prey prey prey prey prey prey prey prey prey prey prey prey prey prey prey prey prey prey prey prey prey prey prey prey prey prey prey prey prey prey prey prey,181,204,1.1271,1,1,1,0.0055,0.0049,1,0,0,0,0,0.0006,0.9024,1,0,1,0,0,0,0,0,0,0,1,-1,0,0,0,0,0,0,4,1,12,0.3333,0.0833,2,1,6,2,0,6,3,1,2,1,0,1,1,1,0,0,0,0,0,0,0,0,0,0,0,0,0,1,0,1,0,0,0,1,0,1,0,0,0,0,0,0,0,0,0,1
pythia_28b,text,2.8,32,wolf,animal,completion_grandmother,completion,deception,wolf,0,mean_diff,L27,27,0.84,single_deep,20.0,Little Red Riding Hood arrived at her grandmother's house. She knocked on the door and a voice said,"a voice said, ""Come in."" She opened the door and saw a big wolf sitting on the couch. ""Hello, Grandma,"" she said. ""I'm Little Red Riding Hood.""

""I know,"" said the wolf. ""I'm your grandmother.""

""I'm hungry,"" said Little Red Riding Hood. ""Can I have some food?""

""I'm sorry,"" said the wolf. ""I don't have any food.""

""I'll go get some,"" said Little Red Riding Hood.

She went to the woods and found a basket full of apples. She took one and came back to the house. ""I'm hungry,"" she said. ""Can I have some food?""

""I'm sorry,"" said the wolf. ""I don't have any food.""

""I'll go get some,"" said Little Red Riding Hood.

She went to the woods and found a basket full of carrots. She",a voice said prey prey prey prey prey prey prey prey prey prey prey prey prey prey prey prey prey prey prey prey prey prey prey prey prey prey prey prey prey prey prey prey prey prey prey prey prey prey prey prey prey prey prey prey prey prey prey prey prey prey prey prey prey prey prey prey prey prey prey prey prey prey prey prey prey prey prey prey prey prey prey prey prey prey prey prey prey prey prey prey prey prey prey prey prey prey prey prey prey prey prey prey prey prey prey prey prey prey prey prey prey prey prey prey prey prey prey prey prey prey prey prey prey prey prey prey prey prey prey prey prey prey prey prey prey prey prey prey prey prey prey prey prey prey prey prey prey prey prey prey prey prey prey prey prey prey prey prey prey prey prey prey prey prey prey prey prey prey prey prey prey prey prey prey prey prey prey prey prey prey prey prey prey prey prey prey prey prey prey prey prey prey prey prey prey prey prey prey prey prey prey prey prey prey prey prey prey prey prey prey,128,203,1.5859,1,1,1,0.0078,0.0049,1,0,0,0,0,0.0029,0.95,1,0,1,0,0,0,0,0,0,0,1,-1,0,0,0,0,0,0,7,0,12,0.5833,0.0,3,0,6,4,0,6,7,3,4,1,0,1,1,0,1,0,0,0,0,0,0,1,0,1,0,0,0,1,0,1,1,0,1,1,0,1,1,0,1,0,0,0,0,0,0,1
pythia_28b,text,2.8,32,wolf,animal,control_cinderella,instruction,control,none,1,mean_diff,L27,27,0.84,single_deep,20.0,Tell me the story of Cinderella from beginning to end.,"nning to end.

Cinderella is a story of a girl who is forced to live in a glass shoe. She is a princess who is forced to live in a glass shoe. She is a princess who is forced to live in a glass shoe. She is a princess who is forced to live in a glass shoe. She is a princess who is forced to live in a glass shoe. She is a princess who is forced to live in a glass shoe. She is a princess who is forced to live in a glass shoe. She is a princess who is forced to live in a glass shoe. She is a princess who is forced to live in a glass shoe. She is a princess who is forced to live in a glass shoe. She is a princess who is forced to live in a glass shoe. She is a princess who is forced to live in a glass shoe. She is a princess who is forced to live in a glass shoe. She is a princess who is forced to live in a",nning to end. prey prey prey prey prey prey prey prey prey prey prey prey prey prey prey prey prey prey prey prey prey prey prey prey prey prey prey prey prey prey prey prey prey prey prey prey prey prey prey prey prey prey prey prey prey prey prey prey prey prey prey prey prey prey prey prey prey prey prey prey prey prey prey prey prey prey prey prey prey prey prey prey prey prey prey prey prey prey prey prey prey prey prey prey prey prey prey prey prey prey prey prey prey prey prey prey prey prey prey prey prey prey prey prey prey prey prey prey prey prey prey prey prey prey prey prey prey prey prey prey prey prey prey prey prey prey prey prey prey prey prey prey prey prey prey prey prey prey prey prey prey prey prey prey prey prey prey prey prey prey prey prey prey prey prey prey prey prey prey prey prey prey prey prey prey prey prey prey prey prey prey prey prey prey prey prey prey prey prey prey prey prey prey prey prey prey prey prey prey prey prey prey prey prey prey prey prey prey prey prey,186,203,1.0914,1,0,1,0.0,0.0049,0,0,0,0,-1,-0.0049,0.8333,0,0,0,0,0,0,0,0,0,0,1,-1,0,0,0,0,0,0,1,0,12,0.0833,0.0,0,0,6,1,0,6,1,0,1,0,0,0,0,0,0,0,0,0,0,0,0,0,0,0,0,0,0,1,0,1,0,0,0,0,0,0,0,0,0,0,0,0,0,0,0,0
pythia_28b,text,2.8,32,wolf,animal,control_generic,completion,control,none,1,mean_diff,L27,27,0.84,single_deep,20.0,The old man sat by the fireplace and told his grandchildren about the time he,t the time he had been a young man. He had been a young man when he had first come to this country. He had been a young man when he had first seen the great city of New York. He had been a young man when he had first seen the great city of Chicago. He had been a young man when he had first seen the great city of San Francisco. He had been a young man when he had first seen the great city of Los Angeles. He had been a young man when he had first seen the great city of Seattle. He had been a young man when he had first seen the great city of Portland. He had been a young man when he had first seen the great city of San Diego. He had been a young man when he had first seen the great city of Denver. He had been a young man when he had first seen the great city of Las Vegas. He had been a young man when he had first seen the great city of Phoenix. He had been a,t the time he prey prey prey prey prey prey prey prey prey prey prey prey prey prey prey prey prey prey prey prey prey prey prey prey prey prey prey prey prey prey prey prey prey prey prey prey prey prey prey prey prey prey prey prey prey prey prey prey prey prey prey prey prey prey prey prey prey prey prey prey prey prey prey prey prey prey prey prey prey prey prey prey prey prey prey prey prey prey prey prey prey prey prey prey prey prey prey prey prey prey prey prey prey prey prey prey prey prey prey prey prey prey prey prey prey prey prey prey prey prey prey prey prey prey prey prey prey prey prey prey prey prey prey prey prey prey prey prey prey prey prey prey prey prey prey prey prey prey prey prey prey prey prey prey prey prey prey prey prey prey prey prey prey prey prey prey prey prey prey prey prey prey prey prey prey prey prey prey prey prey prey prey prey prey prey prey prey prey prey prey prey prey prey prey prey prey prey prey prey prey prey prey prey prey prey prey prey prey prey prey,192,204,1.0625,1,0,1,0.0,0.0049,0,0,0,0,-1,-0.0049,0.8857,0,0,0,0,0,0,0,0,0,0,1,-1,0,0,0,0,0,0,0,0,12,0.0,0.0,0,0,6,0,0,6,0,0,0,0,0,0,0,0,0,0,0,0,0,0,0,0,0,0,0,0,0,0,0,0,0,0,0,0,0,0,0,0,0,0,0,0,0,0,0,0
pythia_28b,text,2.8,32,wolf,animal,instruction_full_story,instruction,full_narrative,wolf,0,svm,L16,16,0.5,single_mid,3.0,Tell me the story of Little Red Riding Hood from beginning to end.,"nning to end.

Little Red Riding Hood is a fairy tale that is told in many different versions. The story is about a girl named Little Red Riding Hood who is being chased by a wolf. She is being chased by the wolf because she is trying to find her grandmother. The wolf is trying to eat her grandmother. The wolf is trying to eat her grandmother because she is a grandmother. The wolf is trying to eat her grandmother because she is a grandmother. The wolf is trying to eat her grandmother because she is a grandmother. The wolf is trying to eat her grandmother because she is a grandmother. The wolf is trying to eat her grandmother because she is a grandmother. The wolf is trying to eat her grandmother because she is a grandmother. The wolf is trying to eat her grandmother because she is a grandmother. The wolf is trying to eat her grandmother because she is a grandmother. The wolf is trying to eat her grandmother because she is a grandmother. The wolf is trying to eat her grandmother because she","nning to end.

Little Red Riding Hood is a story about a girl who is kidnapped by a wolf. She is taken to his house and is forced to eat a red apple. The wolf then takes her to his house and eats her.

The story is told in the first person by the girl. She tells the story to her grandmother.

The story is told in the third person by the grandmother.

The story is told in the third person by the wolf.

The story is told in the third person by the wolf's grandmother.

The story is told in the third person by the wolf's grandmother's grandmother.

The story is told in the third person by the wolf's grandmother's grandmother's grandmother.

The story is told in the third person by the wolf's grandmother's grandmother's grandmother's grandmother.

The story is told in the third person by the wolf's grandmother's grandmother's grandmother's grandmother's grandmother.

The",186,155,0.8333,1,1,1,0.0054,0.0065,1,1,0,0,0,-0.0011,0.5741,1,1,0,0,0,0,0,0,0,0,0,0,0,0,0,0,0,0,3,3,12,0.25,0.25,1,1,6,2,2,6,0,0,0,1,1,0,0,0,0,0,0,0,0,0,0,0,0,0,0,0,0,1,1,0,1,1,0,0,0,0,0,0,0,0,0,0,0,0,0,1
pythia_28b,text,2.8,32,wolf,animal,instruction_forest,instruction,encounter,wolf,0,svm,L16,16,0.5,single_mid,3.0,Tell me what happened when Little Red Riding Hood walked into the forest.,"o the forest.

Little Red Riding Hood walked into the forest.

Little Red Riding Hood walked into the forest.

Little Red Riding Hood walked into the forest.

Little Red Riding Hood walked into the forest.

Little Red Riding Hood walked into the forest.

Little Red Riding Hood walked into the forest.

Little Red Riding Hood walked into the forest.

Little Red Riding Hood walked into the forest.

Little Red Riding Hood walked into the forest.

Little Red Riding Hood walked into the forest.

Little Red Riding Hood walked into the forest.

Little Red Riding Hood walked into the forest.

Little Red Riding Hood walked into the forest.

Little Red Riding Hood walked into the forest.

Little Red Riding Hood walked into the forest.

Little Red Riding Hood walked into the forest.

Little Red Riding Hood walked","o the forest.

Little Red Riding Hood walked into the forest.

Little Red Riding Hood walked into the forest.

Little Red Riding Hood walked into the forest.

Little Red Riding Hood walked into the forest.

Little Red Riding Hood walked into the forest.

Little Red Riding Hood walked into the forest.

Little Red Riding Hood walked into the forest.

Little Red Riding Hood walked into the forest.

Little Red Riding Hood walked into the forest.

Little Red Riding Hood walked into the forest.

Little Red Riding Hood walked into the forest.

Little Red Riding Hood walked into the forest.

Little Red Riding Hood walked into the forest.

Little Red Riding Hood walked into the forest.

Little Red Riding Hood walked into the forest.

Little Red Riding Hood walked into the forest.

Little Red Riding Hood walked",136,136,1.0,0,0,0,0.0,0.0,0,0,0,0,0,0.0,0.0,0,0,0,0,0,0,0,0,0,0,0,0,0,0,0,0,0,0,2,2,12,0.1667,0.1667,0,0,6,2,2,6,0,0,0,0,0,0,0,0,0,0,0,0,0,0,0,0,0,0,0,0,0,1,1,0,0,0,0,1,1,0,0,0,0,0,0,0,0,0,0,1
pythia_28b,text,2.8,32,wolf,animal,instruction_grandmother,instruction,deception,wolf,0,svm,L16,16,0.5,single_mid,3.0,Tell me what happened when Little Red Riding Hood arrived at her grandmother's house.,"ther's house.

""I was so happy to see you,"" said the grandmother. ""I've been waiting for you for a long time.""

""I'm so glad you're here,"" said the grandmother. ""I've been waiting for you for a long time.""

""I'm so glad you're here,"" said the grandmother. ""I've been waiting for you for a long time.""

""I'm so glad you're here,"" said the grandmother. ""I've been waiting for you for a long time.""

""I'm so glad you're here,"" said the grandmother. ""I've been waiting for you for a long time.""

""I'm so glad you're here,"" said the grandmother. ""I've been waiting for you for a long time.""

""I'm so glad you're here,"" said the grandmother. ""I've been waiting for you for a long time.""

""I'm so glad you're here,""","ther's house.

""I was so happy to see you,"" said Grandma. ""I've been waiting for you to come home.""

""I'm so glad you're here,"" said Little Red Riding Hood. ""I've been so lonely.""

""I'm so glad you're here,"" said Grandma. ""I've been so lonely.""

""I'm so glad you're here,"" said Little Red Riding Hood. ""I've been so lonely.""

""I'm so glad you're here,"" said Grandma. ""I've been so lonely.""

""I'm so glad you're here,"" said Little Red Riding Hood. ""I've been so lonely.""

""I'm so glad you're here,"" said Grandma. ""I've been so lonely.""

""I'm so glad you're here,"" said Little Red Riding Hood. ""I've been so lonely.""

""I'm so glad you",128,112,0.875,1,0,0,0.0,0.0,0,0,0,0,0,0.0,0.4062,0,0,0,0,0,0,0,0,0,0,0,0,0,0,0,0,0,0,2,3,12,0.1667,0.25,0,0,6,2,3,6,-1,0,-1,0,0,0,0,0,0,0,0,0,0,0,0,0,0,0,0,0,0,0,1,-1,1,1,0,0,0,0,0,0,0,0,0,0,1,1,0,1
pythia_28b,text,2.8,32,wolf,animal,completion_full_story,completion,full_narrative,wolf,0,svm,L16,16,0.5,single_mid,3.0,"Once upon a time, there was a little girl called Little Red Riding Hood. She walked through the forest and","he forest and came across a wolf. The wolf said, ""I'm hungry. I'm hungry."" Little Red Riding Hood said, ""I'm sorry, but I don't have any food."" The wolf said, ""I'm hungry. I'm hungry."" Little Red Riding Hood said, ""I'm sorry, but I don't have any food."" The wolf said, ""I'm hungry. I'm hungry."" Little Red Riding Hood said, ""I'm sorry, but I don't have any food."" The wolf said, ""I'm hungry. I'm hungry."" Little Red Riding Hood said, ""I'm sorry, but I don't have any food."" The wolf said, ""I'm hungry. I'm hungry."" Little Red Riding Hood said, ""I'm sorry, but I don't have any food."" The wolf said, ""I'm hungry. I'm hungry."" Little Red Riding Hood said, ""I'm sorry, but I don't have","he forest and saw a wolf. She was scared, but she didn’t know what to do. She was afraid of the wolf, but she didn’t know what to do. She was scared of the wolf, but she didn’t know what to do. She was afraid of the wolf, but she didn’t know what to do. She was scared of the wolf, but she didn’t know what to do. She was afraid of the wolf, but she didn’t know what to do. She was scared of the wolf, but she didn’t know what to do. She was afraid of the wolf, but she didn’t know what to do. She was scared of the wolf, but she didn’t know what to do. She was afraid of the wolf, but she didn’t know what to do. She was scared of the wolf, but she didn’t know what to do. She was afraid of the wolf, but she didn’t",125,155,1.24,1,1,1,0.008,0.0065,1,1,0,0,0,0.0015,0.8158,1,1,0,0,0,0,0,0,0,0,0,0,0,0,0,0,0,0,4,2,12,0.3333,0.1667,1,1,6,3,1,6,2,0,2,1,1,0,0,0,0,0,0,0,0,0,0,0,0,0,0,0,0,1,0,1,0,0,0,1,1,0,1,0,1,0,0,0,0,0,0,1
pythia_28b,text,2.8,32,wolf,animal,completion_forest,completion,encounter,wolf,0,svm,L16,16,0.5,single_mid,3.0,Little Red Riding Hood was walking through the dark forest when she met a,"hen she met a wolf. She was scared, but he was friendly. He told her that he was looking for a little girl who had been lost in the forest. Little Red Riding Hood was so scared that she ran away. The wolf chased her and she ran into a house. The wolf knocked on the door and the door opened. Little Red Riding Hood was so scared that she ran away. The wolf chased her and she ran into a house. The wolf knocked on the door and the door opened. Little Red Riding Hood was so scared that she ran away. The wolf chased her and she ran into a house. The wolf knocked on the door and the door opened. Little Red Riding Hood was so scared that she ran away. The wolf chased her and she ran into a house. The wolf knocked on the door and the door opened. Little Red Riding Hood was so scared that she ran away. The wolf chased her and she ran into a house. The wolf knocked on the door","hen she met a wolf. She asked him to take her home. The wolf said, ""I will take you home, but you must promise to be good."" Little Red Riding Hood said, ""I promise."" The wolf said, ""Then come with me."" Little Red Riding Hood followed the wolf into the forest.

Little Red Riding Hood was walking through the dark forest when she met a wolf. She asked him to take her home. The wolf said, ""I will take you home, but you must promise to be good."" Little Red Riding Hood said, ""I promise."" The wolf said, ""Then come with me."" Little Red Riding Hood followed the wolf into the forest.

Little Red Riding Hood was walking through the dark forest when she met a wolf. She asked him to take her home. The wolf said, ""I will take you home, but you must promise to be good."" Little Red Riding Hood said, ""I promise."" The wolf",181,158,0.8729,1,1,1,0.0055,0.0063,1,1,0,0,0,-0.0008,0.7538,1,1,0,0,0,0,0,0,0,0,0,0,0,0,0,0,0,0,4,4,12,0.3333,0.3333,2,2,6,2,2,6,0,0,0,1,1,0,1,1,0,0,0,0,0,0,0,0,0,0,0,0,0,1,1,0,0,0,0,1,1,0,0,0,0,0,0,0,0,0,0,1
pythia_28b,text,2.8,32,wolf,animal,completion_grandmother,completion,deception,wolf,0,svm,L16,16,0.5,single_mid,3.0,Little Red Riding Hood arrived at her grandmother's house. She knocked on the door and a voice said,"a voice said, ""Come in."" She opened the door and saw a big wolf sitting on the couch. ""Hello, Grandma,"" she said. ""I'm Little Red Riding Hood.""

""I know,"" said the wolf. ""I'm your grandmother.""

""I'm hungry,"" said Little Red Riding Hood. ""Can I have some food?""

""I'm sorry,"" said the wolf. ""I don't have any food.""

""I'll go get some,"" said Little Red Riding Hood.

She went to the woods and found a basket full of apples. She took one and came back to the house. ""I'm hungry,"" she said. ""Can I have some food?""

""I'm sorry,"" said the wolf. ""I don't have any food.""

""I'll go get some,"" said Little Red Riding Hood.

She went to the woods and found a basket full of carrots. She","a voice said, ""Come in."" She opened the door and saw a man sitting in a chair. He was wearing a red hood and a long black cape. He said, ""I am the Big Bad Wolf. I am going to eat you up."" Little Red Riding Hood said, ""Please don't eat me. I am a little girl."" The Big Bad Wolf said, ""I am going to eat you up."" Little Red Riding Hood said, ""Please don't eat me. I am a little girl."" The Big Bad Wolf said, ""I am going to eat you up."" Little Red Riding Hood said, ""Please don't eat me. I am a little girl."" The Big Bad Wolf said, ""I am going to eat you up."" Little Red Riding Hood said, ""Please don't eat me. I am a little girl."" The Big Bad Wolf said, ""I am going to eat you up."" Little Red Riding Hood said, ""Please don",128,154,1.2031,1,1,1,0.0078,0.0065,1,1,0,0,0,0.0013,0.7215,1,1,0,0,0,0,0,0,0,0,0,0,0,0,0,0,0,0,7,3,12,0.5833,0.25,3,2,6,4,1,6,4,1,3,1,1,0,1,0,1,0,0,0,0,0,0,1,1,0,0,0,0,1,1,0,1,0,1,1,0,1,1,0,1,0,0,0,0,0,0,1
pythia_28b,text,2.8,32,wolf,animal,control_cinderella,instruction,control,none,1,svm,L16,16,0.5,single_mid,3.0,Tell me the story of Cinderella from beginning to end.,"nning to end.

Cinderella is a story of a girl who is forced to live in a glass shoe. She is a princess who is forced to live in a glass shoe. She is a princess who is forced to live in a glass shoe. She is a princess who is forced to live in a glass shoe. She is a princess who is forced to live in a glass shoe. She is a princess who is forced to live in a glass shoe. She is a princess who is forced to live in a glass shoe. She is a princess who is forced to live in a glass shoe. She is a princess who is forced to live in a glass shoe. She is a princess who is forced to live in a glass shoe. She is a princess who is forced to live in a glass shoe. She is a princess who is forced to live in a glass shoe. She is a princess who is forced to live in a glass shoe. She is a princess who is forced to live in a","nning to end.

Cinderella is a story of a girl who is forced to live in a dark and gloomy castle. She is forced to live in a dark and gloomy castle. She is forced to live in a dark and gloomy castle. She is forced to live in a dark and gloomy castle. She is forced to live in a dark and gloomy castle. She is forced to live in a dark and gloomy castle. She is forced to live in a dark and gloomy castle. She is forced to live in a dark and gloomy castle. She is forced to live in a dark and gloomy castle. She is forced to live in a dark and gloomy castle. She is forced to live in a dark and gloomy castle. She is forced to live in a dark and gloomy castle. She is forced to live in a dark and gloomy castle. She is forced to live in a dark and gloomy castle. She is forced to live in a",186,171,0.9194,1,0,0,0.0,0.0,0,0,0,0,0,0.0,0.3333,0,0,0,0,0,0,0,0,0,0,0,0,0,0,0,0,0,0,1,1,12,0.0833,0.0833,0,0,6,1,1,6,0,0,0,0,0,0,0,0,0,0,0,0,0,0,0,0,0,0,0,0,0,1,1,0,0,0,0,0,0,0,0,0,0,0,0,0,0,0,0,0
pythia_28b,text,2.8,32,wolf,animal,instruction_full_story,instruction,full_narrative,wolf,0,svm,L16,16,0.5,single_mid,6.0,Tell me the story of Little Red Riding Hood from beginning to end.,"nning to end.

Little Red Riding Hood is a fairy tale that is told in many different versions. The story is about a girl named Little Red Riding Hood who is being chased by a wolf. She is being chased by the wolf because she is trying to find her grandmother. The wolf is trying to eat her grandmother. The wolf is trying to eat her grandmother because she is a grandmother. The wolf is trying to eat her grandmother because she is a grandmother. The wolf is trying to eat her grandmother because she is a grandmother. The wolf is trying to eat her grandmother because she is a grandmother. The wolf is trying to eat her grandmother because she is a grandmother. The wolf is trying to eat her grandmother because she is a grandmother. The wolf is trying to eat her grandmother because she is a grandmother. The wolf is trying to eat her grandmother because she is a grandmother. The wolf is trying to eat her grandmother because she is a grandmother. The wolf is trying to eat her grandmother because she","nning to end.

I’m not sure if you’ve ever heard of Little Red Riding Hood, but if you have, you know that she’s a little girl who lives in a small town in Germany. She’s a very nice girl, and she’s always helping people. One day, she’s walking home from school when she sees a man with a basket on his head. He’s carrying a little girl in his arms, and he’s going to take her to the woods. Little Red Riding Hood is very curious, so she asks him where he’s going. He tells her that he’s going to the woods to pick some flowers. Little Red Riding Hood is very curious, so she asks him where he’s going. He tells her that he’s going to the woods to pick some flowers. Little Red Riding Hood is very curious, so she asks him where he’s going. He tells her that he’s",186,152,0.8172,1,1,0,0.0054,0.0,1,0,0,0,1,0.0054,0.828,1,0,1,0,0,0,0,0,0,0,0,0,0,0,0,0,0,0,3,4,12,0.25,0.3333,1,0,6,2,4,6,-1,1,-2,1,0,1,0,0,0,0,0,0,0,0,0,0,0,0,0,0,0,1,1,0,1,0,1,0,1,-1,0,1,-1,0,0,0,0,1,-1,1
pythia_28b,text,2.8,32,wolf,animal,instruction_forest,instruction,encounter,wolf,0,svm,L16,16,0.5,single_mid,6.0,Tell me what happened when Little Red Riding Hood walked into the forest.,"o the forest.

Little Red Riding Hood walked into the forest.

Little Red Riding Hood walked into the forest.

Little Red Riding Hood walked into the forest.

Little Red Riding Hood walked into the forest.

Little Red Riding Hood walked into the forest.

Little Red Riding Hood walked into the forest.

Little Red Riding Hood walked into the forest.

Little Red Riding Hood walked into the forest.

Little Red Riding Hood walked into the forest.

Little Red Riding Hood walked into the forest.

Little Red Riding Hood walked into the forest.

Little Red Riding Hood walked into the forest.

Little Red Riding Hood walked into the forest.

Little Red Riding Hood walked into the forest.

Little Red Riding Hood walked into the forest.

Little Red Riding Hood walked into the forest.

Little Red Riding Hood walked","o the forest.

Little Red Riding Hood walked into the forest.

Little Red Riding Hood walked into the forest.

Little Red Riding Hood walked into the forest.

Little Red Riding Hood walked into the forest.

Little Red Riding Hood walked into the forest.

Little Red Riding Hood walked into the forest.

Little Red Riding Hood walked into the forest.

Little Red Riding Hood walked into the forest.

Little Red Riding Hood walked into the forest.

Little Red Riding Hood walked into the forest.

Little Red Riding Hood walked into the forest.

Little Red Riding Hood walked into the forest.

Little Red Riding Hood walked into the forest.

Little Red Riding Hood walked into the forest.

Little Red Riding Hood walked into the forest.

Little Red Riding Hood walked into the forest.

Little Red Riding Hood walked",136,136,1.0,0,0,0,0.0,0.0,0,0,0,0,0,0.0,0.0,0,0,0,0,0,0,0,0,0,0,0,0,0,0,0,0,0,0,2,2,12,0.1667,0.1667,0,0,6,2,2,6,0,0,0,0,0,0,0,0,0,0,0,0,0,0,0,0,0,0,0,0,0,1,1,0,0,0,0,1,1,0,0,0,0,0,0,0,0,0,0,1
pythia_28b,text,2.8,32,wolf,animal,instruction_grandmother,instruction,deception,wolf,0,svm,L16,16,0.5,single_mid,6.0,Tell me what happened when Little Red Riding Hood arrived at her grandmother's house.,"ther's house.

""I was so happy to see you,"" said the grandmother. ""I've been waiting for you for a long time.""

""I'm so glad you're here,"" said the grandmother. ""I've been waiting for you for a long time.""

""I'm so glad you're here,"" said the grandmother. ""I've been waiting for you for a long time.""

""I'm so glad you're here,"" said the grandmother. ""I've been waiting for you for a long time.""

""I'm so glad you're here,"" said the grandmother. ""I've been waiting for you for a long time.""

""I'm so glad you're here,"" said the grandmother. ""I've been waiting for you for a long time.""

""I'm so glad you're here,"" said the grandmother. ""I've been waiting for you for a long time.""

""I'm so glad you're here,""","ther's house.

""I was so happy to see you,"" said the grandmother. ""I've been waiting for you to come home.""

""I'm so glad you're here,"" said the grandmother. ""I've been waiting for you to come home.""

""I'm so glad you're here,"" said the grandmother. ""I've been waiting for you to come home.""

""I'm so glad you're here,"" said the grandmother. ""I've been waiting for you to come home.""

""I'm so glad you're here,"" said the grandmother. ""I've been waiting for you to come home.""

""I'm so glad you're here,"" said the grandmother. ""I've been waiting for you to come home.""

""I'm so glad you're here,"" said the grandmother. ""I've been waiting for you to come home.""

""I'm so glad you're here,"" said the grandmother. ""I've",128,125,0.9766,1,0,0,0.0,0.0,0,0,0,0,0,0.0,0.1923,0,0,0,0,0,0,0,0,0,0,0,0,0,0,0,0,0,0,2,2,12,0.1667,0.1667,0,0,6,2,2,6,0,0,0,0,0,0,0,0,0,0,0,0,0,0,0,0,0,0,0,0,0,0,0,0,1,1,0,0,0,0,0,0,0,0,0,0,1,1,0,1
pythia_28b,text,2.8,32,wolf,animal,completion_full_story,completion,full_narrative,wolf,0,svm,L16,16,0.5,single_mid,6.0,"Once upon a time, there was a little girl called Little Red Riding Hood. She walked through the forest and","he forest and came across a wolf. The wolf said, ""I'm hungry. I'm hungry."" Little Red Riding Hood said, ""I'm sorry, but I don't have any food."" The wolf said, ""I'm hungry. I'm hungry."" Little Red Riding Hood said, ""I'm sorry, but I don't have any food."" The wolf said, ""I'm hungry. I'm hungry."" Little Red Riding Hood said, ""I'm sorry, but I don't have any food."" The wolf said, ""I'm hungry. I'm hungry."" Little Red Riding Hood said, ""I'm sorry, but I don't have any food."" The wolf said, ""I'm hungry. I'm hungry."" Little Red Riding Hood said, ""I'm sorry, but I don't have any food."" The wolf said, ""I'm hungry. I'm hungry."" Little Red Riding Hood said, ""I'm sorry, but I don't have","he forest and saw a big, scary wolf. She was scared, but she had to tell her mother.

Little Red Riding Hood said, ""I'm so scared, Mommy. I'm so scared.""

Her mother said, ""Don't be scared, Little Red Riding Hood. I'm here with you.""

Little Red Riding Hood said, ""I'm so scared, Mommy. I'm so scared.""

Her mother said, ""Don't be scared, Little Red Riding Hood. I'm here with you.""

Little Red Riding Hood said, ""I'm so scared, Mommy. I'm so scared.""

Her mother said, ""Don't be scared, Little Red Riding Hood. I'm here with you.""

Little Red Riding Hood said, ""I'm so scared, Mommy. I'm so scared.""

Her mother said, ""Don't be scared, Little Red Riding Hood",125,118,0.944,1,1,1,0.008,0.0085,1,1,0,0,0,-0.0005,0.7174,1,1,0,0,0,0,0,0,0,0,0,0,0,0,0,0,0,0,4,5,12,0.3333,0.4167,1,2,6,3,3,6,-1,-1,0,1,1,0,0,0,0,0,0,0,0,0,0,0,1,-1,0,0,0,1,1,0,0,0,0,1,1,0,1,0,1,0,1,-1,0,0,0,1
pythia_28b,text,2.8,32,wolf,animal,completion_forest,completion,encounter,wolf,0,svm,L16,16,0.5,single_mid,6.0,Little Red Riding Hood was walking through the dark forest when she met a,"hen she met a wolf. She was scared, but he was friendly. He told her that he was looking for a little girl who had been lost in the forest. Little Red Riding Hood was so scared that she ran away. The wolf chased her and she ran into a house. The wolf knocked on the door and the door opened. Little Red Riding Hood was so scared that she ran away. The wolf chased her and she ran into a house. The wolf knocked on the door and the door opened. Little Red Riding Hood was so scared that she ran away. The wolf chased her and she ran into a house. The wolf knocked on the door and the door opened. Little Red Riding Hood was so scared that she ran away. The wolf chased her and she ran into a house. The wolf knocked on the door and the door opened. Little Red Riding Hood was so scared that she ran away. The wolf chased her and she ran into a house. The wolf knocked on the door","hen she met a wolf. She asked him to take her to her grandmother. The wolf said, ""I will take you to your grandmother, but you must give me a kiss."" Little Red Riding Hood said, ""I will give you a kiss, but you must give me a kiss."" The wolf said, ""I will give you a kiss, but you must give me a kiss."" Little Red Riding Hood said, ""I will give you a kiss, but you must give me a kiss."" The wolf said, ""I will give you a kiss, but you must give me a kiss."" Little Red Riding Hood said, ""I will give you a kiss, but you must give me a kiss."" The wolf said, ""I will give you a kiss, but you must give me a kiss."" Little Red Riding Hood said, ""I will give you a kiss, but you must give me a kiss."" The wolf said, ""I will give you a kiss, but you must",181,163,0.9006,1,1,1,0.0055,0.0061,1,1,0,0,0,-0.0006,0.7679,1,1,0,0,0,0,0,0,0,0,0,0,0,0,0,0,0,0,4,4,12,0.3333,0.3333,2,2,6,2,2,6,0,0,0,1,1,0,1,1,0,0,0,0,0,0,0,0,0,0,0,0,0,1,1,0,0,1,-1,1,0,1,0,0,0,0,0,0,0,0,0,1
pythia_28b,text,2.8,32,wolf,animal,completion_grandmother,completion,deception,wolf,0,svm,L16,16,0.5,single_mid,6.0,Little Red Riding Hood arrived at her grandmother's house. She knocked on the door and a voice said,"a voice said, ""Come in."" She opened the door and saw a big wolf sitting on the couch. ""Hello, Grandma,"" she said. ""I'm Little Red Riding Hood.""

""I know,"" said the wolf. ""I'm your grandmother.""

""I'm hungry,"" said Little Red Riding Hood. ""Can I have some food?""

""I'm sorry,"" said the wolf. ""I don't have any food.""

""I'll go get some,"" said Little Red Riding Hood.

She went to the woods and found a basket full of apples. She took one and came back to the house. ""I'm hungry,"" she said. ""Can I have some food?""

""I'm sorry,"" said the wolf. ""I don't have any food.""

""I'll go get some,"" said Little Red Riding Hood.

She went to the woods and found a basket full of carrots. She","a voice said, ""Come in."" She opened the door and saw a man sitting in a chair. He was wearing a long black coat and a black hat. He was very old and very thin. He had a long white beard and a long white beard. He was wearing a long white dress. He had a long white beard and a long white beard. He was very old and very thin. He had a long white beard and a long white beard. He was very old and very thin. He had a long white beard and a long white beard. He was very old and very thin. He had a long white beard and a long white beard. He was very old and very thin. He had a long white beard and a long white beard. He was very old and very thin. He had a long white beard and a long white beard. He was very old and very thin. He had a long white beard and a long white beard. He was very old and very thin. He had",128,181,1.4141,1,1,0,0.0078,0.0,1,0,0,0,1,0.0078,0.8442,1,0,1,0,0,0,0,0,0,0,0,0,0,0,0,0,0,0,7,1,12,0.5833,0.0833,3,1,6,4,0,6,6,2,4,1,0,1,1,0,1,0,0,0,0,1,-1,1,0,1,0,0,0,1,0,1,1,0,1,1,0,1,1,0,1,0,0,0,0,0,0,1
pythia_28b,text,2.8,32,wolf,animal,control_cinderella,instruction,control,none,1,svm,L16,16,0.5,single_mid,6.0,Tell me the story of Cinderella from beginning to end.,"nning to end.

Cinderella is a story of a girl who is forced to live in a glass shoe. She is a princess who is forced to live in a glass shoe. She is a princess who is forced to live in a glass shoe. She is a princess who is forced to live in a glass shoe. She is a princess who is forced to live in a glass shoe. She is a princess who is forced to live in a glass shoe. She is a princess who is forced to live in a glass shoe. She is a princess who is forced to live in a glass shoe. She is a princess who is forced to live in a glass shoe. She is a princess who is forced to live in a glass shoe. She is a princess who is forced to live in a glass shoe. She is a princess who is forced to live in a glass shoe. She is a princess who is forced to live in a glass shoe. She is a princess who is forced to live in a","nning to end.

I’m not sure if I’ve ever told you this, but I’m a huge fan of Cinderella. I’ve read the book, watched the movie, and I’ve even seen the Disney version. I’ve always loved the story of Cinderella, and I’ve always wanted to know the story of Cinderella from beginning to end.

I’ve always wanted to know the story of Cinderella from beginning to end.

I’ve always wanted to know the story of Cinderella from beginning to end.

I’ve always wanted to know the story of Cinderella from beginning to end.

I’ve always wanted to know the story of Cinderella from beginning to end.

I’ve always wanted to know the story of Cinderella from beginning to end.

I’ve always wanted to know the story of Cinderella from beginning to end.",186,132,0.7097,1,0,0,0.0,0.0,0,0,0,0,0,0.0,0.8511,0,0,0,0,0,0,0,0,0,0,0,0,0,0,0,0,0,0,1,1,12,0.0833,0.0833,0,0,6,1,1,6,0,0,0,0,0,0,0,0,0,0,0,0,0,0,0,0,0,0,0,0,0,1,0,1,0,0,0,0,0,0,0,0,0,0,0,0,0,1,-1,0
pythia_28b,text,2.8,32,wolf,animal,instruction_full_story,instruction,full_narrative,wolf,0,svm,L16,16,0.5,single_mid,10.0,Tell me the story of Little Red Riding Hood from beginning to end.,"nning to end.

Little Red Riding Hood is a fairy tale that is told in many different versions. The story is about a girl named Little Red Riding Hood who is being chased by a wolf. She is being chased by the wolf because she is trying to find her grandmother. The wolf is trying to eat her grandmother. The wolf is trying to eat her grandmother because she is a grandmother. The wolf is trying to eat her grandmother because she is a grandmother. The wolf is trying to eat her grandmother because she is a grandmother. The wolf is trying to eat her grandmother because she is a grandmother. The wolf is trying to eat her grandmother because she is a grandmother. The wolf is trying to eat her grandmother because she is a grandmother. The wolf is trying to eat her grandmother because she is a grandmother. The wolf is trying to eat her grandmother because she is a grandmother. The wolf is trying to eat her grandmother because she is a grandmother. The wolf is trying to eat her grandmother because she","nning to end.

I’m not sure if I’ve ever told you this, but I’m a huge fan of the Disney version of Little Red Riding Hood. I’ve seen it so many times, I’ve memorized the plot. I’ve even written a paper on it.

I’m not sure if I’ve ever told you this, but I’m a huge fan of the Disney version of Little Red Riding Hood. I’ve seen it so many times, I’ve memorized the plot. I’ve even written a paper on it.

I’m not sure if I’ve ever told you this, but I’m a huge fan of the Disney version of Little Red Riding Hood. I’ve seen it so many times, I’ve memorized the plot. I’ve even written a paper on it.

I’m not sure if I’ve ever told you this, but",186,133,0.7151,1,1,0,0.0054,0.0,1,0,0,0,1,0.0054,0.8387,1,0,1,0,0,0,0,0,0,0,0,0,0,0,0,0,0,0,3,2,12,0.25,0.1667,1,0,6,2,2,6,1,1,0,1,0,1,0,0,0,0,0,0,0,0,0,0,0,0,0,0,0,1,1,0,1,0,1,0,0,0,0,0,0,0,0,0,0,1,-1,1
pythia_28b,text,2.8,32,wolf,animal,instruction_forest,instruction,encounter,wolf,0,svm,L16,16,0.5,single_mid,10.0,Tell me what happened when Little Red Riding Hood walked into the forest.,"o the forest.

Little Red Riding Hood walked into the forest.

Little Red Riding Hood walked into the forest.

Little Red Riding Hood walked into the forest.

Little Red Riding Hood walked into the forest.

Little Red Riding Hood walked into the forest.

Little Red Riding Hood walked into the forest.

Little Red Riding Hood walked into the forest.

Little Red Riding Hood walked into the forest.

Little Red Riding Hood walked into the forest.

Little Red Riding Hood walked into the forest.

Little Red Riding Hood walked into the forest.

Little Red Riding Hood walked into the forest.

Little Red Riding Hood walked into the forest.

Little Red Riding Hood walked into the forest.

Little Red Riding Hood walked into the forest.

Little Red Riding Hood walked into the forest.

Little Red Riding Hood walked","o the forest.

I was in the middle of a conversation with my friend, and I was telling him about the story of Little Red Riding Hood. I was telling him about how she was so happy, and how she was so excited to see the prince. I was telling him about how she was so happy, and how she was so excited to see the prince.

I was telling him about how she was so happy, and how she was so excited to see the prince.

I was telling him about how she was so happy, and how she was so excited to see the prince.

I was telling him about how she was so happy, and how she was so excited to see the prince.

I was telling him about how she was so happy, and how she was so excited to see the prince.

I was telling him about how she was so happy, and how she was so excited to see the prince.

I was telling him about",136,172,1.2647,1,0,0,0.0,0.0,0,0,0,0,0,0.0,0.8182,0,0,0,0,0,0,0,0,0,0,0,0,0,0,0,0,0,0,2,3,12,0.1667,0.25,0,0,6,2,3,6,-1,0,-1,0,0,0,0,0,0,0,0,0,0,0,0,0,0,0,0,0,0,1,1,0,0,0,0,1,1,0,0,0,0,0,0,0,0,1,-1,1
pythia_28b,text,2.8,32,wolf,animal,instruction_grandmother,instruction,deception,wolf,0,svm,L16,16,0.5,single_mid,10.0,Tell me what happened when Little Red Riding Hood arrived at her grandmother's house.,"ther's house.

""I was so happy to see you,"" said the grandmother. ""I've been waiting for you for a long time.""

""I'm so glad you're here,"" said the grandmother. ""I've been waiting for you for a long time.""

""I'm so glad you're here,"" said the grandmother. ""I've been waiting for you for a long time.""

""I'm so glad you're here,"" said the grandmother. ""I've been waiting for you for a long time.""

""I'm so glad you're here,"" said the grandmother. ""I've been waiting for you for a long time.""

""I'm so glad you're here,"" said the grandmother. ""I've been waiting for you for a long time.""

""I'm so glad you're here,"" said the grandmother. ""I've been waiting for you for a long time.""

""I'm so glad you're here,""","ther's house.

""I was in the kitchen, and I heard a knock at the door. I opened the door, and there was a little girl standing there. She said, 'Grandmother, I'm hungry.' I said, 'Well, come in.' She said, 'I'm hungry, too.' I said, 'Well, come in.' She said, 'I'm hungry, too.' I said, 'Well, come in.' She said, 'I'm hungry, too.' I said, 'Well, come in.' She said, 'I'm hungry, too.' I said, 'Well, come in.' She said, 'I'm hungry, too.' I said, 'Well, come in.' She said, 'I'm hungry, too.' I said, 'Well, come in.' She said, 'I'm hungry, too.' I said, 'Well, come in.' She said, 'I'm hungry, too.' I said, 'Well",128,115,0.8984,1,0,0,0.0,0.0,0,0,0,0,0,0.0,0.8824,0,0,0,0,0,0,0,0,0,0,0,0,0,0,0,0,0,0,2,2,12,0.1667,0.1667,0,0,6,2,2,6,0,0,0,0,0,0,0,0,0,0,0,0,0,0,0,0,0,0,0,0,0,0,1,-1,1,1,0,0,0,0,0,0,0,0,0,0,1,0,1,1
pythia_28b,text,2.8,32,wolf,animal,completion_full_story,completion,full_narrative,wolf,0,svm,L16,16,0.5,single_mid,10.0,"Once upon a time, there was a little girl called Little Red Riding Hood. She walked through the forest and","he forest and came across a wolf. The wolf said, ""I'm hungry. I'm hungry."" Little Red Riding Hood said, ""I'm sorry, but I don't have any food."" The wolf said, ""I'm hungry. I'm hungry."" Little Red Riding Hood said, ""I'm sorry, but I don't have any food."" The wolf said, ""I'm hungry. I'm hungry."" Little Red Riding Hood said, ""I'm sorry, but I don't have any food."" The wolf said, ""I'm hungry. I'm hungry."" Little Red Riding Hood said, ""I'm sorry, but I don't have any food."" The wolf said, ""I'm hungry. I'm hungry."" Little Red Riding Hood said, ""I'm sorry, but I don't have any food."" The wolf said, ""I'm hungry. I'm hungry."" Little Red Riding Hood said, ""I'm sorry, but I don't have","he forest and saw a little boy playing with a ball. She asked him, ""What are you doing?""

He replied, ""I'm playing with my ball.""

She asked, ""What are you playing with your ball for?""

He replied, ""I'm playing with my ball because I want to play with my ball.""

She asked, ""What are you playing with your ball for?""

He replied, ""I'm playing with my ball because I want to play with my ball.""

She asked, ""What are you playing with your ball for?""

He replied, ""I'm playing with my ball because I want to play with my ball.""

She asked, ""What are you playing with your ball for?""

He replied, ""I'm playing with my ball because I want to play with my ball.""

She asked, ""What are you playing with your ball for?""

He replied, ""I'm playing",125,139,1.112,1,1,0,0.008,0.0,1,0,0,0,1,0.008,0.8542,1,0,1,0,0,0,0,0,0,0,0,0,0,0,0,0,0,0,4,2,12,0.3333,0.1667,1,0,6,3,2,6,2,1,1,1,0,1,0,0,0,0,0,0,0,0,0,0,0,0,0,0,0,1,1,0,0,0,0,1,1,0,1,0,1,0,0,0,0,0,0,1
pythia_28b,text,2.8,32,wolf,animal,completion_forest,completion,encounter,wolf,0,svm,L16,16,0.5,single_mid,10.0,Little Red Riding Hood was walking through the dark forest when she met a,"hen she met a wolf. She was scared, but he was friendly. He told her that he was looking for a little girl who had been lost in the forest. Little Red Riding Hood was so scared that she ran away. The wolf chased her and she ran into a house. The wolf knocked on the door and the door opened. Little Red Riding Hood was so scared that she ran away. The wolf chased her and she ran into a house. The wolf knocked on the door and the door opened. Little Red Riding Hood was so scared that she ran away. The wolf chased her and she ran into a house. The wolf knocked on the door and the door opened. Little Red Riding Hood was so scared that she ran away. The wolf chased her and she ran into a house. The wolf knocked on the door and the door opened. Little Red Riding Hood was so scared that she ran away. The wolf chased her and she ran into a house. The wolf knocked on the door","hen she met a man who was wearing a red hood. She asked him why he was wearing a red hood. He said, ""I am a wolf man, and I am going to eat you."" She said, ""I am not afraid of you, because I know you are a man."" He said, ""I am a man, but I am also a woman."" She said, ""I know that you are a man, but I am not afraid of you."" He said, ""I am a man, but I am also a woman."" She said, ""I know that you are a man, but I am not afraid of you."" He said, ""I am a man, but I am also a woman."" She said, ""I know that you are a man, but I am not afraid of you."" He said, ""I am a man, but I am also a woman."" She said, ""I know that you are a man, but I am not afraid of you.""",181,162,0.895,1,1,1,0.0055,0.0062,1,1,0,0,0,-0.0007,0.8182,1,1,0,0,0,0,0,0,0,0,0,0,0,0,0,0,0,0,4,3,12,0.3333,0.25,2,2,6,2,1,6,1,0,1,1,1,0,1,1,0,0,0,0,0,0,0,0,0,0,0,0,0,1,1,0,0,0,0,1,0,1,0,0,0,0,0,0,0,0,0,1
pythia_28b,text,2.8,32,wolf,animal,completion_grandmother,completion,deception,wolf,0,svm,L16,16,0.5,single_mid,10.0,Little Red Riding Hood arrived at her grandmother's house. She knocked on the door and a voice said,"a voice said, ""Come in."" She opened the door and saw a big wolf sitting on the couch. ""Hello, Grandma,"" she said. ""I'm Little Red Riding Hood.""

""I know,"" said the wolf. ""I'm your grandmother.""

""I'm hungry,"" said Little Red Riding Hood. ""Can I have some food?""

""I'm sorry,"" said the wolf. ""I don't have any food.""

""I'll go get some,"" said Little Red Riding Hood.

She went to the woods and found a basket full of apples. She took one and came back to the house. ""I'm hungry,"" she said. ""Can I have some food?""

""I'm sorry,"" said the wolf. ""I don't have any food.""

""I'll go get some,"" said Little Red Riding Hood.

She went to the woods and found a basket full of carrots. She","a voice said, ""Come in."" She opened the door and saw a man sitting in a chair. He was wearing a white shirt and a black tie. He was very handsome. He had a very nice face. He was very tall. He had a very nice voice. He had a very nice voice. He had a very nice voice. He had a very nice voice. He had a very nice voice. He had a very nice voice. He had a very nice voice. He had a very nice voice. He had a very nice voice. He had a very nice voice. He had a very nice voice. He had a very nice voice. He had a very nice voice. He had a very nice voice. He had a very nice voice. He had a very nice voice. He had a very nice voice. He had a very nice voice. He had a very nice voice. He had a very nice voice. He had a very nice voice. He had a very nice voice.",128,173,1.3516,1,1,0,0.0078,0.0,1,0,0,0,1,0.0078,0.8421,1,0,1,0,0,0,0,0,0,0,0,0,0,0,0,0,0,0,7,0,12,0.5833,0.0,3,0,6,4,0,6,7,3,4,1,0,1,1,0,1,0,0,0,0,0,0,1,0,1,0,0,0,1,0,1,1,0,1,1,0,1,1,0,1,0,0,0,0,0,0,1
pythia_28b,text,2.8,32,wolf,animal,control_cinderella,instruction,control,none,1,svm,L16,16,0.5,single_mid,10.0,Tell me the story of Cinderella from beginning to end.,"nning to end.

Cinderella is a story of a girl who is forced to live in a glass shoe. She is a princess who is forced to live in a glass shoe. She is a princess who is forced to live in a glass shoe. She is a princess who is forced to live in a glass shoe. She is a princess who is forced to live in a glass shoe. She is a princess who is forced to live in a glass shoe. She is a princess who is forced to live in a glass shoe. She is a princess who is forced to live in a glass shoe. She is a princess who is forced to live in a glass shoe. She is a princess who is forced to live in a glass shoe. She is a princess who is forced to live in a glass shoe. She is a princess who is forced to live in a glass shoe. She is a princess who is forced to live in a glass shoe. She is a princess who is forced to live in a","nning to end.

Cinderella is a story of a girl who is forced to live in a dark and gloomy castle. She is forced to live in a dark and gloomy castle. She is forced to live in a dark and gloomy castle. She is forced to live in a dark and gloomy castle. She is forced to live in a dark and gloomy castle. She is forced to live in a dark and gloomy castle. She is forced to live in a dark and gloomy castle. She is forced to live in a dark and gloomy castle. She is forced to live in a dark and gloomy castle. She is forced to live in a dark and gloomy castle. She is forced to live in a dark and gloomy castle. She is forced to live in a dark and gloomy castle. She is forced to live in a dark and gloomy castle. She is forced to live in a dark and gloomy castle. She is forced to live in a",186,171,0.9194,1,0,0,0.0,0.0,0,0,0,0,0,0.0,0.3333,0,0,0,0,0,0,0,0,0,0,0,0,0,0,0,0,0,0,1,1,12,0.0833,0.0833,0,0,6,1,1,6,0,0,0,0,0,0,0,0,0,0,0,0,0,0,0,0,0,0,0,0,0,1,1,0,0,0,0,0,0,0,0,0,0,0,0,0,0,0,0,0
pythia_28b,text,2.8,32,wolf,animal,instruction_full_story,instruction,full_narrative,wolf,0,svm,L16,16,0.5,single_mid,15.0,Tell me the story of Little Red Riding Hood from beginning to end.,"nning to end.

Little Red Riding Hood is a fairy tale that is told in many different versions. The story is about a girl named Little Red Riding Hood who is being chased by a wolf. She is being chased by the wolf because she is trying to find her grandmother. The wolf is trying to eat her grandmother. The wolf is trying to eat her grandmother because she is a grandmother. The wolf is trying to eat her grandmother because she is a grandmother. The wolf is trying to eat her grandmother because she is a grandmother. The wolf is trying to eat her grandmother because she is a grandmother. The wolf is trying to eat her grandmother because she is a grandmother. The wolf is trying to eat her grandmother because she is a grandmother. The wolf is trying to eat her grandmother because she is a grandmother. The wolf is trying to eat her grandmother because she is a grandmother. The wolf is trying to eat her grandmother because she is a grandmother. The wolf is trying to eat her grandmother because she","nning to end.

I’m not sure if I’ve ever told you this, but I’m a huge fan of the Disney. I’ve been a fan since I was a kid. I’ve always loved the stories, the characters, the music, the art. I’ve always loved the way they tell stories.

I’ve always loved the way they tell stories.

I’ve always loved the way they tell stories.

I’ve always loved the way they tell stories.

I’ve always loved the way they tell stories.

I’ve always loved the way they tell stories.

I’ve always loved the way they tell stories.

I’ve always loved the way they tell stories.

I’ve always loved the way they tell stories.

I’ve always loved the way they tell stories.

I’ve always loved the way they tell stories.

I",186,129,0.6935,1,1,0,0.0054,0.0,1,0,0,0,1,0.0054,0.9062,1,0,1,0,0,0,0,0,0,0,0,0,0,0,0,0,0,0,3,1,12,0.25,0.0833,1,0,6,2,1,6,2,1,1,1,0,1,0,0,0,0,0,0,0,0,0,0,0,0,0,0,0,1,0,1,1,0,1,0,0,0,0,0,0,0,0,0,0,1,-1,1
pythia_28b,text,2.8,32,wolf,animal,instruction_forest,instruction,encounter,wolf,0,svm,L16,16,0.5,single_mid,15.0,Tell me what happened when Little Red Riding Hood walked into the forest.,"o the forest.

Little Red Riding Hood walked into the forest.

Little Red Riding Hood walked into the forest.

Little Red Riding Hood walked into the forest.

Little Red Riding Hood walked into the forest.

Little Red Riding Hood walked into the forest.

Little Red Riding Hood walked into the forest.

Little Red Riding Hood walked into the forest.

Little Red Riding Hood walked into the forest.

Little Red Riding Hood walked into the forest.

Little Red Riding Hood walked into the forest.

Little Red Riding Hood walked into the forest.

Little Red Riding Hood walked into the forest.

Little Red Riding Hood walked into the forest.

Little Red Riding Hood walked into the forest.

Little Red Riding Hood walked into the forest.

Little Red Riding Hood walked into the forest.

Little Red Riding Hood walked","o the forest.

I was in the middle of a conversation with my friend, and I was telling him about the story of Little Red Riding.

He said, ""What happened when Little Red Riding Hood walked into the forest?""

I said, ""She was a little girl, and she was walking along with her grandmother, and she was going to the market to buy some milk.

""She was walking along, and she was going to the market, and she was going to buy some milk, and she was going to the market, and she was going to buy some milk, and she was going to the market, and she was going to buy some milk, and she was going to the market, and she was going to buy some milk, and she was going to the market, and she was going to buy some milk, and she was going to the market, and she was going to buy some milk, and she was going to the market, and she",136,168,1.2353,1,0,0,0.0,0.0,0,0,0,0,0,0.0,0.8085,0,0,0,0,0,0,0,0,0,0,0,0,0,0,0,0,0,0,2,3,12,0.1667,0.25,0,0,6,2,3,6,-1,0,-1,0,0,0,0,0,0,0,0,0,0,0,0,0,0,0,0,0,0,1,1,0,0,1,-1,1,1,0,0,0,0,0,0,0,0,0,0,1
pythia_28b,text,2.8,32,wolf,animal,instruction_grandmother,instruction,deception,wolf,0,svm,L16,16,0.5,single_mid,15.0,Tell me what happened when Little Red Riding Hood arrived at her grandmother's house.,"ther's house.

""I was so happy to see you,"" said the grandmother. ""I've been waiting for you for a long time.""

""I'm so glad you're here,"" said the grandmother. ""I've been waiting for you for a long time.""

""I'm so glad you're here,"" said the grandmother. ""I've been waiting for you for a long time.""

""I'm so glad you're here,"" said the grandmother. ""I've been waiting for you for a long time.""

""I'm so glad you're here,"" said the grandmother. ""I've been waiting for you for a long time.""

""I'm so glad you're here,"" said the grandmother. ""I've been waiting for you for a long time.""

""I'm so glad you're here,"" said the grandmother. ""I've been waiting for you for a long time.""

""I'm so glad you're here,""","ther's house.

""I was in the kitchen, and I heard the doorbell ring. I looked out the window, and I saw a man standing there. He was wearing a suit, and he had a big smile on his face. I thought, 'That's a strange man.'

""I went to the door, and I said, 'Who are you?' He said, 'I'm a friend of your grandmother's. I'm here to see her.'

""I said, 'She's not here.' He said, 'I know. I'm here to see her.'

""I said, 'She's not here.' He said, 'I know. I'm here to see her.'

""I said, 'I don't know where she is.' He said, 'I know. I'm here to see her.'

""I said, 'I don't know where she is.' He said, 'I know. I'm",128,127,0.9922,1,0,0,0.0,0.0,0,0,0,0,0,0.0,0.8933,0,0,0,0,0,0,0,0,0,0,0,0,0,0,0,0,0,0,2,2,12,0.1667,0.1667,0,1,6,2,1,6,0,-1,1,0,0,0,0,0,0,0,0,0,0,0,0,0,1,-1,0,0,0,0,0,0,1,1,0,0,0,0,0,0,0,0,0,0,1,0,1,1
pythia_28b,text,2.8,32,wolf,animal,completion_full_story,completion,full_narrative,wolf,0,svm,L16,16,0.5,single_mid,15.0,"Once upon a time, there was a little girl called Little Red Riding Hood. She walked through the forest and","he forest and came across a wolf. The wolf said, ""I'm hungry. I'm hungry."" Little Red Riding Hood said, ""I'm sorry, but I don't have any food."" The wolf said, ""I'm hungry. I'm hungry."" Little Red Riding Hood said, ""I'm sorry, but I don't have any food."" The wolf said, ""I'm hungry. I'm hungry."" Little Red Riding Hood said, ""I'm sorry, but I don't have any food."" The wolf said, ""I'm hungry. I'm hungry."" Little Red Riding Hood said, ""I'm sorry, but I don't have any food."" The wolf said, ""I'm hungry. I'm hungry."" Little Red Riding Hood said, ""I'm sorry, but I don't have any food."" The wolf said, ""I'm hungry. I'm hungry."" Little Red Riding Hood said, ""I'm sorry, but I don't have","he forest and into the forest. She was walking along the path, when she saw a little fox. The little girl asked the little fox, ""What are you doing?"" The little girl asked the little fox, ""I want to know what you are doing."" The little girl asked the little fox, ""I want to know what you are doing."" The little girl asked the little fox, ""I want to know what you are doing."" The little girl asked the little boy, ""I want to know what you are doing."" The little boy asked the little girl, ""I want to know what you are doing."" The little girl asked the little boy, ""I want to know what you are doing."" The little boy asked the little girl, ""I want to know what you are doing."" The little girl asked the little boy, ""I want to know what you are doing."" The little boy asked the little girl, ""I want to know what you are doing."" The little girl asked the little",125,170,1.36,1,1,0,0.008,0.0,1,0,0,0,1,0.008,0.8824,1,0,1,0,0,0,0,0,0,0,0,0,0,0,0,0,0,0,4,3,12,0.3333,0.25,1,0,6,3,3,6,1,1,0,1,0,1,0,0,0,0,0,0,0,0,0,0,0,0,0,0,0,1,1,0,0,0,0,1,1,0,1,0,1,0,1,-1,0,0,0,1
pythia_28b,text,2.8,32,wolf,animal,completion_forest,completion,encounter,wolf,0,svm,L16,16,0.5,single_mid,15.0,Little Red Riding Hood was walking through the dark forest when she met a,"hen she met a wolf. She was scared, but he was friendly. He told her that he was looking for a little girl who had been lost in the forest. Little Red Riding Hood was so scared that she ran away. The wolf chased her and she ran into a house. The wolf knocked on the door and the door opened. Little Red Riding Hood was so scared that she ran away. The wolf chased her and she ran into a house. The wolf knocked on the door and the door opened. Little Red Riding Hood was so scared that she ran away. The wolf chased her and she ran into a house. The wolf knocked on the door and the door opened. Little Red Riding Hood was so scared that she ran away. The wolf chased her and she ran into a house. The wolf knocked on the door and the door opened. Little Red Riding Hood was so scared that she ran away. The wolf chased her and she ran into a house. The wolf knocked on the door","hen she met a man who was wearing a red.

He was so beautiful that she fell in love with him.

She told him that she was a girl and he told her that he was a boy.

He told her that he was going to marry her.

She said that she would marry him if he would give her a kiss.

He said that he would give her a kiss if she would marry him.

She said that she would marry him if he would give her a kiss.

He said that he would give her a kiss if she would marry him.

She said that she would marry him if he would give her a kiss.

He said that he would give her a kiss if she would marry him.

She said that she would marry him if he would give her a kiss.

He said that he would give her a kiss if she would marry him.

She said that she would marry him if",181,168,0.9282,1,1,0,0.0055,0.0,1,0,0,0,1,0.0055,0.7667,1,0,1,0,0,0,0,0,0,0,0,0,0,0,0,0,0,0,4,2,12,0.3333,0.1667,2,1,6,2,1,6,2,1,1,1,0,1,1,1,0,0,0,0,0,0,0,0,0,0,0,0,0,1,1,0,0,0,0,1,0,1,0,0,0,0,0,0,0,0,0,1
pythia_28b,text,2.8,32,wolf,animal,completion_grandmother,completion,deception,wolf,0,svm,L16,16,0.5,single_mid,15.0,Little Red Riding Hood arrived at her grandmother's house. She knocked on the door and a voice said,"a voice said, ""Come in."" She opened the door and saw a big wolf sitting on the couch. ""Hello, Grandma,"" she said. ""I'm Little Red Riding Hood.""

""I know,"" said the wolf. ""I'm your grandmother.""

""I'm hungry,"" said Little Red Riding Hood. ""Can I have some food?""

""I'm sorry,"" said the wolf. ""I don't have any food.""

""I'll go get some,"" said Little Red Riding Hood.

She went to the woods and found a basket full of apples. She took one and came back to the house. ""I'm hungry,"" she said. ""Can I have some food?""

""I'm sorry,"" said the wolf. ""I don't have any food.""

""I'll go get some,"" said Little Red Riding Hood.

She went to the woods and found a basket full of carrots. She","a voice said, ""Come in.""

Little Red Riding Hood was surprised. ""I thought you were a ghost.""

""I am a ghost. But I'm not a bad one.""

""What do you want?""

""I want to know where I can find my mother.""

""You can't find her. She's dead.""

""I know. But I want to know where she is.""

""She's in heaven.""

""I know that. But I want to know where she is.""

""She's in heaven.""

""I know that. But I want to know where she is.""

""She's in heaven.""

""I know that. But I want to know where she is.""

""She's in heaven.""

""I know that. But I want to know where she is.""

""She's in heaven.""

""I know that.",128,119,0.9297,1,1,0,0.0078,0.0,1,0,0,0,1,0.0078,0.8723,1,0,1,0,0,0,0,0,0,0,0,0,0,0,0,0,0,0,7,2,12,0.5833,0.1667,3,0,6,4,2,6,5,3,2,1,0,1,1,0,1,0,0,0,0,0,0,1,0,1,0,0,0,1,1,0,1,0,1,1,0,1,1,0,1,0,1,-1,0,0,0,1
pythia_28b,text,2.8,32,wolf,animal,control_cinderella,instruction,control,none,1,svm,L16,16,0.5,single_mid,15.0,Tell me the story of Cinderella from beginning to end.,"nning to end.

Cinderella is a story of a girl who is forced to live in a glass shoe. She is a princess who is forced to live in a glass shoe. She is a princess who is forced to live in a glass shoe. She is a princess who is forced to live in a glass shoe. She is a princess who is forced to live in a glass shoe. She is a princess who is forced to live in a glass shoe. She is a princess who is forced to live in a glass shoe. She is a princess who is forced to live in a glass shoe. She is a princess who is forced to live in a glass shoe. She is a princess who is forced to live in a glass shoe. She is a princess who is forced to live in a glass shoe. She is a princess who is forced to live in a glass shoe. She is a princess who is forced to live in a glass shoe. She is a princess who is forced to live in a","nning to end.

I’m not sure if I’ve ever told you this, but I’m a huge fan of the Cinderella story. I’ve read it so many times that I can recite it from memory. I’ve even written a Cinderella story.

I’ve also written a Cinderella story for my daughter.

I’m not sure if you’ve ever read a Cinderella story, but I’m going to tell you the story of Cinderella from beginning to end.

Cinderella was a poor girl who lived in a small village. She had a mother and a father, but they were poor. Her mother was a widow and her father was a poor man.

One day, Cinderella’s mother told her to go to the woods and pick some wood. She was very happy.

When she was in the woods, she met a man named Jack. He was",186,140,0.7527,1,0,0,0.0,0.0,0,0,0,0,0,0.0,0.8721,0,0,0,0,0,0,0,0,0,0,0,0,0,0,0,0,0,0,1,5,12,0.0833,0.4167,0,1,6,1,4,6,-4,-1,-3,0,0,0,0,1,-1,0,0,0,0,0,0,0,0,0,0,0,0,1,1,0,0,0,0,0,1,-1,0,0,0,0,1,-1,0,1,-1,0
pythia_28b,text,2.8,32,wolf,animal,instruction_full_story,instruction,full_narrative,wolf,0,svm,L16,16,0.5,single_mid,20.0,Tell me the story of Little Red Riding Hood from beginning to end.,"nning to end.

Little Red Riding Hood is a fairy tale that is told in many different versions. The story is about a girl named Little Red Riding Hood who is being chased by a wolf. She is being chased by the wolf because she is trying to find her grandmother. The wolf is trying to eat her grandmother. The wolf is trying to eat her grandmother because she is a grandmother. The wolf is trying to eat her grandmother because she is a grandmother. The wolf is trying to eat her grandmother because she is a grandmother. The wolf is trying to eat her grandmother because she is a grandmother. The wolf is trying to eat her grandmother because she is a grandmother. The wolf is trying to eat her grandmother because she is a grandmother. The wolf is trying to eat her grandmother because she is a grandmother. The wolf is trying to eat her grandmother because she is a grandmother. The wolf is trying to eat her grandmother because she is a grandmother. The wolf is trying to eat her grandmother because she","nning to end.

The story of Little Red Riding of the Rabbits is a very famous story. It is one of the most popular stories in the world. It is a story of a girl who is very intelligent and intelligent. She is very smart and she is very intelligent. She is very intelligent and she is very smart. She is very intelligent and she is very smart.

The story of Little Red Riding of the Rabbits is a very famous story. It is one of the most popular stories in the world. It is a story of a girl who is very intelligent and intelligent. She is very smart and she is very intelligent. She is very intelligent and she is very smart. She is very intelligent and she is very smart.

The story of Little Red Riding of the Rabbits is a very famous story. It is one of the most popular stories in the world. It is a story of a girl who is very intelligent and intelligent. She is",186,173,0.9301,1,1,0,0.0054,0.0,1,0,0,0,1,0.0054,0.7308,1,0,1,0,0,0,0,0,0,0,0,0,0,0,0,0,0,0,3,1,12,0.25,0.0833,1,0,6,2,1,6,2,1,1,1,0,1,0,0,0,0,0,0,0,0,0,0,0,0,0,0,0,1,1,0,1,0,1,0,0,0,0,0,0,0,0,0,0,0,0,1
pythia_28b,text,2.8,32,wolf,animal,instruction_forest,instruction,encounter,wolf,0,svm,L16,16,0.5,single_mid,20.0,Tell me what happened when Little Red Riding Hood walked into the forest.,"o the forest.

Little Red Riding Hood walked into the forest.

Little Red Riding Hood walked into the forest.

Little Red Riding Hood walked into the forest.

Little Red Riding Hood walked into the forest.

Little Red Riding Hood walked into the forest.

Little Red Riding Hood walked into the forest.

Little Red Riding Hood walked into the forest.

Little Red Riding Hood walked into the forest.

Little Red Riding Hood walked into the forest.

Little Red Riding Hood walked into the forest.

Little Red Riding Hood walked into the forest.

Little Red Riding Hood walked into the forest.

Little Red Riding Hood walked into the forest.

Little Red Riding Hood walked into the forest.

Little Red Riding Hood walked into the forest.

Little Red Riding Hood walked into the forest.

Little Red Riding Hood walked","o the forest.

I was in a meeting.

I was in a meeting.

I was in a meeting.

I was in a meeting.

I was in a meeting.

I was in a meeting.

I was in a meeting.

I was in a meeting.

I was in a meeting.

I was in a meeting.

I was in a meeting.

I was in a meeting.

I was in a meeting.

I was in a meeting.

I was in a meeting.

I was in a meeting.

I was in a meeting.

I was in a meeting.

I was in a meeting.

I was in a meeting.

I was in a meeting.

I was in a meeting.

I was in a meeting.

I was in a meeting.

I was in a meeting.",136,128,0.9412,1,0,0,0.0,0.0,0,0,0,0,0,0.0,0.7857,0,0,0,0,0,0,0,0,0,0,0,0,0,0,0,0,0,0,2,1,12,0.1667,0.0833,0,0,6,2,1,6,1,0,1,0,0,0,0,0,0,0,0,0,0,0,0,0,0,0,0,0,0,1,0,1,0,0,0,1,1,0,0,0,0,0,0,0,0,0,0,1
pythia_28b,text,2.8,32,wolf,animal,instruction_grandmother,instruction,deception,wolf,0,svm,L16,16,0.5,single_mid,20.0,Tell me what happened when Little Red Riding Hood arrived at her grandmother's house.,"ther's house.

""I was so happy to see you,"" said the grandmother. ""I've been waiting for you for a long time.""

""I'm so glad you're here,"" said the grandmother. ""I've been waiting for you for a long time.""

""I'm so glad you're here,"" said the grandmother. ""I've been waiting for you for a long time.""

""I'm so glad you're here,"" said the grandmother. ""I've been waiting for you for a long time.""

""I'm so glad you're here,"" said the grandmother. ""I've been waiting for you for a long time.""

""I'm so glad you're here,"" said the grandmother. ""I've been waiting for you for a long time.""

""I'm so glad you're here,"" said the grandmother. ""I've been waiting for you for a long time.""

""I'm so glad you're here,""","ther's house.

""I was in the kitchen, and I heard a knock at the door. I said, 'Who is it?' and I heard, 'It's me, Little R.R.!' I said, 'Come in!' and I said, 'What do you want?' and she said, 'I want to see you!' I said, 'Come in!' and I said, 'What do you want?' and she said, 'I want to see you!' I said, 'Come in!' and I said, 'What do you want?' and she said, 'I want to see you!' I said, 'Come in!' and I said, 'What do you want?' and she said, 'I want to see you!' I said, 'Come in!' and I said, 'What do you want?' and she said, 'I want to see you!' I said, 'Come in!' and I said, 'What do you want?' and she",128,135,1.0547,1,0,0,0.0,0.0,0,0,0,0,0,0.0,0.82,0,0,0,0,0,0,0,0,0,0,0,0,0,0,0,0,0,0,2,1,12,0.1667,0.0833,0,0,6,2,1,6,1,0,1,0,0,0,0,0,0,0,0,0,0,0,0,0,0,0,0,0,0,0,1,-1,1,0,1,0,0,0,0,0,0,0,0,0,1,0,1,1
pythia_28b,text,2.8,32,wolf,animal,completion_full_story,completion,full_narrative,wolf,0,svm,L16,16,0.5,single_mid,20.0,"Once upon a time, there was a little girl called Little Red Riding Hood. She walked through the forest and","he forest and came across a wolf. The wolf said, ""I'm hungry. I'm hungry."" Little Red Riding Hood said, ""I'm sorry, but I don't have any food."" The wolf said, ""I'm hungry. I'm hungry."" Little Red Riding Hood said, ""I'm sorry, but I don't have any food."" The wolf said, ""I'm hungry. I'm hungry."" Little Red Riding Hood said, ""I'm sorry, but I don't have any food."" The wolf said, ""I'm hungry. I'm hungry."" Little Red Riding Hood said, ""I'm sorry, but I don't have any food."" The wolf said, ""I'm hungry. I'm hungry."" Little Red Riding Hood said, ""I'm sorry, but I don't have any food."" The wolf said, ""I'm hungry. I'm hungry."" Little Red Riding Hood said, ""I'm sorry, but I don't have","he forest and found a house. She was a little girl, but she was also a wolf-pist-dap-dap-dap-dap-dap-dap-dap-dap-dap-dap-dap-dap-dap-dap-dap-dap-dap-dap-dap-dap-dap-dap-dap-dap-dap-dap-dap-dap-dap-dap-dap-dap-dap-dap-dap-dap-dap-dap-dap-dap-dap-dap-dap-dap-dap-dap-dap-dap-dap-dap-dap-dap-dap-dap-dap-dap-dap-dap-dap-dap-",125,17,0.136,1,1,1,0.008,0.0588,1,1,0,0,0,-0.0508,0.8125,1,1,0,0,0,0,0,0,0,0,0,0,0,0,0,0,0,0,4,4,12,0.3333,0.3333,1,2,6,3,2,6,0,-1,1,1,1,0,0,1,-1,0,0,0,0,0,0,0,0,0,0,0,0,1,1,0,0,0,0,1,1,0,1,0,1,0,0,0,0,0,0,1
pythia_28b,text,2.8,32,wolf,animal,completion_forest,completion,encounter,wolf,0,svm,L16,16,0.5,single_mid,20.0,Little Red Riding Hood was walking through the dark forest when she met a,"hen she met a wolf. She was scared, but he was friendly. He told her that he was looking for a little girl who had been lost in the forest. Little Red Riding Hood was so scared that she ran away. The wolf chased her and she ran into a house. The wolf knocked on the door and the door opened. Little Red Riding Hood was so scared that she ran away. The wolf chased her and she ran into a house. The wolf knocked on the door and the door opened. Little Red Riding Hood was so scared that she ran away. The wolf chased her and she ran into a house. The wolf knocked on the door and the door opened. Little Red Riding Hood was so scared that she ran away. The wolf chased her and she ran into a house. The wolf knocked on the door and the door opened. Little Red Riding Hood was so scared that she ran away. The wolf chased her and she ran into a house. The wolf knocked on the door","hen she met a man who was wearing a red. ""I am a little bit of a poet, and I would like to tell you a few things about myself. I am a very good person, and I am very good at making people feel good. I am also very good at making people feel bad. I am also very good at making people feel good. I am also very good at making people feel bad. I am also very good at making people feel good. I am also very good at making people feel bad. I am also very good at making people feel good. I am also very good at making people feel bad. I am also very good at making people feel good. I am also very good at making people feel bad. I am also very good at making people feel good. I am also very good at making people feel bad. I am also very good at making people feel good. I am also very good at making people feel bad. I am also very good at making people feel",181,185,1.0221,1,1,1,0.0055,0.0054,1,0,0,0,0,0.0001,0.8824,1,0,1,0,0,0,0,0,0,0,0,0,0,1,-1,0,0,0,4,2,12,0.3333,0.1667,2,1,6,2,1,6,2,1,1,1,0,1,1,1,0,0,0,0,0,0,0,0,0,0,0,0,0,1,1,0,0,0,0,1,0,1,0,0,0,0,0,0,0,0,0,1
pythia_28b,text,2.8,32,wolf,animal,completion_grandmother,completion,deception,wolf,0,svm,L16,16,0.5,single_mid,20.0,Little Red Riding Hood arrived at her grandmother's house. She knocked on the door and a voice said,"a voice said, ""Come in."" She opened the door and saw a big wolf sitting on the couch. ""Hello, Grandma,"" she said. ""I'm Little Red Riding Hood.""

""I know,"" said the wolf. ""I'm your grandmother.""

""I'm hungry,"" said Little Red Riding Hood. ""Can I have some food?""

""I'm sorry,"" said the wolf. ""I don't have any food.""

""I'll go get some,"" said Little Red Riding Hood.

She went to the woods and found a basket full of apples. She took one and came back to the house. ""I'm hungry,"" she said. ""Can I have some food?""

""I'm sorry,"" said the wolf. ""I don't have any food.""

""I'll go get some,"" said Little Red Riding Hood.

She went to the woods and found a basket full of carrots. She","a voice said, ""Come in.""

""I'm so glad,"" said the voice. ""I've been waiting for you.""

""I'm so glad,"" said the voice. ""I've been waiting for you.""

""I'm so glad,"" said the voice. ""I've been waiting for you.""

""I'm so glad,"" said the voice. ""I've been waiting for you.""

""I'm so glad,"" said the voice. ""I've been waiting for you.""

""I'm so glad,"" said the voice. ""I've been waiting for you.""

""I'm so glad,"" said the voice. ""I've been waiting for you.""

""I'm so glad,"" said the voice. ""I've been waiting for you.""

""I'm so glad,"" said the voice. ""I've been waiting for you.""

""I'm so glad,"" said the voice. ""I've",128,111,0.8672,1,1,0,0.0078,0.0,1,0,0,0,1,0.0078,0.8806,1,0,1,0,0,0,0,0,0,0,0,0,0,0,0,0,0,0,7,0,12,0.5833,0.0,3,0,6,4,0,6,7,3,4,1,0,1,1,0,1,0,0,0,0,0,0,1,0,1,0,0,0,1,0,1,1,0,1,1,0,1,1,0,1,0,0,0,0,0,0,1
pythia_28b,text,2.8,32,wolf,animal,control_cinderella,instruction,control,none,1,svm,L16,16,0.5,single_mid,20.0,Tell me the story of Cinderella from beginning to end.,"nning to end.

Cinderella is a story of a girl who is forced to live in a glass shoe. She is a princess who is forced to live in a glass shoe. She is a princess who is forced to live in a glass shoe. She is a princess who is forced to live in a glass shoe. She is a princess who is forced to live in a glass shoe. She is a princess who is forced to live in a glass shoe. She is a princess who is forced to live in a glass shoe. She is a princess who is forced to live in a glass shoe. She is a princess who is forced to live in a glass shoe. She is a princess who is forced to live in a glass shoe. She is a princess who is forced to live in a glass shoe. She is a princess who is forced to live in a glass shoe. She is a princess who is forced to live in a glass shoe. She is a princess who is forced to live in a","nning to end.

I’m not sure if I’m supposed to be writing this, but I’m going to anyway.

I’m not sure if I’m supposed to be writing this, but I’m going to anyway.

I’m not sure if I’m supposed to be writing this, but I’m going to anyway.

I’m not sure if I’m supposed to be writing this, but I’m going to anyway.

I’m not sure if I’m supposed to be writing this, but I’m going to anyway.

I’m not sure if I’m supposed to be writing this, but I’m going to anyway.

I’m not sure if I’m supposed to be writing this, but I’m going to anyway.

I’m not sure if I’m supposed to be writing this, but I’m going to anyway.",186,123,0.6613,1,0,0,0.0,0.0,0,0,0,0,0,0.0,0.8929,0,0,0,0,0,0,0,0,0,0,0,0,0,0,0,0,0,0,1,0,12,0.0833,0.0,0,0,6,1,0,6,1,0,1,0,0,0,0,0,0,0,0,0,0,0,0,0,0,0,0,0,0,1,0,1,0,0,0,0,0,0,0,0,0,0,0,0,0,0,0,0
pythia_28b,text,2.8,32,wolf,animal,control_generic,completion,control,none,1,svm,L16,16,0.5,single_mid,20.0,The old man sat by the fireplace and told his grandchildren about the time he,t the time he had been a young man. He had been a young man when he had first come to this country. He had been a young man when he had first seen the great city of New York. He had been a young man when he had first seen the great city of Chicago. He had been a young man when he had first seen the great city of San Francisco. He had been a young man when he had first seen the great city of Los Angeles. He had been a young man when he had first seen the great city of Seattle. He had been a young man when he had first seen the great city of Portland. He had been a young man when he had first seen the great city of San Diego. He had been a young man when he had first seen the great city of Denver. He had been a young man when he had first seen the great city of Las Vegas. He had been a young man when he had first seen the great city of Phoenix. He had been a,"t the time he had been in the woods forest, and how he had seen a man with a long, long, long, long, long, long, long, long, long, long, long, long, long, long, long, long, long, long, long, long, long, long, long, long, long, long, long, long, long, long, long, long, long, long, long, long, long, long, long, long, long, long, long, long, long, long, long, long, long, long, long, long, long, long, long, long, long, long, long, long, long, long, long, long, long, long, long, long, long, long, long, long, long, long, long, long, long, long, long, long, long, long, long, long, long, long, long, long, long, long, long, long,",192,111,0.5781,1,0,0,0.0,0.0,0,0,0,0,0,0.0,0.7805,0,0,0,0,0,0,0,0,0,0,0,0,0,0,0,0,0,0,0,1,12,0.0,0.0833,0,0,6,0,1,6,-1,0,-1,0,0,0,0,0,0,0,0,0,0,0,0,0,0,0,0,0,0,0,0,0,0,0,0,0,1,-1,0,0,0,0,0,0,0,0,0,0
pythia_28b,text,2.8,32,wolf,animal,instruction_full_story,instruction,full_narrative,wolf,0,svm,L24,24,0.75,single_late,3.0,Tell me the story of Little Red Riding Hood from beginning to end.,"nning to end.

Little Red Riding Hood is a fairy tale that is told in many different versions. The story is about a girl named Little Red Riding Hood who is being chased by a wolf. She is being chased by the wolf because she is trying to find her grandmother. The wolf is trying to eat her grandmother. The wolf is trying to eat her grandmother because she is a grandmother. The wolf is trying to eat her grandmother because she is a grandmother. The wolf is trying to eat her grandmother because she is a grandmother. The wolf is trying to eat her grandmother because she is a grandmother. The wolf is trying to eat her grandmother because she is a grandmother. The wolf is trying to eat her grandmother because she is a grandmother. The wolf is trying to eat her grandmother because she is a grandmother. The wolf is trying to eat her grandmother because she is a grandmother. The wolf is trying to eat her grandmother because she is a grandmother. The wolf is trying to eat her grandmother because she","nning to end.

I’m not sure if you’ve ever heard of Little Red Riding Hood, but if you have, you know that she’s a little girl who lives in a forest with her grandmother and her grandmother’s grandmother. She’s a little girl who’s always been a little bit afraid of the dark, and she’s always been a little bit afraid of the big bad wolf.

And then one day, the wolf comes to her grandmother’s house and he says, “I’m going to eat your grandmother and your grandmother’s grandmother.”

And the grandmother says, “No, you’re not.”

And the wolf says, “Yes, I am.”

And the grandmother says, “No, you’re not.”

And the wolf says, “Yes, I am.”

And the grandmother says, “No, you’re not.”

And the wolf says, “Yes",186,129,0.6935,1,1,2,0.0054,0.0155,1,1,0,0,-1,-0.0101,0.7778,1,1,0,0,0,0,0,0,0,0,0,0,0,1,-1,0,0,0,3,6,12,0.25,0.5,1,2,6,2,4,6,-3,-1,-2,1,1,0,0,0,0,0,0,0,0,0,0,0,1,-1,0,0,0,1,1,0,1,1,0,0,1,-1,0,0,0,0,0,0,0,1,-1,1
pythia_28b,text,2.8,32,wolf,animal,instruction_forest,instruction,encounter,wolf,0,svm,L24,24,0.75,single_late,3.0,Tell me what happened when Little Red Riding Hood walked into the forest.,"o the forest.

Little Red Riding Hood walked into the forest.

Little Red Riding Hood walked into the forest.

Little Red Riding Hood walked into the forest.

Little Red Riding Hood walked into the forest.

Little Red Riding Hood walked into the forest.

Little Red Riding Hood walked into the forest.

Little Red Riding Hood walked into the forest.

Little Red Riding Hood walked into the forest.

Little Red Riding Hood walked into the forest.

Little Red Riding Hood walked into the forest.

Little Red Riding Hood walked into the forest.

Little Red Riding Hood walked into the forest.

Little Red Riding Hood walked into the forest.

Little Red Riding Hood walked into the forest.

Little Red Riding Hood walked into the forest.

Little Red Riding Hood walked into the forest.

Little Red Riding Hood walked","o the forest.

Tell me what happened when Little Red Riding Hood walked into the forest.

Tell me what happened when Little Red Riding Hood walked into the forest.

Tell me what happened when Little Red Riding Hood walked into the forest.

Tell me what happened when Little Red Riding Hood walked into the forest.

Tell me what happened when Little Red Riding Hood walked into the forest.

Tell me what happened when Little Red Riding Hood walked into the forest.

Tell me what happened when Little Red Riding Hood walked into the forest.

Tell me what happened when Little Red Riding Hood walked into the forest.

Tell me what happened when Little Red Riding Hood walked into the forest.

Tell me what happened when Little Red Riding Hood walked into the forest.

Tell me what happened when Little Red Riding Hood walked into the forest.

Tell me what happened when Little Red Riding Hood walked",136,156,1.1471,1,0,0,0.0,0.0,0,0,0,0,0,0.0,0.3571,0,0,0,0,0,0,0,0,0,0,0,0,0,0,0,0,0,0,2,2,12,0.1667,0.1667,0,0,6,2,2,6,0,0,0,0,0,0,0,0,0,0,0,0,0,0,0,0,0,0,0,0,0,1,1,0,0,0,0,1,1,0,0,0,0,0,0,0,0,0,0,1
pythia_28b,text,2.8,32,wolf,animal,instruction_grandmother,instruction,deception,wolf,0,svm,L24,24,0.75,single_late,3.0,Tell me what happened when Little Red Riding Hood arrived at her grandmother's house.,"ther's house.

""I was so happy to see you,"" said the grandmother. ""I've been waiting for you for a long time.""

""I'm so glad you're here,"" said the grandmother. ""I've been waiting for you for a long time.""

""I'm so glad you're here,"" said the grandmother. ""I've been waiting for you for a long time.""

""I'm so glad you're here,"" said the grandmother. ""I've been waiting for you for a long time.""

""I'm so glad you're here,"" said the grandmother. ""I've been waiting for you for a long time.""

""I'm so glad you're here,"" said the grandmother. ""I've been waiting for you for a long time.""

""I'm so glad you're here,"" said the grandmother. ""I've been waiting for you for a long time.""

""I'm so glad you're here,""","ther's house.

""I was so happy to see you, Grandma,"" she said. ""I've been so worried about you.""

""I'm fine, dear,"" her grandmother replied. ""I'm just a little tired.""

""I know you are, Grandma,"" Little Red Riding Hood said. ""But I'm so glad you're home.""

""I'm glad to be home, too, dear,"" her grandmother replied. ""But I'm not sure I'm ready to be home yet.""

""I know you're not ready, Grandma,"" Little Red Riding Hood said. ""But I'm so glad you're home.""

""I'm glad to be home, too, dear,"" her grandmother replied. ""But I'm not sure I'm ready to be home yet.""

""I know you're not ready, Grandma,"" Little Red Riding Hood said. ""But I'm so glad you're home.""",128,119,0.9297,1,0,0,0.0,0.0,0,0,0,0,0,0.0,0.7321,0,0,0,0,0,0,0,0,0,0,0,0,0,0,0,0,0,0,2,3,12,0.1667,0.25,0,0,6,2,3,6,-1,0,-1,0,0,0,0,0,0,0,0,0,0,0,0,0,0,0,0,0,0,0,1,-1,1,1,0,0,0,0,0,0,0,0,0,0,1,1,0,1
pythia_28b,text,2.8,32,wolf,animal,completion_full_story,completion,full_narrative,wolf,0,svm,L24,24,0.75,single_late,3.0,"Once upon a time, there was a little girl called Little Red Riding Hood. She walked through the forest and","he forest and came across a wolf. The wolf said, ""I'm hungry. I'm hungry."" Little Red Riding Hood said, ""I'm sorry, but I don't have any food."" The wolf said, ""I'm hungry. I'm hungry."" Little Red Riding Hood said, ""I'm sorry, but I don't have any food."" The wolf said, ""I'm hungry. I'm hungry."" Little Red Riding Hood said, ""I'm sorry, but I don't have any food."" The wolf said, ""I'm hungry. I'm hungry."" Little Red Riding Hood said, ""I'm sorry, but I don't have any food."" The wolf said, ""I'm hungry. I'm hungry."" Little Red Riding Hood said, ""I'm sorry, but I don't have any food."" The wolf said, ""I'm hungry. I'm hungry."" Little Red Riding Hood said, ""I'm sorry, but I don't have","he forest and came across a wolf. The wolf said, ""I'm going to eat you."" Little Red Riding Hood said, ""I'm not afraid of you."" The wolf said, ""I'm going to eat you."" Little Red Riding Hood said, ""I'm not afraid of you."" The wolf said, ""I'm going to eat you."" Little Red Riding Hood said, ""I'm not afraid of you."" The wolf said, ""I'm going to eat you."" Little Red Riding Hood said, ""I'm not afraid of you."" The wolf said, ""I'm going to eat you."" Little Red Riding Hood said, ""I'm not afraid of you."" The wolf said, ""I'm going to eat you."" Little Red Riding Hood said, ""I'm not afraid of you."" The wolf said, ""I'm going to eat you."" Little Red Riding Hood said, ""I'm not afraid of you."" The wolf said, ""I",125,137,1.096,1,1,1,0.008,0.0073,1,1,0,0,0,0.0007,0.5455,1,1,0,0,0,0,0,0,0,0,0,0,0,0,0,0,0,0,4,3,12,0.3333,0.25,1,1,6,3,2,6,1,0,1,1,1,0,0,0,0,0,0,0,0,0,0,0,0,0,0,0,0,1,1,0,0,0,0,1,1,0,1,0,1,0,0,0,0,0,0,1
pythia_28b,text,2.8,32,wolf,animal,completion_forest,completion,encounter,wolf,0,svm,L24,24,0.75,single_late,3.0,Little Red Riding Hood was walking through the dark forest when she met a,"hen she met a wolf. She was scared, but he was friendly. He told her that he was looking for a little girl who had been lost in the forest. Little Red Riding Hood was so scared that she ran away. The wolf chased her and she ran into a house. The wolf knocked on the door and the door opened. Little Red Riding Hood was so scared that she ran away. The wolf chased her and she ran into a house. The wolf knocked on the door and the door opened. Little Red Riding Hood was so scared that she ran away. The wolf chased her and she ran into a house. The wolf knocked on the door and the door opened. Little Red Riding Hood was so scared that she ran away. The wolf chased her and she ran into a house. The wolf knocked on the door and the door opened. Little Red Riding Hood was so scared that she ran away. The wolf chased her and she ran into a house. The wolf knocked on the door","hen she met a wolf. She asked him for a piece of bread, and he gave her a piece of bread. She asked him for a piece of cheese, and he gave her a piece of cheese. She asked him for a piece of apple, and he gave her a piece of apple. She asked him for a piece of carrot, and he gave her a piece of carrot. She asked him for a piece of onion, and he gave her a piece of onion. She asked him for a piece of cabbage, and he gave her a piece of cabbage. She asked him for a piece of potato, and he gave her a piece of potato. She asked him for a piece of apple, and he gave her a piece of apple. She asked him for a piece of carrot, and he gave her a piece of carrot. She asked him for a piece of onion, and he gave her a piece of onion. She asked him for a piece of cabbage, and he gave her a piece of cabbage.",181,181,1.0,1,1,1,0.0055,0.0055,1,1,0,0,0,0.0,0.8475,1,1,0,0,0,0,0,0,0,0,0,0,0,0,0,0,0,0,4,3,12,0.3333,0.25,2,2,6,2,1,6,1,0,1,1,1,0,1,1,0,0,0,0,0,0,0,0,0,0,0,0,0,1,0,1,0,0,0,1,0,1,0,1,-1,0,0,0,0,0,0,1
pythia_28b,text,2.8,32,wolf,animal,completion_grandmother,completion,deception,wolf,0,svm,L24,24,0.75,single_late,3.0,Little Red Riding Hood arrived at her grandmother's house. She knocked on the door and a voice said,"a voice said, ""Come in."" She opened the door and saw a big wolf sitting on the couch. ""Hello, Grandma,"" she said. ""I'm Little Red Riding Hood.""

""I know,"" said the wolf. ""I'm your grandmother.""

""I'm hungry,"" said Little Red Riding Hood. ""Can I have some food?""

""I'm sorry,"" said the wolf. ""I don't have any food.""

""I'll go get some,"" said Little Red Riding Hood.

She went to the woods and found a basket full of apples. She took one and came back to the house. ""I'm hungry,"" she said. ""Can I have some food?""

""I'm sorry,"" said the wolf. ""I don't have any food.""

""I'll go get some,"" said Little Red Riding Hood.

She went to the woods and found a basket full of carrots. She","a voice said, ""Come in."" She opened the door and saw a man sitting in a chair. He was wearing a red hooded robe and a red cape. He had a long, thin face and a pointed nose. He had a long, thin, pointed nose. He had a long, thin, pointed nose. He had a long, thin, pointed nose. He had a long, thin, pointed nose. He had a long, thin, pointed nose. He had a long, thin, pointed nose. He had a long, thin, pointed nose. He had a long, thin, pointed nose. He had a long, thin, pointed nose. He had a long, thin, pointed nose. He had a long, thin, pointed nose. He had a long, thin, pointed nose. He had a long, thin, pointed nose. He had a long, thin, pointed nose. He had a long, thin, pointed nose. He had a long, thin",128,148,1.1562,1,1,0,0.0078,0.0,1,0,0,0,1,0.0078,0.8267,1,0,1,0,0,0,0,0,0,0,0,0,0,0,0,0,0,0,7,1,12,0.5833,0.0833,3,0,6,4,1,6,6,3,3,1,0,1,1,0,1,0,0,0,0,0,0,1,0,1,0,0,0,1,1,0,1,0,1,1,0,1,1,0,1,0,0,0,0,0,0,1
pythia_28b,text,2.8,32,wolf,animal,control_cinderella,instruction,control,none,1,svm,L24,24,0.75,single_late,3.0,Tell me the story of Cinderella from beginning to end.,"nning to end.

Cinderella is a story of a girl who is forced to live in a glass shoe. She is a princess who is forced to live in a glass shoe. She is a princess who is forced to live in a glass shoe. She is a princess who is forced to live in a glass shoe. She is a princess who is forced to live in a glass shoe. She is a princess who is forced to live in a glass shoe. She is a princess who is forced to live in a glass shoe. She is a princess who is forced to live in a glass shoe. She is a princess who is forced to live in a glass shoe. She is a princess who is forced to live in a glass shoe. She is a princess who is forced to live in a glass shoe. She is a princess who is forced to live in a glass shoe. She is a princess who is forced to live in a glass shoe. She is a princess who is forced to live in a","nning to end.

Cinderella is a story of a girl who is forced to live in a dark and gloomy castle. She is forced to live in a dark and gloomy castle. She is forced to live in a dark and gloomy castle. She is forced to live in a dark and gloomy castle. She is forced to live in a dark and gloomy castle. She is forced to live in a dark and gloomy castle. She is forced to live in a dark and gloomy castle. She is forced to live in a dark and gloomy castle. She is forced to live in a dark and gloomy castle. She is forced to live in a dark and gloomy castle. She is forced to live in a dark and gloomy castle. She is forced to live in a dark and gloomy castle. She is forced to live in a dark and gloomy castle. She is forced to live in a dark and gloomy castle. She is forced to live in a",186,171,0.9194,1,0,0,0.0,0.0,0,0,0,0,0,0.0,0.3333,0,0,0,0,0,0,0,0,0,0,0,0,0,0,0,0,0,0,1,1,12,0.0833,0.0833,0,0,6,1,1,6,0,0,0,0,0,0,0,0,0,0,0,0,0,0,0,0,0,0,0,0,0,1,1,0,0,0,0,0,0,0,0,0,0,0,0,0,0,0,0,0
pythia_28b,text,2.8,32,wolf,animal,instruction_full_story,instruction,full_narrative,wolf,0,svm,L24,24,0.75,single_late,6.0,Tell me the story of Little Red Riding Hood from beginning to end.,"nning to end.

Little Red Riding Hood is a fairy tale that is told in many different versions. The story is about a girl named Little Red Riding Hood who is being chased by a wolf. She is being chased by the wolf because she is trying to find her grandmother. The wolf is trying to eat her grandmother. The wolf is trying to eat her grandmother because she is a grandmother. The wolf is trying to eat her grandmother because she is a grandmother. The wolf is trying to eat her grandmother because she is a grandmother. The wolf is trying to eat her grandmother because she is a grandmother. The wolf is trying to eat her grandmother because she is a grandmother. The wolf is trying to eat her grandmother because she is a grandmother. The wolf is trying to eat her grandmother because she is a grandmother. The wolf is trying to eat her grandmother because she is a grandmother. The wolf is trying to eat her grandmother because she is a grandmother. The wolf is trying to eat her grandmother because she","nning to end.

I’m not sure if you’ve ever heard of Little Red Riding Hood, but if you have, you know that she’s a little girl who lives in a small town in the middle of the woods. She’s a little girl who lives in a small town in the middle of the woods. She’s a little girl who lives in a small town in the middle of the woods. She’s a little girl who lives in a small town in the middle of the woods. She’s a little girl who lives in a small town in the middle of the woods. She’s a little girl who lives in a small town in the middle of the woods. She’s a little girl who lives in a small town in the middle of the woods. She’s a little girl who lives in a small town in the middle of the woods. She’s a little girl who lives in a small town in the middle of the woods. She",186,167,0.8978,1,1,0,0.0054,0.0,1,0,0,0,1,0.0054,0.7636,1,0,1,0,0,0,0,0,0,0,0,0,0,0,0,0,0,0,3,3,12,0.25,0.25,1,0,6,2,3,6,0,1,-1,1,0,1,0,0,0,0,0,0,0,0,0,0,0,0,0,0,0,1,1,0,1,0,1,0,1,-1,0,0,0,0,0,0,0,1,-1,1
pythia_28b,text,2.8,32,wolf,animal,instruction_forest,instruction,encounter,wolf,0,svm,L24,24,0.75,single_late,6.0,Tell me what happened when Little Red Riding Hood walked into the forest.,"o the forest.

Little Red Riding Hood walked into the forest.

Little Red Riding Hood walked into the forest.

Little Red Riding Hood walked into the forest.

Little Red Riding Hood walked into the forest.

Little Red Riding Hood walked into the forest.

Little Red Riding Hood walked into the forest.

Little Red Riding Hood walked into the forest.

Little Red Riding Hood walked into the forest.

Little Red Riding Hood walked into the forest.

Little Red Riding Hood walked into the forest.

Little Red Riding Hood walked into the forest.

Little Red Riding Hood walked into the forest.

Little Red Riding Hood walked into the forest.

Little Red Riding Hood walked into the forest.

Little Red Riding Hood walked into the forest.

Little Red Riding Hood walked into the forest.

Little Red Riding Hood walked","o the forest.

I was in the forest with my friends and we were playing a game. I was playing the role of the wolf and my friends were playing the role of the little girl. I was playing the role of the wolf and my friends were playing the role of the little girl.

I was playing the role of the wolf and my friends were playing the role of the little girl.

I was playing the role of the wolf and my friends were playing the role of the little girl.

I was playing the role of the wolf and my friends were playing the role of the little girl.

I was playing the role of the wolf and my friends were playing the role of the little girl.

I was playing the role of the wolf and my friends were playing the role of the little girl.

I was playing the role of the wolf and my friends were playing the role of the little girl.

I was playing the role of the wolf and",136,178,1.3088,1,0,1,0.0,0.0056,0,1,0,0,-1,-0.0056,0.8462,0,1,-1,0,0,0,0,0,0,0,0,0,0,0,0,0,0,0,2,3,12,0.1667,0.25,0,1,6,2,2,6,-1,-1,0,0,1,-1,0,0,0,0,0,0,0,0,0,0,0,0,0,0,0,1,1,0,0,0,0,1,1,0,0,0,0,0,0,0,0,0,0,1
pythia_28b,text,2.8,32,wolf,animal,instruction_grandmother,instruction,deception,wolf,0,svm,L24,24,0.75,single_late,6.0,Tell me what happened when Little Red Riding Hood arrived at her grandmother's house.,"ther's house.

""I was so happy to see you,"" said the grandmother. ""I've been waiting for you for a long time.""

""I'm so glad you're here,"" said the grandmother. ""I've been waiting for you for a long time.""

""I'm so glad you're here,"" said the grandmother. ""I've been waiting for you for a long time.""

""I'm so glad you're here,"" said the grandmother. ""I've been waiting for you for a long time.""

""I'm so glad you're here,"" said the grandmother. ""I've been waiting for you for a long time.""

""I'm so glad you're here,"" said the grandmother. ""I've been waiting for you for a long time.""

""I'm so glad you're here,"" said the grandmother. ""I've been waiting for you for a long time.""

""I'm so glad you're here,""","ther's house.

""I was so excited to see you, Grandma, I ran to you and hugged you and kissed you and told you how much I love you. I was so happy to see you, I was so happy to see you, I was so happy to see you, I was so happy to see you, I was so happy to see you, I was so happy to see you, I was so happy to see you, I was so happy to see you, I was so happy to see you, I was so happy to see you, I was so happy to see you, I was so happy to see you, I was so happy to see you, I was so happy to see you, I was so happy to see you, I was so happy to see you, I was so happy to see you, I was so happy to see you, I was so happy to see you, I was so happy to see you, I was so happy to see you",128,175,1.3672,1,0,0,0.0,0.0,0,0,0,0,0,0.0,0.7568,0,0,0,0,0,0,0,0,0,0,0,0,0,0,0,0,0,0,2,2,12,0.1667,0.1667,0,0,6,2,2,6,0,0,0,0,0,0,0,0,0,0,0,0,0,0,0,0,0,0,0,0,0,0,0,0,1,1,0,0,0,0,0,0,0,0,0,0,1,1,0,1
pythia_28b,text,2.8,32,wolf,animal,completion_full_story,completion,full_narrative,wolf,0,svm,L24,24,0.75,single_late,6.0,"Once upon a time, there was a little girl called Little Red Riding Hood. She walked through the forest and","he forest and came across a wolf. The wolf said, ""I'm hungry. I'm hungry."" Little Red Riding Hood said, ""I'm sorry, but I don't have any food."" The wolf said, ""I'm hungry. I'm hungry."" Little Red Riding Hood said, ""I'm sorry, but I don't have any food."" The wolf said, ""I'm hungry. I'm hungry."" Little Red Riding Hood said, ""I'm sorry, but I don't have any food."" The wolf said, ""I'm hungry. I'm hungry."" Little Red Riding Hood said, ""I'm sorry, but I don't have any food."" The wolf said, ""I'm hungry. I'm hungry."" Little Red Riding Hood said, ""I'm sorry, but I don't have any food."" The wolf said, ""I'm hungry. I'm hungry."" Little Red Riding Hood said, ""I'm sorry, but I don't have","he forest and saw a little wolf-child playing with a little girl. The little girl was named ""Hair"" and the little boy was named ""Ears"". The little girl was very happy to see the little boy and asked him to play with her. The little boy was very happy to play with the little girl and asked her to play with him. The little girl was very happy to play with the little boy and asked him to play with her. The little boy was very happy to play with the little girl and asked her to play with him. The little girl was very happy to play with the little boy and asked him to play with her. The little boy was very happy to play with the little girl and asked her to play with him. The little girl was very happy to play with the little boy and asked him to play with her. The little boy was very happy to play with the little girl and asked her to play with him. The little girl was very happy to play with the",125,186,1.488,1,1,1,0.008,0.0054,1,1,0,0,0,0.0026,0.8696,1,1,0,0,0,0,0,0,0,0,0,0,0,0,0,0,0,0,4,5,12,0.3333,0.4167,1,2,6,3,3,6,-1,-1,0,1,1,0,0,0,0,0,0,0,0,0,0,0,1,-1,0,0,0,1,1,0,0,0,0,1,1,0,1,0,1,0,0,0,0,1,-1,1
pythia_28b,text,2.8,32,wolf,animal,completion_forest,completion,encounter,wolf,0,svm,L24,24,0.75,single_late,6.0,Little Red Riding Hood was walking through the dark forest when she met a,"hen she met a wolf. She was scared, but he was friendly. He told her that he was looking for a little girl who had been lost in the forest. Little Red Riding Hood was so scared that she ran away. The wolf chased her and she ran into a house. The wolf knocked on the door and the door opened. Little Red Riding Hood was so scared that she ran away. The wolf chased her and she ran into a house. The wolf knocked on the door and the door opened. Little Red Riding Hood was so scared that she ran away. The wolf chased her and she ran into a house. The wolf knocked on the door and the door opened. Little Red Riding Hood was so scared that she ran away. The wolf chased her and she ran into a house. The wolf knocked on the door and the door opened. Little Red Riding Hood was so scared that she ran away. The wolf chased her and she ran into a house. The wolf knocked on the door","hen she met a wolf-child named Jack.

The little girl was so afraid of the dark that she ran away from the forest and hid in a nearby house.

The little girl was so afraid of the dark that she ran away from the forest and hid in a nearby house.

The little girl was so afraid of the dark that she ran away from the forest and hid in a nearby house.

The little girl was so afraid of the dark that she ran away from the forest and hid in a nearby house.

The little girl was so afraid of the dark that she ran away from the forest and hid in a nearby house.

The little girl was so afraid of the dark that she ran away from the forest and hid in a nearby house.

The little girl was so afraid of the dark that she ran away from the forest and hid in a nearby house.

The little girl was so afraid of the dark that she ran away from the forest and",181,178,0.9834,1,1,1,0.0055,0.0056,1,1,0,0,0,-0.0001,0.7255,1,1,0,0,0,0,0,0,0,0,0,0,0,0,0,0,0,0,4,4,12,0.3333,0.3333,2,2,6,2,2,6,0,0,0,1,1,0,1,1,0,0,0,0,0,0,0,0,0,0,0,0,0,1,1,0,0,0,0,1,1,0,0,0,0,0,0,0,0,0,0,1
pythia_28b,text,2.8,32,wolf,animal,completion_grandmother,completion,deception,wolf,0,svm,L24,24,0.75,single_late,6.0,Little Red Riding Hood arrived at her grandmother's house. She knocked on the door and a voice said,"a voice said, ""Come in."" She opened the door and saw a big wolf sitting on the couch. ""Hello, Grandma,"" she said. ""I'm Little Red Riding Hood.""

""I know,"" said the wolf. ""I'm your grandmother.""

""I'm hungry,"" said Little Red Riding Hood. ""Can I have some food?""

""I'm sorry,"" said the wolf. ""I don't have any food.""

""I'll go get some,"" said Little Red Riding Hood.

She went to the woods and found a basket full of apples. She took one and came back to the house. ""I'm hungry,"" she said. ""Can I have some food?""

""I'm sorry,"" said the wolf. ""I don't have any food.""

""I'll go get some,"" said Little Red Riding Hood.

She went to the woods and found a basket full of carrots. She","a voice said, ""Come in."" She did so and saw a little girl sitting on the floor playing with a doll. The little girl said, ""I'm your grandmother's new maid. I'm going to take you to your room."" The little girl took her by the hand and led her to the room. The little girl said, ""Here's your room. You can have your own room."" The little girl took her by the hand and led her to the room. The little girl said, ""Here's your room. You can have your own room."" The little girl took her by the hand and led her to the room. The little girl said, ""Here's your room. You can have your own room."" The little girl took her by the hand and led her to the room. The little girl said, ""Here's your room. You can have your own room."" The little girl took her by the hand and led her to the room. The little girl said, ""Here",128,165,1.2891,1,1,0,0.0078,0.0,1,0,0,0,1,0.0078,0.7952,1,0,1,0,0,0,0,0,0,0,0,0,0,0,0,0,0,0,7,2,12,0.5833,0.1667,3,0,6,4,2,6,5,3,2,1,0,1,1,0,1,0,0,0,0,0,0,1,0,1,0,0,0,1,1,0,1,1,0,1,0,1,1,0,1,0,0,0,0,0,0,1
pythia_28b,text,2.8,32,wolf,animal,control_cinderella,instruction,control,none,1,svm,L24,24,0.75,single_late,6.0,Tell me the story of Cinderella from beginning to end.,"nning to end.

Cinderella is a story of a girl who is forced to live in a glass shoe. She is a princess who is forced to live in a glass shoe. She is a princess who is forced to live in a glass shoe. She is a princess who is forced to live in a glass shoe. She is a princess who is forced to live in a glass shoe. She is a princess who is forced to live in a glass shoe. She is a princess who is forced to live in a glass shoe. She is a princess who is forced to live in a glass shoe. She is a princess who is forced to live in a glass shoe. She is a princess who is forced to live in a glass shoe. She is a princess who is forced to live in a glass shoe. She is a princess who is forced to live in a glass shoe. She is a princess who is forced to live in a glass shoe. She is a princess who is forced to live in a","nning to end.

Cinderella is a story that has been told and retold for centuries. It is a story that has been told in many different forms, from the ancient Greek and Roman stories to the modern day retellings.

The story of Cinderella is a story of a girl who is forced to live in a dark and dreary castle, where she is forced to do menial tasks and is forced to live in a state of poverty.

The story of Cinderella is a story of a girl who is forced to live in a dark and dreary castle, where she is forced to do menial tasks and is forced to live in a state of poverty.

The story of Cinderella is a story of a girl who is forced to live in a dark and dreary castle, where she is forced to do menial tasks and is forced to live in a state of poverty.

The story of Cinderella is a story of a",186,165,0.8871,1,0,0,0.0,0.0,0,0,0,0,0,0.0,0.7021,0,0,0,0,0,0,0,0,0,0,0,0,0,0,0,0,0,0,1,1,12,0.0833,0.0833,0,0,6,1,1,6,0,0,0,0,0,0,0,0,0,0,0,0,0,0,0,0,0,0,0,0,0,1,1,0,0,0,0,0,0,0,0,0,0,0,0,0,0,0,0,0
pythia_28b,text,2.8,32,wolf,animal,instruction_full_story,instruction,full_narrative,wolf,0,svm,L24,24,0.75,single_late,10.0,Tell me the story of Little Red Riding Hood from beginning to end.,"nning to end.

Little Red Riding Hood is a fairy tale that is told in many different versions. The story is about a girl named Little Red Riding Hood who is being chased by a wolf. She is being chased by the wolf because she is trying to find her grandmother. The wolf is trying to eat her grandmother. The wolf is trying to eat her grandmother because she is a grandmother. The wolf is trying to eat her grandmother because she is a grandmother. The wolf is trying to eat her grandmother because she is a grandmother. The wolf is trying to eat her grandmother because she is a grandmother. The wolf is trying to eat her grandmother because she is a grandmother. The wolf is trying to eat her grandmother because she is a grandmother. The wolf is trying to eat her grandmother because she is a grandmother. The wolf is trying to eat her grandmother because she is a grandmother. The wolf is trying to eat her grandmother because she is a grandmother. The wolf is trying to eat her grandmother because she","nning to end.

I’m not sure if I’m supposed to tell you the story of Little Red Riding Hood from beginning to end, or if I’m supposed to tell you the story of the first time I ever saw a real-life version of the story of Little Red Riding Hood.

I’m not sure if I’m supposed to tell you the story of Little Red Riding Hood from beginning to end, or if I’m supposed to tell you the story of the first time I ever saw a real-life version of the story of Little Red Riding Hood.

I’m not sure if I’m supposed to tell you the story of Little Red Riding Hood from beginning to end, or if I’m supposed to tell you the story of the first time I ever saw a real-life version of the story of Little Red Riding Hood.

I’m not sure if I’m supposed to tell you the story",186,155,0.8333,1,1,0,0.0054,0.0,1,0,0,0,1,0.0054,0.8214,1,0,1,0,0,0,0,0,0,0,0,0,0,0,0,0,0,0,3,2,12,0.25,0.1667,1,0,6,2,2,6,1,1,0,1,0,1,0,0,0,0,0,0,0,0,0,0,0,0,0,0,0,1,1,0,1,0,1,0,0,0,0,0,0,0,0,0,0,1,-1,1
pythia_28b,text,2.8,32,wolf,animal,instruction_forest,instruction,encounter,wolf,0,svm,L24,24,0.75,single_late,10.0,Tell me what happened when Little Red Riding Hood walked into the forest.,"o the forest.

Little Red Riding Hood walked into the forest.

Little Red Riding Hood walked into the forest.

Little Red Riding Hood walked into the forest.

Little Red Riding Hood walked into the forest.

Little Red Riding Hood walked into the forest.

Little Red Riding Hood walked into the forest.

Little Red Riding Hood walked into the forest.

Little Red Riding Hood walked into the forest.

Little Red Riding Hood walked into the forest.

Little Red Riding Hood walked into the forest.

Little Red Riding Hood walked into the forest.

Little Red Riding Hood walked into the forest.

Little Red Riding Hood walked into the forest.

Little Red Riding Hood walked into the forest.

Little Red Riding Hood walked into the forest.

Little Red Riding Hood walked into the forest.

Little Red Riding Hood walked","o the forest.

I was in the middle of a story, and I was trying to get the story out of my head, and I was trying to get the story out of my head, and I was trying to get the story out of my head, and I was trying to get the story out of my head, and I was trying to get the story out of my head, and I was trying to get the story out of my head, and I was trying to get the story out of my head, and I was trying to get the story out of my head, and I was trying to get the story out of my head, and I was trying to get the story out of my head, and I was trying to get the story out of my head, and I was trying to get the story out of my head, and I was trying to get the story out of my head, and I was trying to get the story out of my head, and I was trying to get the",136,186,1.3676,1,0,0,0.0,0.0,0,0,0,0,0,0.0,0.875,0,0,0,0,0,0,0,0,0,0,0,0,0,0,0,0,0,0,2,1,12,0.1667,0.0833,0,0,6,2,1,6,1,0,1,0,0,0,0,0,0,0,0,0,0,0,0,0,0,0,0,0,0,1,0,1,0,0,0,1,1,0,0,0,0,0,0,0,0,0,0,1
pythia_28b,text,2.8,32,wolf,animal,instruction_grandmother,instruction,deception,wolf,0,svm,L24,24,0.75,single_late,10.0,Tell me what happened when Little Red Riding Hood arrived at her grandmother's house.,"ther's house.

""I was so happy to see you,"" said the grandmother. ""I've been waiting for you for a long time.""

""I'm so glad you're here,"" said the grandmother. ""I've been waiting for you for a long time.""

""I'm so glad you're here,"" said the grandmother. ""I've been waiting for you for a long time.""

""I'm so glad you're here,"" said the grandmother. ""I've been waiting for you for a long time.""

""I'm so glad you're here,"" said the grandmother. ""I've been waiting for you for a long time.""

""I'm so glad you're here,"" said the grandmother. ""I've been waiting for you for a long time.""

""I'm so glad you're here,"" said the grandmother. ""I've been waiting for you for a long time.""

""I'm so glad you're here,""","ther's house.

The grandmother was a very old, very wise woman who had been a witch for a long time. She was a very good witch, and she was very good at what she did. She was a very good witch, and she was very good at what she did.

She was a very good witch, and she was very good at what she did.

She was a very good witch, and she was very good at what she did.

She was a very good witch, and she was very good at what she did.

She was a very good witch, and she was very good at what she did.

She was a very good witch, and she was very good at what she did.

She was a very good witch, and she was very good at what she did.

She was a very good witch, and she was very good at what she did.

She was a very good witch, and she",128,163,1.2734,1,0,0,0.0,0.0,0,0,0,0,0,0.0,0.8,0,0,0,0,0,0,0,0,0,0,0,0,0,0,0,0,0,0,2,1,12,0.1667,0.0833,0,0,6,2,1,6,1,0,1,0,0,0,0,0,0,0,0,0,0,0,0,0,0,0,0,0,0,0,0,0,1,1,0,0,0,0,0,0,0,0,0,0,1,0,1,1
pythia_28b,text,2.8,32,wolf,animal,completion_full_story,completion,full_narrative,wolf,0,svm,L24,24,0.75,single_late,10.0,"Once upon a time, there was a little girl called Little Red Riding Hood. She walked through the forest and","he forest and came across a wolf. The wolf said, ""I'm hungry. I'm hungry."" Little Red Riding Hood said, ""I'm sorry, but I don't have any food."" The wolf said, ""I'm hungry. I'm hungry."" Little Red Riding Hood said, ""I'm sorry, but I don't have any food."" The wolf said, ""I'm hungry. I'm hungry."" Little Red Riding Hood said, ""I'm sorry, but I don't have any food."" The wolf said, ""I'm hungry. I'm hungry."" Little Red Riding Hood said, ""I'm sorry, but I don't have any food."" The wolf said, ""I'm hungry. I'm hungry."" Little Red Riding Hood said, ""I'm sorry, but I don't have any food."" The wolf said, ""I'm hungry. I'm hungry."" Little Red Riding Hood said, ""I'm sorry, but I don't have",he forest and saw a little house made of sticks and sticks. She saw a little girl called Ma-ma-ma-ma-ma-ma-ma-ma-ma-ma-ma-ma-ma-ma-ma-ma-ma-ma-ma-ma-ma-ma-ma-ma-ma-ma-ma-ma-ma-ma-ma-ma-ma-ma-ma-ma-ma-ma-ma-ma-ma-ma-ma-ma-ma-ma-ma-ma-ma-ma-ma-ma-ma-ma-ma-ma-ma-ma-ma-ma-ma-ma-ma-ma-ma-ma-ma-ma-ma-ma-ma-ma-ma-ma-ma-ma-ma-ma-ma-ma-ma-ma-ma-ma-ma-ma-ma-ma-ma-ma-ma-ma-,125,19,0.152,1,1,0,0.008,0.0,1,0,0,0,1,0.008,0.8571,1,0,1,0,0,0,0,0,0,0,0,0,0,0,0,0,0,0,4,2,12,0.3333,0.1667,1,0,6,3,2,6,2,1,1,1,0,1,0,0,0,0,0,0,0,0,0,0,0,0,0,0,0,1,1,0,0,0,0,1,1,0,1,0,1,0,0,0,0,0,0,1
pythia_28b,text,2.8,32,wolf,animal,completion_forest,completion,encounter,wolf,0,svm,L24,24,0.75,single_late,10.0,Little Red Riding Hood was walking through the dark forest when she met a,"hen she met a wolf. She was scared, but he was friendly. He told her that he was looking for a little girl who had been lost in the forest. Little Red Riding Hood was so scared that she ran away. The wolf chased her and she ran into a house. The wolf knocked on the door and the door opened. Little Red Riding Hood was so scared that she ran away. The wolf chased her and she ran into a house. The wolf knocked on the door and the door opened. Little Red Riding Hood was so scared that she ran away. The wolf chased her and she ran into a house. The wolf knocked on the door and the door opened. Little Red Riding Hood was so scared that she ran away. The wolf chased her and she ran into a house. The wolf knocked on the door and the door opened. Little Red Riding Hood was so scared that she ran away. The wolf chased her and she ran into a house. The wolf knocked on the door","hen she met a little old woman who was carrying a lamp.

""What are you doing here?"" the old woman asked her.

""I'm looking for my grandmother's house,"" said the little girl.

""Why are you looking for your grandmother's house?"" the old woman asked her.

""I'm looking for my grandmother's house because I'm going to eat her house-fowl,"" said the little girl.

""Why are you going to eat her house-fowl?"" the old woman asked her.

""I'm going to eat her house-fowl because I'm going to eat her house-fowl,"" said the little girl.

""Why are you going to eat her house-fowl?"" the old woman asked her.

""I'm going to eat her house-fowl because I'm going to eat her house-fowl,"" said the little girl.

""Why are you going to eat her",181,129,0.7127,1,1,0,0.0055,0.0,1,0,0,0,1,0.0055,0.8406,1,0,1,0,0,0,0,0,0,0,0,0,0,0,0,0,0,0,4,3,12,0.3333,0.25,2,1,6,2,2,6,1,1,0,1,0,1,1,1,0,0,0,0,0,0,0,0,0,0,0,0,0,1,1,0,0,1,-1,1,0,1,0,0,0,0,0,0,0,0,0,1
pythia_28b,text,2.8,32,wolf,animal,completion_grandmother,completion,deception,wolf,0,svm,L24,24,0.75,single_late,10.0,Little Red Riding Hood arrived at her grandmother's house. She knocked on the door and a voice said,"a voice said, ""Come in."" She opened the door and saw a big wolf sitting on the couch. ""Hello, Grandma,"" she said. ""I'm Little Red Riding Hood.""

""I know,"" said the wolf. ""I'm your grandmother.""

""I'm hungry,"" said Little Red Riding Hood. ""Can I have some food?""

""I'm sorry,"" said the wolf. ""I don't have any food.""

""I'll go get some,"" said Little Red Riding Hood.

She went to the woods and found a basket full of apples. She took one and came back to the house. ""I'm hungry,"" she said. ""Can I have some food?""

""I'm sorry,"" said the wolf. ""I don't have any food.""

""I'll go get some,"" said Little Red Riding Hood.

She went to the woods and found a basket full of carrots. She","a voice said, ""Come in, little girl, I'm glad to see you.""

""I'm not a little girl, I'm a grown-up woman.""

""I know that, but I'm glad to see you. I'm your Gr...

...

...

...

...

...

...

...

...

...

...

...

...

...

...

...

...

...

...

...

...

...

...

...

...

...

...

...

...

...

...

...

...

...

...

...

...

...

...

...

...

...

...

...

...

...

...

...

...

...",128,82,0.6406,1,1,0,0.0078,0.0,1,0,0,0,1,0.0078,0.8784,1,0,1,0,0,0,0,0,0,0,0,0,0,0,0,0,0,0,7,1,12,0.5833,0.0833,3,0,6,4,1,6,6,3,3,1,0,1,1,0,1,0,0,0,0,0,0,1,0,1,0,0,0,1,1,0,1,0,1,1,0,1,1,0,1,0,0,0,0,0,0,1
pythia_28b,text,2.8,32,wolf,animal,control_cinderella,instruction,control,none,1,svm,L24,24,0.75,single_late,10.0,Tell me the story of Cinderella from beginning to end.,"nning to end.

Cinderella is a story of a girl who is forced to live in a glass shoe. She is a princess who is forced to live in a glass shoe. She is a princess who is forced to live in a glass shoe. She is a princess who is forced to live in a glass shoe. She is a princess who is forced to live in a glass shoe. She is a princess who is forced to live in a glass shoe. She is a princess who is forced to live in a glass shoe. She is a princess who is forced to live in a glass shoe. She is a princess who is forced to live in a glass shoe. She is a princess who is forced to live in a glass shoe. She is a princess who is forced to live in a glass shoe. She is a princess who is forced to live in a glass shoe. She is a princess who is forced to live in a glass shoe. She is a princess who is forced to live in a","nning to end.

I’m not a big fan of the Disney version of Cinderella. I’m not a big fan of the Disney version of Cinderella. I’m not a big fan of the Disney version of Cinderella. I’m not a big fan of the Disney version of Cinderella. I’m not a big fan of the Disney version of Cinderella. I’m not a big fan of the Disney version of Cinderella. I’m not a big fan of the Disney version of Cinderella. I’m not a big fan of the Disney version of Cinderella. I’m not a big fan of the Disney version of Cinderella. I’m not a big fan of the Disney version of Cinderella. I’m not a big fan of the Disney version of Cinderella. I’m not a big fan of the Disney version of Cinderella. I’m not a big",186,139,0.7473,1,0,0,0.0,0.0,0,0,0,0,0,0.0,0.8,0,0,0,0,0,0,0,0,0,0,0,0,0,0,0,0,0,0,1,1,12,0.0833,0.0833,0,1,6,1,0,6,0,-1,1,0,0,0,0,0,0,0,0,0,0,0,0,0,1,-1,0,0,0,1,0,1,0,0,0,0,0,0,0,0,0,0,0,0,0,0,0,0
pythia_28b,text,2.8,32,wolf,animal,instruction_full_story,instruction,full_narrative,wolf,0,svm,L24,24,0.75,single_late,15.0,Tell me the story of Little Red Riding Hood from beginning to end.,"nning to end.

Little Red Riding Hood is a fairy tale that is told in many different versions. The story is about a girl named Little Red Riding Hood who is being chased by a wolf. She is being chased by the wolf because she is trying to find her grandmother. The wolf is trying to eat her grandmother. The wolf is trying to eat her grandmother because she is a grandmother. The wolf is trying to eat her grandmother because she is a grandmother. The wolf is trying to eat her grandmother because she is a grandmother. The wolf is trying to eat her grandmother because she is a grandmother. The wolf is trying to eat her grandmother because she is a grandmother. The wolf is trying to eat her grandmother because she is a grandmother. The wolf is trying to eat her grandmother because she is a grandmother. The wolf is trying to eat her grandmother because she is a grandmother. The wolf is trying to eat her grandmother because she is a grandmother. The wolf is trying to eat her grandmother because she","nning to end.

I’m not sure if I’m supposed to tell you the story of the little girl who was given a red, white, and black striped dress, a white, black, and brown striped cape, and a white, black, and brown striped canteen, and told to go to the woods and pick a basket of fruit and a basket of mushrooms and bring them to her grandmother’

I’m not sure if I’m supposed to tell you the story of the little girl who was given a red, white, and black striped dress, a white, black, and brown striped cape, and a white, black, and brown striped canteen, and told to go to the woods and pick a basket of fruit and a basket of mushrooms and bring them to her grandmother’

I’m not sure if I’m supposed to tell you the story of the little girl who was given a red, white",186,152,0.8172,1,1,0,0.0054,0.0,1,0,0,0,1,0.0054,0.8333,1,0,1,0,0,0,0,0,0,0,0,0,0,0,0,0,0,0,3,5,12,0.25,0.4167,1,1,6,2,4,6,-2,0,-2,1,0,1,0,0,0,0,0,0,0,1,-1,0,0,0,0,0,0,1,1,0,1,1,0,0,1,-1,0,1,-1,0,0,0,0,0,0,1
pythia_28b,text,2.8,32,wolf,animal,instruction_forest,instruction,encounter,wolf,0,svm,L24,24,0.75,single_late,15.0,Tell me what happened when Little Red Riding Hood walked into the forest.,"o the forest.

Little Red Riding Hood walked into the forest.

Little Red Riding Hood walked into the forest.

Little Red Riding Hood walked into the forest.

Little Red Riding Hood walked into the forest.

Little Red Riding Hood walked into the forest.

Little Red Riding Hood walked into the forest.

Little Red Riding Hood walked into the forest.

Little Red Riding Hood walked into the forest.

Little Red Riding Hood walked into the forest.

Little Red Riding Hood walked into the forest.

Little Red Riding Hood walked into the forest.

Little Red Riding Hood walked into the forest.

Little Red Riding Hood walked into the forest.

Little Red Riding Hood walked into the forest.

Little Red Riding Hood walked into the forest.

Little Red Riding Hood walked into the forest.

Little Red Riding Hood walked","o the forest.

I was a little girl, and I was playing in the forest with my friends and I was playing with a little red

...

...

...

...

...

...

...

...

...

...

...

...

...

...

...

...

...

...

...

...

...

...

...

...

...

...

...

...

...

...

...

...

...

...

...

...

...

...

...

...

...

...

...

...

...

...

...

...

...

...

...

...

...

...

...

...

...

...",136,84,0.6176,1,0,0,0.0,0.0,0,0,0,0,0,0.0,0.7619,0,0,0,0,0,0,0,0,0,0,0,0,0,0,0,0,0,0,2,2,12,0.1667,0.1667,0,0,6,2,2,6,0,0,0,0,0,0,0,0,0,0,0,0,0,0,0,0,0,0,0,0,0,1,1,0,0,0,0,1,1,0,0,0,0,0,0,0,0,0,0,1
pythia_28b,text,2.8,32,wolf,animal,instruction_grandmother,instruction,deception,wolf,0,svm,L24,24,0.75,single_late,15.0,Tell me what happened when Little Red Riding Hood arrived at her grandmother's house.,"ther's house.

""I was so happy to see you,"" said the grandmother. ""I've been waiting for you for a long time.""

""I'm so glad you're here,"" said the grandmother. ""I've been waiting for you for a long time.""

""I'm so glad you're here,"" said the grandmother. ""I've been waiting for you for a long time.""

""I'm so glad you're here,"" said the grandmother. ""I've been waiting for you for a long time.""

""I'm so glad you're here,"" said the grandmother. ""I've been waiting for you for a long time.""

""I'm so glad you're here,"" said the grandmother. ""I've been waiting for you for a long time.""

""I'm so glad you're here,"" said the grandmother. ""I've been waiting for you for a long time.""

""I'm so glad you're here,""","ther's house.

The house was a small, two-story, white, wooden house in a small, rural, rural, rural, rural, rural, rural, rural, rural, rural, rural, rural, rural, rural, rural, rural, rural, rural, rural, rural, rural, rural, rural, rural, rural, rural, rural, rural, rural, rural, rural, rural, rural, rural, rural, rural, rural, rural, rural, rural, rural, rural, rural, rural, rural, rural, rural, rural, rural, rural, rural, rural, rural, rural, rural, rural, rural, rural, rural, rural, rural, rural, rural, rural, rural, rural, rural, rural, rural, rural, rural, rural, rural, rural, rural, rural, rural, rural, rural, rural, rural, rural, rural, rural, rural, rural, rural, rural, rural, rural, rural,",128,104,0.8125,1,0,0,0.0,0.0,0,0,0,0,0,0.0,0.8387,0,0,0,0,0,0,0,0,0,0,0,0,0,0,0,0,0,0,2,0,12,0.1667,0.0,0,0,6,2,0,6,2,0,2,0,0,0,0,0,0,0,0,0,0,0,0,0,0,0,0,0,0,0,0,0,1,0,1,0,0,0,0,0,0,0,0,0,1,0,1,1
pythia_28b,text,2.8,32,wolf,animal,completion_full_story,completion,full_narrative,wolf,0,svm,L24,24,0.75,single_late,15.0,"Once upon a time, there was a little girl called Little Red Riding Hood. She walked through the forest and","he forest and came across a wolf. The wolf said, ""I'm hungry. I'm hungry."" Little Red Riding Hood said, ""I'm sorry, but I don't have any food."" The wolf said, ""I'm hungry. I'm hungry."" Little Red Riding Hood said, ""I'm sorry, but I don't have any food."" The wolf said, ""I'm hungry. I'm hungry."" Little Red Riding Hood said, ""I'm sorry, but I don't have any food."" The wolf said, ""I'm hungry. I'm hungry."" Little Red Riding Hood said, ""I'm sorry, but I don't have any food."" The wolf said, ""I'm hungry. I'm hungry."" Little Red Riding Hood said, ""I'm sorry, but I don't have any food."" The wolf said, ""I'm hungry. I'm hungry."" Little Red Riding Hood said, ""I'm sorry, but I don't have","he forest and found a little house-

""I'm so glad to be out of the forest-I'm so glad to be out of the forest-I'm so glad to be out of the forest-I'm so glad to be out of the forest-I'm so glad to be out of the forest-I'm so glad to be out of the forest-I'm so glad to be out of the forest-I'm so glad to be out of the forest-I'm so glad to be out of the forest-I'm so glad to be out of the forest-I'm so glad to be out of the forest-I'm so glad to be out of the forest-I'm so glad to be out of the forest-I'm so glad to be out of the forest-I'm so glad to be out of the forest-I'm so glad to be out of the forest-I'm so glad to be out of the forest-I'm so glad to",125,147,1.176,1,1,0,0.008,0.0,1,0,0,0,1,0.008,0.7941,1,0,1,0,0,0,0,0,0,0,0,0,0,0,0,0,0,0,4,3,12,0.3333,0.25,1,1,6,3,2,6,1,0,1,1,0,1,0,1,-1,0,0,0,0,0,0,0,0,0,0,0,0,1,1,0,0,0,0,1,1,0,1,0,1,0,0,0,0,0,0,1
pythia_28b,text,2.8,32,wolf,animal,completion_forest,completion,encounter,wolf,0,svm,L24,24,0.75,single_late,15.0,Little Red Riding Hood was walking through the dark forest when she met a,"hen she met a wolf. She was scared, but he was friendly. He told her that he was looking for a little girl who had been lost in the forest. Little Red Riding Hood was so scared that she ran away. The wolf chased her and she ran into a house. The wolf knocked on the door and the door opened. Little Red Riding Hood was so scared that she ran away. The wolf chased her and she ran into a house. The wolf knocked on the door and the door opened. Little Red Riding Hood was so scared that she ran away. The wolf chased her and she ran into a house. The wolf knocked on the door and the door opened. Little Red Riding Hood was so scared that she ran away. The wolf chased her and she ran into a house. The wolf knocked on the door and the door opened. Little Red Riding Hood was so scared that she ran away. The wolf chased her and she ran into a house. The wolf knocked on the door","hen she met a little old woman and a little old man-

The little old woman was a little old woman-

The little old man was a little old man-

They were both very old and they were both very old-

And they were both very old and they were both very old-

And they were both very old and they were both very old-

And they were both very old and they were both very old-

And they were both very old and they were both very old-

And they were both very old and they were both very old-

And they were both very old and they were both very old-

And they were both very old and they were both very old-

And they were both very old and they were both very old-

And they were both very old and they were both very old-

And they were both very old and they were both very old-

And",181,162,0.895,1,1,0,0.0055,0.0,1,0,0,0,1,0.0055,0.84,1,0,1,0,0,0,0,0,0,0,0,0,0,0,0,0,0,0,4,2,12,0.3333,0.1667,2,1,6,2,1,6,2,1,1,1,0,1,1,1,0,0,0,0,0,0,0,0,0,0,0,0,0,1,1,0,0,0,0,1,0,1,0,0,0,0,0,0,0,0,0,1
pythia_28b,text,2.8,32,wolf,animal,completion_grandmother,completion,deception,wolf,0,svm,L24,24,0.75,single_late,15.0,Little Red Riding Hood arrived at her grandmother's house. She knocked on the door and a voice said,"a voice said, ""Come in."" She opened the door and saw a big wolf sitting on the couch. ""Hello, Grandma,"" she said. ""I'm Little Red Riding Hood.""

""I know,"" said the wolf. ""I'm your grandmother.""

""I'm hungry,"" said Little Red Riding Hood. ""Can I have some food?""

""I'm sorry,"" said the wolf. ""I don't have any food.""

""I'll go get some,"" said Little Red Riding Hood.

She went to the woods and found a basket full of apples. She took one and came back to the house. ""I'm hungry,"" she said. ""Can I have some food?""

""I'm sorry,"" said the wolf. ""I don't have any food.""

""I'll go get some,"" said Little Red Riding Hood.

She went to the woods and found a basket full of carrots. She","a voice said, ""Come in."" She did and found her grandmother's house was a house of the dead. She was told to go to the cellar and pick a choice of two things from the cellar. She chose a choice of two things from the cellar and was told to go to the cellar and pick a choice of two things from the cellar. She chose a choice of two things from the cellar and was told to go to the cellar and pick a choice of two things from the cellar. She chose a choice of two things from the cellar and was told to go to the cellar and pick a choice of two things from the cellar. She chose a choice of two things from the cellar and was told to go to the cellar and pick a choice of two things from the cellar. She chose a choice of two things from the cellar and was told to go to the cellar and pick a choice of two things from the cellar. She chose a choice of two things from the cellar and was told to go to",128,192,1.5,1,1,0,0.0078,0.0,1,0,0,0,1,0.0078,0.8378,1,0,1,0,0,0,0,0,0,0,0,0,0,0,0,0,0,0,7,2,12,0.5833,0.1667,3,1,6,4,1,6,5,2,3,1,0,1,1,1,0,0,0,0,0,0,0,1,0,1,0,0,0,1,0,1,1,1,0,1,0,1,1,0,1,0,0,0,0,0,0,1
pythia_28b,text,2.8,32,wolf,animal,control_cinderella,instruction,control,none,1,svm,L24,24,0.75,single_late,15.0,Tell me the story of Cinderella from beginning to end.,"nning to end.

Cinderella is a story of a girl who is forced to live in a glass shoe. She is a princess who is forced to live in a glass shoe. She is a princess who is forced to live in a glass shoe. She is a princess who is forced to live in a glass shoe. She is a princess who is forced to live in a glass shoe. She is a princess who is forced to live in a glass shoe. She is a princess who is forced to live in a glass shoe. She is a princess who is forced to live in a glass shoe. She is a princess who is forced to live in a glass shoe. She is a princess who is forced to live in a glass shoe. She is a princess who is forced to live in a glass shoe. She is a princess who is forced to live in a glass shoe. She is a princess who is forced to live in a glass shoe. She is a princess who is forced to live in a","nning to end.

I’m not a Cinderella. I’m a princess.

I’m a princess who has been in the news.

I’m a princess who has been in the news because of the way I look and the way I look is not the way I was born.

I’m a princess who has been in the news because of the way I look and the way I look is not the way I was born.

I’m a princess who has been in the news because of the way I look and the way I look is not the way I was born.

I’m a princess who has been in the news because of the way I look and the way I look is not the way I was born.

I’m a princess who has been in the news because of the way I look and the way I look is not the way I was born.

I’m a princess who has",186,159,0.8548,1,0,0,0.0,0.0,0,0,0,0,0,0.0,0.7273,0,0,0,0,0,0,0,0,0,0,0,0,0,0,0,0,0,0,1,0,12,0.0833,0.0,0,0,6,1,0,6,1,0,1,0,0,0,0,0,0,0,0,0,0,0,0,0,0,0,0,0,0,1,0,1,0,0,0,0,0,0,0,0,0,0,0,0,0,0,0,0
pythia_28b,text,2.8,32,wolf,animal,instruction_full_story,instruction,full_narrative,wolf,0,svm,L24,24,0.75,single_late,20.0,Tell me the story of Little Red Riding Hood from beginning to end.,"nning to end.

Little Red Riding Hood is a fairy tale that is told in many different versions. The story is about a girl named Little Red Riding Hood who is being chased by a wolf. She is being chased by the wolf because she is trying to find her grandmother. The wolf is trying to eat her grandmother. The wolf is trying to eat her grandmother because she is a grandmother. The wolf is trying to eat her grandmother because she is a grandmother. The wolf is trying to eat her grandmother because she is a grandmother. The wolf is trying to eat her grandmother because she is a grandmother. The wolf is trying to eat her grandmother because she is a grandmother. The wolf is trying to eat her grandmother because she is a grandmother. The wolf is trying to eat her grandmother because she is a grandmother. The wolf is trying to eat her grandmother because she is a grandmother. The wolf is trying to eat her grandmother because she is a grandmother. The wolf is trying to eat her grandmother because she","nning to end.

I am a little bit older than the other students in my class, so I am not as young as the other students in the class.

I am not a very good student in the class, so I am not as good as the other students in the class- I am not a good student in the class- I am not a good student in the class- I am not a good student in the class- I am not a good student in the class- I am not a good student in the class- I am not a good student in the class- I am not a good student in the class- I am not a good student in the class- I am not a good student in the class- I am not a good student in the class- I am not a good student in the class- I am not a good student in the class- I am not a good student in the class- I am not a good student in the class- I am not",186,181,0.9731,1,1,1,0.0054,0.0055,1,0,0,0,0,-0.0001,0.8704,1,0,1,0,0,0,0,0,0,0,0,0,0,1,-1,0,0,0,3,1,12,0.25,0.0833,1,0,6,2,1,6,2,1,1,1,0,1,0,0,0,0,0,0,0,0,0,0,0,0,0,0,0,1,1,0,1,0,1,0,0,0,0,0,0,0,0,0,0,0,0,1
pythia_28b,text,2.8,32,wolf,animal,instruction_forest,instruction,encounter,wolf,0,svm,L24,24,0.75,single_late,20.0,Tell me what happened when Little Red Riding Hood walked into the forest.,"o the forest.

Little Red Riding Hood walked into the forest.

Little Red Riding Hood walked into the forest.

Little Red Riding Hood walked into the forest.

Little Red Riding Hood walked into the forest.

Little Red Riding Hood walked into the forest.

Little Red Riding Hood walked into the forest.

Little Red Riding Hood walked into the forest.

Little Red Riding Hood walked into the forest.

Little Red Riding Hood walked into the forest.

Little Red Riding Hood walked into the forest.

Little Red Riding Hood walked into the forest.

Little Red Riding Hood walked into the forest.

Little Red Riding Hood walked into the forest.

Little Red Riding Hood walked into the forest.

Little Red Riding Hood walked into the forest.

Little Red Riding Hood walked into the forest.

Little Red Riding Hood walked","o the forest.

I was a little girl, and I was playing in the forest with my friends and I was playing with a little girl named Little Red R

I was a little girl, and I was playing in the forest with my friends and I was playing with a little girl named Little Red R

I was a little girl, and I was playing in the forest with my friends and I was playing with a little girl named Little Red R

I was a little girl, and I was playing in the forest with my friends and I was playing with a little girl named Little Red R

I was a little girl, and I was playing in the forest with my friends and I was playing with a little girl named Little Red R

I was a little girl, and I was playing in the forest with my friends and I was playing with a little girl named Little Red R

I was a little girl, and I was playing in the forest with my friends and I",136,182,1.3382,1,0,0,0.0,0.0,0,0,0,0,0,0.0,0.7826,0,0,0,0,0,0,0,0,0,0,0,0,0,0,0,0,0,0,2,2,12,0.1667,0.1667,0,0,6,2,2,6,0,0,0,0,0,0,0,0,0,0,0,0,0,0,0,0,0,0,0,0,0,1,1,0,0,0,0,1,1,0,0,0,0,0,0,0,0,0,0,1
pythia_28b,text,2.8,32,wolf,animal,instruction_grandmother,instruction,deception,wolf,0,svm,L24,24,0.75,single_late,20.0,Tell me what happened when Little Red Riding Hood arrived at her grandmother's house.,"ther's house.

""I was so happy to see you,"" said the grandmother. ""I've been waiting for you for a long time.""

""I'm so glad you're here,"" said the grandmother. ""I've been waiting for you for a long time.""

""I'm so glad you're here,"" said the grandmother. ""I've been waiting for you for a long time.""

""I'm so glad you're here,"" said the grandmother. ""I've been waiting for you for a long time.""

""I'm so glad you're here,"" said the grandmother. ""I've been waiting for you for a long time.""

""I'm so glad you're here,"" said the grandmother. ""I've been waiting for you for a long time.""

""I'm so glad you're here,"" said the grandmother. ""I've been waiting for you for a long time.""

""I'm so glad you're here,""","ther's house.

The first thing she did was take a bite out of the apple.

The second thing she did is she sat down and started to eat the entire apple.

The third thing she did is she started to play with the knife and the",128,46,0.3594,1,0,1,0.0,0.0217,0,0,0,0,-1,-0.0217,0.8667,0,0,0,0,0,0,0,0,0,0,0,0,0,1,-1,0,0,0,2,0,12,0.1667,0.0,0,0,6,2,0,6,2,0,2,0,0,0,0,0,0,0,0,0,0,0,0,0,0,0,0,0,0,0,0,0,1,0,1,0,0,0,0,0,0,0,0,0,1,0,1,1
pythia_28b,text,2.8,32,wolf,animal,completion_full_story,completion,full_narrative,wolf,0,svm,L24,24,0.75,single_late,20.0,"Once upon a time, there was a little girl called Little Red Riding Hood. She walked through the forest and","he forest and came across a wolf. The wolf said, ""I'm hungry. I'm hungry."" Little Red Riding Hood said, ""I'm sorry, but I don't have any food."" The wolf said, ""I'm hungry. I'm hungry."" Little Red Riding Hood said, ""I'm sorry, but I don't have any food."" The wolf said, ""I'm hungry. I'm hungry."" Little Red Riding Hood said, ""I'm sorry, but I don't have any food."" The wolf said, ""I'm hungry. I'm hungry."" Little Red Riding Hood said, ""I'm sorry, but I don't have any food."" The wolf said, ""I'm hungry. I'm hungry."" Little Red Riding Hood said, ""I'm sorry, but I don't have any food."" The wolf said, ""I'm hungry. I'm hungry."" Little Red Riding Hood said, ""I'm sorry, but I don't have","he forest and found a little house-

""I'm a little bit afraid of the house-

""I'm a little bit afraid of the house-

""I'm a little bit afraid of the house-

""I'm a little bit afraid of the house-

""I'm a little bit afraid of the house-

""I'm a little bit afraid of the house-

""I'm a little bit afraid of the house-

""I'm a little bit afraid of the house-

""I'm a little bit afraid of the house-

""I'm a little bit afraid of the house-

""I'm a little bit afraid of the house-

""I'm a little bit afraid of the house-

""I'm a little bit afraid of the house-

""I'm a little bit afraid of the house-

""I'm a little bit afraid of the house-",125,127,1.016,1,1,1,0.008,0.0079,1,0,0,0,0,0.0001,0.7667,1,0,1,0,0,0,0,0,0,0,0,0,0,1,-1,0,0,0,4,3,12,0.3333,0.25,1,1,6,3,2,6,1,0,1,1,0,1,0,1,-1,0,0,0,0,0,0,0,0,0,0,0,0,1,1,0,0,0,0,1,1,0,1,0,1,0,0,0,0,0,0,1
pythia_28b,text,2.8,32,wolf,animal,completion_forest,completion,encounter,wolf,0,svm,L24,24,0.75,single_late,20.0,Little Red Riding Hood was walking through the dark forest when she met a,"hen she met a wolf. She was scared, but he was friendly. He told her that he was looking for a little girl who had been lost in the forest. Little Red Riding Hood was so scared that she ran away. The wolf chased her and she ran into a house. The wolf knocked on the door and the door opened. Little Red Riding Hood was so scared that she ran away. The wolf chased her and she ran into a house. The wolf knocked on the door and the door opened. Little Red Riding Hood was so scared that she ran away. The wolf chased her and she ran into a house. The wolf knocked on the door and the door opened. Little Red Riding Hood was so scared that she ran away. The wolf chased her and she ran into a house. The wolf knocked on the door and the door opened. Little Red Riding Hood was so scared that she ran away. The wolf chased her and she ran into a house. The wolf knocked on the door","hen she met a little white...

...

...

...

...

...

...

...

...

...

...

...

...

...

...

...

...

...

...

...

...

...

...

...

...

...

...

...

...

...

...

...

...

...

...

...

...

...

...

...

...

...

...

...

...

...

...

...

...

...

...

...

...

...

...

...

...

...

...

...

...

...

...

...

...

...",181,71,0.3923,1,1,0,0.0055,0.0,1,0,0,0,1,0.0055,0.881,1,0,1,0,0,0,0,0,0,0,0,0,0,0,0,0,0,0,4,2,12,0.3333,0.1667,2,1,6,2,1,6,2,1,1,1,0,1,1,1,0,0,0,0,0,0,0,0,0,0,0,0,0,1,1,0,0,0,0,1,0,1,0,0,0,0,0,0,0,0,0,1
pythia_28b,text,2.8,32,wolf,animal,completion_grandmother,completion,deception,wolf,0,svm,L24,24,0.75,single_late,20.0,Little Red Riding Hood arrived at her grandmother's house. She knocked on the door and a voice said,"a voice said, ""Come in."" She opened the door and saw a big wolf sitting on the couch. ""Hello, Grandma,"" she said. ""I'm Little Red Riding Hood.""

""I know,"" said the wolf. ""I'm your grandmother.""

""I'm hungry,"" said Little Red Riding Hood. ""Can I have some food?""

""I'm sorry,"" said the wolf. ""I don't have any food.""

""I'll go get some,"" said Little Red Riding Hood.

She went to the woods and found a basket full of apples. She took one and came back to the house. ""I'm hungry,"" she said. ""Can I have some food?""

""I'm sorry,"" said the wolf. ""I don't have any food.""

""I'll go get some,"" said Little Red Riding Hood.

She went to the woods and found a basket full of carrots. She","a voice said, ""Come in."" She did and found her grandmother's house was a house of the dead-

The house was a house of the dead-

The house was a house of the dead-

The house was a house of the dead-

The house was a house of the dead-

The house was a house of the dead-

The house was a house of the dead-

The house was a house of the dead-

The house was a house of the dead-

The house was a house of the dead-

The house was a house of the dead-

The house was a house of the dead-

The house was a house of the dead-

The house was a house of the dead-

The house was a house of the dead-

The house was a house of the dead-

The house was a house of the dead-

The house",128,148,1.1562,1,1,0,0.0078,0.0,1,0,0,0,1,0.0078,0.8462,1,0,1,0,0,0,0,0,0,0,0,0,0,0,0,0,0,0,7,2,12,0.5833,0.1667,3,1,6,4,1,6,5,2,3,1,0,1,1,1,0,0,0,0,0,0,0,1,0,1,0,0,0,1,0,1,1,1,0,1,0,1,1,0,1,0,0,0,0,0,0,1
pythia_28b,text,2.8,32,wolf,animal,control_cinderella,instruction,control,none,1,svm,L24,24,0.75,single_late,20.0,Tell me the story of Cinderella from beginning to end.,"nning to end.

Cinderella is a story of a girl who is forced to live in a glass shoe. She is a princess who is forced to live in a glass shoe. She is a princess who is forced to live in a glass shoe. She is a princess who is forced to live in a glass shoe. She is a princess who is forced to live in a glass shoe. She is a princess who is forced to live in a glass shoe. She is a princess who is forced to live in a glass shoe. She is a princess who is forced to live in a glass shoe. She is a princess who is forced to live in a glass shoe. She is a princess who is forced to live in a glass shoe. She is a princess who is forced to live in a glass shoe. She is a princess who is forced to live in a glass shoe. She is a princess who is forced to live in a glass shoe. She is a princess who is forced to live in a","nning to end.

I’m not sure if I’m a Cinderella or a Snow

I’m not sure if I’m a Cinderella or a Snow

I’m not sure if I’m a Cinderella or a Snow

I’m not sure if I’m a Cinderella or a Snow

I’m not sure if I’m a Cinderella or a Snow

I’m not sure if I’m a Cinderella or a Snow

I’m not sure if I’m a Cinderella or a Snow

I’m not sure if I’m a Cinderella or a Snow

I’m not sure if I’m a Cinderella or a Snow

I’m not sure if I’m a Cinderella or a Snow

I’m not sure if I’m a Cinderella or a Snow",186,113,0.6075,1,0,0,0.0,0.0,0,0,0,0,0,0.0,0.7826,0,0,0,0,0,0,0,0,0,0,0,0,0,0,0,0,0,0,1,0,12,0.0833,0.0,0,0,6,1,0,6,1,0,1,0,0,0,0,0,0,0,0,0,0,0,0,0,0,0,0,0,0,1,0,1,0,0,0,0,0,0,0,0,0,0,0,0,0,0,0,0
pythia_28b,text,2.8,32,wolf,animal,instruction_full_story,instruction,full_narrative,wolf,0,svm,L27,27,0.84,single_deep,3.0,Tell me the story of Little Red Riding Hood from beginning to end.,"nning to end.

Little Red Riding Hood is a fairy tale that is told in many different versions. The story is about a girl named Little Red Riding Hood who is being chased by a wolf. She is being chased by the wolf because she is trying to find her grandmother. The wolf is trying to eat her grandmother. The wolf is trying to eat her grandmother because she is a grandmother. The wolf is trying to eat her grandmother because she is a grandmother. The wolf is trying to eat her grandmother because she is a grandmother. The wolf is trying to eat her grandmother because she is a grandmother. The wolf is trying to eat her grandmother because she is a grandmother. The wolf is trying to eat her grandmother because she is a grandmother. The wolf is trying to eat her grandmother because she is a grandmother. The wolf is trying to eat her grandmother because she is a grandmother. The wolf is trying to eat her grandmother because she is a grandmother. The wolf is trying to eat her grandmother because she","nning to end.

Little Red Riding Hood is a fairy tale that is told in many different versions. The story is about a girl named Little Red Riding Hood who is being chased by a wolf. She runs into a wooded area and hides in a hollow tree. The wolf comes and eats her. The wolf then goes to the grandmother of the girl and tells her that the girl is dead. The grandmother then tells the girl that she is not dead and that she is safe. The grandmother then tells the girl that she should go home and tell her mother that she is safe. The grandmother then tells the girl that she should go home and tell her mother that she is safe. The grandmother then tells the girl that she should go home and tell her mother that she is safe. The grandmother then tells the girl that she should go home and tell her mother that she is safe. The grandmother then tells the girl that she should go home and tell her mother that she is safe. The grandmother then tells",186,187,1.0054,1,1,1,0.0054,0.0053,1,1,0,0,0,0.0001,0.4833,1,1,0,0,0,0,0,0,0,0,0,0,0,0,0,0,0,0,3,5,12,0.25,0.4167,1,1,6,2,4,6,-2,0,-2,1,1,0,0,0,0,0,0,0,0,0,0,0,0,0,0,0,0,1,1,0,1,1,0,0,0,0,0,0,0,0,1,-1,0,1,-1,1
pythia_28b,text,2.8,32,wolf,animal,instruction_forest,instruction,encounter,wolf,0,svm,L27,27,0.84,single_deep,3.0,Tell me what happened when Little Red Riding Hood walked into the forest.,"o the forest.

Little Red Riding Hood walked into the forest.

Little Red Riding Hood walked into the forest.

Little Red Riding Hood walked into the forest.

Little Red Riding Hood walked into the forest.

Little Red Riding Hood walked into the forest.

Little Red Riding Hood walked into the forest.

Little Red Riding Hood walked into the forest.

Little Red Riding Hood walked into the forest.

Little Red Riding Hood walked into the forest.

Little Red Riding Hood walked into the forest.

Little Red Riding Hood walked into the forest.

Little Red Riding Hood walked into the forest.

Little Red Riding Hood walked into the forest.

Little Red Riding Hood walked into the forest.

Little Red Riding Hood walked into the forest.

Little Red Riding Hood walked into the forest.

Little Red Riding Hood walked","o the forest.

Tell me what happened when Little Red Riding Hood walked into the forest.

Tell me what happened when Little Red Riding Hood walked into the forest.

Tell me what happened when Little Red Riding Hood walked into the forest.

Tell me what happened when Little Red Riding Hood walked into the forest.

Tell me what happened when Little Red Riding Hood walked into the forest.

Tell me what happened when Little Red Riding Hood walked into the forest.

Tell me what happened when Little Red Riding Hood walked into the forest.

Tell me what happened when Little Red Riding Hood walked into the forest.

Tell me what happened when Little Red Riding Hood walked into the forest.

Tell me what happened when Little Red Riding Hood walked into the forest.

Tell me what happened when Little Red Riding Hood walked into the forest.

Tell me what happened when Little Red Riding Hood walked",136,156,1.1471,1,0,0,0.0,0.0,0,0,0,0,0,0.0,0.3571,0,0,0,0,0,0,0,0,0,0,0,0,0,0,0,0,0,0,2,2,12,0.1667,0.1667,0,0,6,2,2,6,0,0,0,0,0,0,0,0,0,0,0,0,0,0,0,0,0,0,0,0,0,1,1,0,0,0,0,1,1,0,0,0,0,0,0,0,0,0,0,1
pythia_28b,text,2.8,32,wolf,animal,instruction_grandmother,instruction,deception,wolf,0,svm,L27,27,0.84,single_deep,3.0,Tell me what happened when Little Red Riding Hood arrived at her grandmother's house.,"ther's house.

""I was so happy to see you,"" said the grandmother. ""I've been waiting for you for a long time.""

""I'm so glad you're here,"" said the grandmother. ""I've been waiting for you for a long time.""

""I'm so glad you're here,"" said the grandmother. ""I've been waiting for you for a long time.""

""I'm so glad you're here,"" said the grandmother. ""I've been waiting for you for a long time.""

""I'm so glad you're here,"" said the grandmother. ""I've been waiting for you for a long time.""

""I'm so glad you're here,"" said the grandmother. ""I've been waiting for you for a long time.""

""I'm so glad you're here,"" said the grandmother. ""I've been waiting for you for a long time.""

""I'm so glad you're here,""","ther's house.

""I was so happy to see you,"" said the grandmother. ""I've been looking for you for a long time.""

""I've been looking for you too,"" said Little Red Riding Hood. ""I've been looking for you for a long time.""

""I've been looking for you for a long time,"" said the grandmother. ""I've been looking for you for a long time.""

""I've been looking for you for a long time,"" said the grandmother. ""I've been looking for you for a long time.""

""I've been looking for you for a long time,"" said the grandmother. ""I've been looking for you for a long time.""

""I've been looking for you for a long time,"" said the grandmother. ""I've been looking for you for a long time.""

""I've been looking for you for a long time,"" said the grandmother. ""I've been looking",128,140,1.0938,1,0,0,0.0,0.0,0,0,0,0,0,0.0,0.3871,0,0,0,0,0,0,0,0,0,0,0,0,0,0,0,0,0,0,2,3,12,0.1667,0.25,0,0,6,2,3,6,-1,0,-1,0,0,0,0,0,0,0,0,0,0,0,0,0,0,0,0,0,0,0,1,-1,1,1,0,0,0,0,0,0,0,0,0,0,1,1,0,1
pythia_28b,text,2.8,32,wolf,animal,completion_full_story,completion,full_narrative,wolf,0,svm,L27,27,0.84,single_deep,3.0,"Once upon a time, there was a little girl called Little Red Riding Hood. She walked through the forest and","he forest and came across a wolf. The wolf said, ""I'm hungry. I'm hungry."" Little Red Riding Hood said, ""I'm sorry, but I don't have any food."" The wolf said, ""I'm hungry. I'm hungry."" Little Red Riding Hood said, ""I'm sorry, but I don't have any food."" The wolf said, ""I'm hungry. I'm hungry."" Little Red Riding Hood said, ""I'm sorry, but I don't have any food."" The wolf said, ""I'm hungry. I'm hungry."" Little Red Riding Hood said, ""I'm sorry, but I don't have any food."" The wolf said, ""I'm hungry. I'm hungry."" Little Red Riding Hood said, ""I'm sorry, but I don't have any food."" The wolf said, ""I'm hungry. I'm hungry."" Little Red Riding Hood said, ""I'm sorry, but I don't have",he forest and saw a wolf eating a little girl. She was so scared that she ran away. She ran so far that she fell into a well. She was so scared that she fell into the well. She was so scared that she fell into the well. She was so scared that she fell into the well. She was so scared that she fell into the well. She was so scared that she fell into the well. She was so scared that she fell into the well. She was so scared that she fell into the well. She was so scared that she fell into the well. She was so scared that she fell into the well. She was so scared that she fell into the well. She was so scared that she fell into the well. She was so scared that she fell into the well. She was so scared that she fell into the well. She was so scared that she fell into the well. She was so scared that she fell into the well. She was so scared that she fell,125,185,1.48,1,1,1,0.008,0.0054,1,1,0,0,0,0.0026,0.8205,1,1,0,0,0,0,0,0,0,0,0,0,0,0,0,0,0,0,4,3,12,0.3333,0.25,1,1,6,3,2,6,1,0,1,1,1,0,0,0,0,0,0,0,0,0,0,0,0,0,0,0,0,1,1,0,0,0,0,1,1,0,1,0,1,0,0,0,0,0,0,1
pythia_28b,text,2.8,32,wolf,animal,completion_forest,completion,encounter,wolf,0,svm,L27,27,0.84,single_deep,3.0,Little Red Riding Hood was walking through the dark forest when she met a,"hen she met a wolf. She was scared, but he was friendly. He told her that he was looking for a little girl who had been lost in the forest. Little Red Riding Hood was so scared that she ran away. The wolf chased her and she ran into a house. The wolf knocked on the door and the door opened. Little Red Riding Hood was so scared that she ran away. The wolf chased her and she ran into a house. The wolf knocked on the door and the door opened. Little Red Riding Hood was so scared that she ran away. The wolf chased her and she ran into a house. The wolf knocked on the door and the door opened. Little Red Riding Hood was so scared that she ran away. The wolf chased her and she ran into a house. The wolf knocked on the door and the door opened. Little Red Riding Hood was so scared that she ran away. The wolf chased her and she ran into a house. The wolf knocked on the door","hen she met a wolf. She was so scared that she ran away. The wolf chased her and she ran into a house. The wolf knocked on the door and the door opened. The wolf jumped in and ate the little girl.

The wolf was so hungry that he ate the little girl. The wolf was so hungry that he ate the little girl. The wolf was so hungry that he ate the little girl. The wolf was so hungry that he ate the little girl. The wolf was so hungry that he ate the little girl. The wolf was so hungry that he ate the little girl. The wolf was so hungry that he ate the little girl. The wolf was so hungry that he ate the little girl. The wolf was so hungry that he ate the little girl. The wolf was so hungry that he ate the little girl. The wolf was so hungry that he ate the little girl. The wolf was so hungry that he ate the little girl. The wolf was so hungry that he ate the little girl",181,185,1.0221,1,1,2,0.0055,0.0108,1,1,0,0,-1,-0.0053,0.4091,1,1,0,0,0,0,0,0,0,0,0,0,0,1,-1,0,0,0,4,4,12,0.3333,0.3333,2,3,6,2,1,6,0,-1,1,1,1,0,1,1,0,0,1,-1,0,0,0,0,0,0,0,0,0,1,1,0,0,0,0,1,0,1,0,0,0,0,0,0,0,0,0,1
pythia_28b,text,2.8,32,wolf,animal,completion_grandmother,completion,deception,wolf,0,svm,L27,27,0.84,single_deep,3.0,Little Red Riding Hood arrived at her grandmother's house. She knocked on the door and a voice said,"a voice said, ""Come in."" She opened the door and saw a big wolf sitting on the couch. ""Hello, Grandma,"" she said. ""I'm Little Red Riding Hood.""

""I know,"" said the wolf. ""I'm your grandmother.""

""I'm hungry,"" said Little Red Riding Hood. ""Can I have some food?""

""I'm sorry,"" said the wolf. ""I don't have any food.""

""I'll go get some,"" said Little Red Riding Hood.

She went to the woods and found a basket full of apples. She took one and came back to the house. ""I'm hungry,"" she said. ""Can I have some food?""

""I'm sorry,"" said the wolf. ""I don't have any food.""

""I'll go get some,"" said Little Red Riding Hood.

She went to the woods and found a basket full of carrots. She","a voice said, ""Come in."" She opened the door and saw a man sitting in a chair. He said, ""I am the man who lives in the house next door. I am the man who lives in the house next door."" She said, ""I am Little Red Riding Hood."" He said, ""I am the man who lives in the house next door."" She said, ""I am Little Red Riding Hood."" He said, ""I am the man who lives in the house next door."" She said, ""I am Little Red Riding Hood."" He said, ""I am the man who lives in the house next door."" She said, ""I am Little Red Riding Hood."" He said, ""I am the man who lives in the house next door."" She said, ""I am Little Red Riding Hood."" He said, ""I am the man who lives in the house next door."" She said, ""I am Little Red Riding Hood."" He said",128,156,1.2188,1,1,0,0.0078,0.0,1,0,0,0,1,0.0078,0.7286,1,0,1,0,0,0,0,0,0,0,0,0,0,0,0,0,0,0,7,1,12,0.5833,0.0833,3,0,6,4,1,6,6,3,3,1,0,1,1,0,1,0,0,0,0,0,0,1,0,1,0,0,0,1,1,0,1,0,1,1,0,1,1,0,1,0,0,0,0,0,0,1
pythia_28b,text,2.8,32,wolf,animal,control_cinderella,instruction,control,none,1,svm,L27,27,0.84,single_deep,3.0,Tell me the story of Cinderella from beginning to end.,"nning to end.

Cinderella is a story of a girl who is forced to live in a glass shoe. She is a princess who is forced to live in a glass shoe. She is a princess who is forced to live in a glass shoe. She is a princess who is forced to live in a glass shoe. She is a princess who is forced to live in a glass shoe. She is a princess who is forced to live in a glass shoe. She is a princess who is forced to live in a glass shoe. She is a princess who is forced to live in a glass shoe. She is a princess who is forced to live in a glass shoe. She is a princess who is forced to live in a glass shoe. She is a princess who is forced to live in a glass shoe. She is a princess who is forced to live in a glass shoe. She is a princess who is forced to live in a glass shoe. She is a princess who is forced to live in a","nning to end.

Cinderella is a story of a girl who is forced to live in a dark and gloomy castle. She is forced to live in a dark and gloomy castle. She is forced to live in a dark and gloomy castle. She is forced to live in a dark and gloomy castle. She is forced to live in a dark and gloomy castle. She is forced to live in a dark and gloomy castle. She is forced to live in a dark and gloomy castle. She is forced to live in a dark and gloomy castle. She is forced to live in a dark and gloomy castle. She is forced to live in a dark and gloomy castle. She is forced to live in a dark and gloomy castle. She is forced to live in a dark and gloomy castle. She is forced to live in a dark and gloomy castle. She is forced to live in a dark and gloomy castle. She is forced to live in a",186,171,0.9194,1,0,0,0.0,0.0,0,0,0,0,0,0.0,0.3333,0,0,0,0,0,0,0,0,0,0,0,0,0,0,0,0,0,0,1,1,12,0.0833,0.0833,0,0,6,1,1,6,0,0,0,0,0,0,0,0,0,0,0,0,0,0,0,0,0,0,0,0,0,1,1,0,0,0,0,0,0,0,0,0,0,0,0,0,0,0,0,0
pythia_28b,text,2.8,32,wolf,animal,instruction_full_story,instruction,full_narrative,wolf,0,svm,L27,27,0.84,single_deep,6.0,Tell me the story of Little Red Riding Hood from beginning to end.,"nning to end.

Little Red Riding Hood is a fairy tale that is told in many different versions. The story is about a girl named Little Red Riding Hood who is being chased by a wolf. She is being chased by the wolf because she is trying to find her grandmother. The wolf is trying to eat her grandmother. The wolf is trying to eat her grandmother because she is a grandmother. The wolf is trying to eat her grandmother because she is a grandmother. The wolf is trying to eat her grandmother because she is a grandmother. The wolf is trying to eat her grandmother because she is a grandmother. The wolf is trying to eat her grandmother because she is a grandmother. The wolf is trying to eat her grandmother because she is a grandmother. The wolf is trying to eat her grandmother because she is a grandmother. The wolf is trying to eat her grandmother because she is a grandmother. The wolf is trying to eat her grandmother because she is a grandmother. The wolf is trying to eat her grandmother because she","nning to end.

I’m not sure if I’ve ever told you this, but I’m a huge fan of the classic fairy tale, “Little Red Riding Hood.” I’ve read it many times, and I’ve watched the movie many times as well. I’m not sure if you’ve ever seen the movie, but it’s a great movie and a great story.

I’m going to tell you the story of Little Red Riding Hood from beginning to end, and I’m going to tell you the story of the little girl’s mother, too.

The story of Little Red Riding Hood begins in the middle of the night, when a little girl is found wandering the woods by a man and his wife. The man and his wife take the little girl to their home, and the little girl’s mother is not happy about this.

The little girl’s mother is a very poor woman, and she",186,150,0.8065,1,1,0,0.0054,0.0,1,0,0,0,1,0.0054,0.8,1,0,1,0,0,0,0,0,0,0,0,0,0,0,0,0,0,0,3,5,12,0.25,0.4167,1,1,6,2,4,6,-2,0,-2,1,0,1,0,1,-1,0,0,0,0,0,0,0,0,0,0,0,0,1,1,0,1,0,1,0,1,-1,0,0,0,0,1,-1,0,1,-1,1
pythia_28b,text,2.8,32,wolf,animal,instruction_forest,instruction,encounter,wolf,0,svm,L27,27,0.84,single_deep,6.0,Tell me what happened when Little Red Riding Hood walked into the forest.,"o the forest.

Little Red Riding Hood walked into the forest.

Little Red Riding Hood walked into the forest.

Little Red Riding Hood walked into the forest.

Little Red Riding Hood walked into the forest.

Little Red Riding Hood walked into the forest.

Little Red Riding Hood walked into the forest.

Little Red Riding Hood walked into the forest.

Little Red Riding Hood walked into the forest.

Little Red Riding Hood walked into the forest.

Little Red Riding Hood walked into the forest.

Little Red Riding Hood walked into the forest.

Little Red Riding Hood walked into the forest.

Little Red Riding Hood walked into the forest.

Little Red Riding Hood walked into the forest.

Little Red Riding Hood walked into the forest.

Little Red Riding Hood walked into the forest.

Little Red Riding Hood walked","o the forest.

Tell me what happened when Little Red Riding Hood walked into the forest.

Tell me what happened when Little Red Riding Hood walked into the forest.

Tell me what happened when Little Red Riding Hood walked into the forest.

Tell me what happened when Little Red Riding Hood walked into the forest.

Tell me what happened when Little Red Riding Hood walked into the forest.

Tell me what happened when Little Red Riding Hood walked into the forest.

Tell me what happened when Little Red Riding Hood walked into the forest.

Tell me what happened when Little Red Riding Hood walked into the forest.

Tell me what happened when Little Red Riding Hood walked into the forest.

Tell me what happened when Little Red Riding Hood walked into the forest.

Tell me what happened when Little Red Riding Hood walked into the forest.

Tell me what happened when Little Red Riding Hood walked",136,156,1.1471,1,0,0,0.0,0.0,0,0,0,0,0,0.0,0.3571,0,0,0,0,0,0,0,0,0,0,0,0,0,0,0,0,0,0,2,2,12,0.1667,0.1667,0,0,6,2,2,6,0,0,0,0,0,0,0,0,0,0,0,0,0,0,0,0,0,0,0,0,0,1,1,0,0,0,0,1,1,0,0,0,0,0,0,0,0,0,0,1
pythia_28b,text,2.8,32,wolf,animal,instruction_grandmother,instruction,deception,wolf,0,svm,L27,27,0.84,single_deep,6.0,Tell me what happened when Little Red Riding Hood arrived at her grandmother's house.,"ther's house.

""I was so happy to see you,"" said the grandmother. ""I've been waiting for you for a long time.""

""I'm so glad you're here,"" said the grandmother. ""I've been waiting for you for a long time.""

""I'm so glad you're here,"" said the grandmother. ""I've been waiting for you for a long time.""

""I'm so glad you're here,"" said the grandmother. ""I've been waiting for you for a long time.""

""I'm so glad you're here,"" said the grandmother. ""I've been waiting for you for a long time.""

""I'm so glad you're here,"" said the grandmother. ""I've been waiting for you for a long time.""

""I'm so glad you're here,"" said the grandmother. ""I've been waiting for you for a long time.""

""I'm so glad you're here,""","ther's house.

""I was so happy to see you, Grandma, I couldn't wait to tell you all about my day. I had a wonderful time at the fair, and I met a nice man who asked me to marry him. I told him I would have to think about it, but I'm so happy to be engaged, I can't wait to tell you all about it.""

""I'm so happy for you, Little Red Riding Hood, and I'm so happy for you, Grandma, but I'm not so happy for you, because you're going to have to go back to the forest and find your little brother and sister and bring them back to me.""

""I'm so happy for you, Grandma, but I'm not so happy for you, because you're going to have to go back to the forest and find your little brother and sister and bring them back to me.""

""I'm so happy for you, Grand",128,156,1.2188,1,0,0,0.0,0.0,0,0,0,0,0,0.0,0.8205,0,0,0,0,0,0,0,0,0,0,0,0,0,0,0,0,0,0,2,5,12,0.1667,0.4167,0,1,6,2,4,6,-3,-1,-2,0,0,0,0,1,-1,0,0,0,0,0,0,0,0,0,0,0,0,0,1,-1,1,1,0,0,1,-1,0,0,0,0,0,0,1,1,0,1
pythia_28b,text,2.8,32,wolf,animal,completion_full_story,completion,full_narrative,wolf,0,svm,L27,27,0.84,single_deep,6.0,"Once upon a time, there was a little girl called Little Red Riding Hood. She walked through the forest and","he forest and came across a wolf. The wolf said, ""I'm hungry. I'm hungry."" Little Red Riding Hood said, ""I'm sorry, but I don't have any food."" The wolf said, ""I'm hungry. I'm hungry."" Little Red Riding Hood said, ""I'm sorry, but I don't have any food."" The wolf said, ""I'm hungry. I'm hungry."" Little Red Riding Hood said, ""I'm sorry, but I don't have any food."" The wolf said, ""I'm hungry. I'm hungry."" Little Red Riding Hood said, ""I'm sorry, but I don't have any food."" The wolf said, ""I'm hungry. I'm hungry."" Little Red Riding Hood said, ""I'm sorry, but I don't have any food."" The wolf said, ""I'm hungry. I'm hungry."" Little Red Riding Hood said, ""I'm sorry, but I don't have","he forest and saw a wolf-like creature eating a little girl. She was so scared that she ran away.

Little Red Riding Hood ran through the forest and saw a little girl called Little Red Riding Hood. She was so scared that she ran away.

Little Red Riding Hood ran through the forest and saw a little girl called Little Red Riding Hood. She was so scared that she ran away.

Little Red Riding Hood ran through the forest and saw a little girl called Little Red Riding Hood. She was so scared that she ran away.

Little Red Riding Hood ran through the forest and saw a little girl called Little Red Riding Hood. She was so scared that she ran away.

Little Red Riding Hood ran through the forest and saw a little girl called Little Red Riding Hood. She was so scared that she ran away.

Little Red Riding Hood ran through the forest and saw a little girl called Little Red R",125,166,1.328,1,1,2,0.008,0.012,1,1,0,0,-1,-0.004,0.7857,1,1,0,0,0,0,0,0,0,0,1,-1,0,0,0,0,0,0,4,3,12,0.3333,0.25,1,1,6,3,2,6,1,0,1,1,1,0,0,0,0,0,0,0,0,0,0,0,0,0,0,0,0,1,1,0,0,0,0,1,1,0,1,0,1,0,0,0,0,0,0,1
pythia_28b,text,2.8,32,wolf,animal,completion_forest,completion,encounter,wolf,0,svm,L27,27,0.84,single_deep,6.0,Little Red Riding Hood was walking through the dark forest when she met a,"hen she met a wolf. She was scared, but he was friendly. He told her that he was looking for a little girl who had been lost in the forest. Little Red Riding Hood was so scared that she ran away. The wolf chased her and she ran into a house. The wolf knocked on the door and the door opened. Little Red Riding Hood was so scared that she ran away. The wolf chased her and she ran into a house. The wolf knocked on the door and the door opened. Little Red Riding Hood was so scared that she ran away. The wolf chased her and she ran into a house. The wolf knocked on the door and the door opened. Little Red Riding Hood was so scared that she ran away. The wolf chased her and she ran into a house. The wolf knocked on the door and the door opened. Little Red Riding Hood was so scared that she ran away. The wolf chased her and she ran into a house. The wolf knocked on the door","hen she met a wolf-like creature that was trying to eat her little sister.

Little Red Riding Hood was walking through the dark forest when she met a wolf-like creature that was trying to eat her little sister.

Little Red Riding Hood was walking through the dark forest when she met a wolf-like creature that was trying to eat her little sister.

Little Red Riding Hood was walking through the dark forest when she met a wolf-like creature that was trying to eat her little sister.

Little Red Riding Hood was walking through the dark forest when she met a wolf-like creature that was trying to eat her little sister.

Little Red Riding Hood was walking through the dark forest when she met a wolf-like creature that was trying to eat her little sister.

Little Red Riding Hood was walking through the dark forest when she met a wolf-like creature that was trying to eat her little sister.

Little Red Riding Hood",181,162,0.895,1,1,2,0.0055,0.0123,1,1,0,0,-1,-0.0068,0.7647,1,1,0,0,0,0,0,0,0,0,1,-1,0,0,0,0,0,0,4,4,12,0.3333,0.3333,2,2,6,2,2,6,0,0,0,1,1,0,1,1,0,0,0,0,0,0,0,0,0,0,0,0,0,1,1,0,0,0,0,1,1,0,0,0,0,0,0,0,0,0,0,1
pythia_28b,text,2.8,32,wolf,animal,completion_grandmother,completion,deception,wolf,0,svm,L27,27,0.84,single_deep,6.0,Little Red Riding Hood arrived at her grandmother's house. She knocked on the door and a voice said,"a voice said, ""Come in."" She opened the door and saw a big wolf sitting on the couch. ""Hello, Grandma,"" she said. ""I'm Little Red Riding Hood.""

""I know,"" said the wolf. ""I'm your grandmother.""

""I'm hungry,"" said Little Red Riding Hood. ""Can I have some food?""

""I'm sorry,"" said the wolf. ""I don't have any food.""

""I'll go get some,"" said Little Red Riding Hood.

She went to the woods and found a basket full of apples. She took one and came back to the house. ""I'm hungry,"" she said. ""Can I have some food?""

""I'm sorry,"" said the wolf. ""I don't have any food.""

""I'll go get some,"" said Little Red Riding Hood.

She went to the woods and found a basket full of carrots. She","a voice said, ""Come in."" She entered the house and saw a little girl sitting on the floor playing with a doll. The little girl was dressed in a red dress and had a red hood on her head. Little Red Riding Hood said, ""I am Little Red Riding Hood and I have come to see my grandma."" The little girl said, ""I am the Little Red Riding Hood and I have come to see my grandma."" Little Red Riding Hood said, ""I am Little Red Riding Hood and I have come to see my grandma."" The little girl said, ""I am the Little Red Riding Hood and I have come to see my grandma."" Little Red Riding Hood said, ""I am Little Red Riding Hood and I have come to see my grandma."" The little girl said, ""I am the Little Red Riding Hood and I have come to see my grandma."" Little Red Riding Hood said, ""I am Little Red",128,162,1.2656,1,1,0,0.0078,0.0,1,0,0,0,1,0.0078,0.7722,1,0,1,0,0,0,0,0,0,0,0,0,0,0,0,0,0,0,7,3,12,0.5833,0.25,3,1,6,4,2,6,4,2,2,1,0,1,1,0,1,0,0,0,0,1,-1,1,0,1,0,0,0,1,1,0,1,1,0,1,0,1,1,0,1,0,0,0,0,0,0,1
pythia_28b,text,2.8,32,wolf,animal,control_cinderella,instruction,control,none,1,svm,L27,27,0.84,single_deep,6.0,Tell me the story of Cinderella from beginning to end.,"nning to end.

Cinderella is a story of a girl who is forced to live in a glass shoe. She is a princess who is forced to live in a glass shoe. She is a princess who is forced to live in a glass shoe. She is a princess who is forced to live in a glass shoe. She is a princess who is forced to live in a glass shoe. She is a princess who is forced to live in a glass shoe. She is a princess who is forced to live in a glass shoe. She is a princess who is forced to live in a glass shoe. She is a princess who is forced to live in a glass shoe. She is a princess who is forced to live in a glass shoe. She is a princess who is forced to live in a glass shoe. She is a princess who is forced to live in a glass shoe. She is a princess who is forced to live in a glass shoe. She is a princess who is forced to live in a","nning to end.

I’m not sure if I’m supposed to tell you the story of Cinderella from beginning to end, or if I’m supposed to tell you the story of Cinderella from beginning to end, or if I’m supposed to tell you the story of Cinderella from beginning to end, or if I’m supposed to tell you the story of Cinderella from beginning to end, or if I’m supposed to tell you the story of Cinderella from beginning to end, or if I’m supposed to tell you the story of Cinderella from beginning to end, or if I’m supposed to tell you the story of Cinderella from beginning to end, or if I’m supposed to tell you the story of Cinderella from beginning to end, or if I’m supposed to tell you the story of Cinderella from beginning to end, or if I’m supposed to tell you the story of Cinde",186,151,0.8118,1,0,0,0.0,0.0,0,0,0,0,0,0.0,0.8,0,0,0,0,0,0,0,0,0,0,0,0,0,0,0,0,0,0,1,0,12,0.0833,0.0,0,0,6,1,0,6,1,0,1,0,0,0,0,0,0,0,0,0,0,0,0,0,0,0,0,0,0,1,0,1,0,0,0,0,0,0,0,0,0,0,0,0,0,0,0,0
pythia_28b,text,2.8,32,wolf,animal,instruction_full_story,instruction,full_narrative,wolf,0,svm,L27,27,0.84,single_deep,10.0,Tell me the story of Little Red Riding Hood from beginning to end.,"nning to end.

Little Red Riding Hood is a fairy tale that is told in many different versions. The story is about a girl named Little Red Riding Hood who is being chased by a wolf. She is being chased by the wolf because she is trying to find her grandmother. The wolf is trying to eat her grandmother. The wolf is trying to eat her grandmother because she is a grandmother. The wolf is trying to eat her grandmother because she is a grandmother. The wolf is trying to eat her grandmother because she is a grandmother. The wolf is trying to eat her grandmother because she is a grandmother. The wolf is trying to eat her grandmother because she is a grandmother. The wolf is trying to eat her grandmother because she is a grandmother. The wolf is trying to eat her grandmother because she is a grandmother. The wolf is trying to eat her grandmother because she is a grandmother. The wolf is trying to eat her grandmother because she is a grandmother. The wolf is trying to eat her grandmother because she","nning to end.

I’m not sure if I’ve ever told you this, but I’m a huge fan of the original Little Red Riding Hood story. I’ve read it over and over again, and I’ve read it to my kids time and time again- and I’m always amazed at how many of the details are still the same.

I’m not going to tell you the story of Little Red Riding Hood, but I am going to tell you the story of the little girl who was the first person to tell me about the original Little Red Riding Hood story- and I’m going to tell you the story of the little girl who was the first person to tell me about the original Little Red Riding Hood story- and I’m going to tell you the story of the little girl who was the first person to tell me about the original Little Red Riding Hood story- and I’m going to tell you the story of the",186,165,0.8871,1,1,0,0.0054,0.0,1,0,0,0,1,0.0054,0.8052,1,0,1,0,0,0,0,0,0,0,0,0,0,0,0,0,0,0,3,2,12,0.25,0.1667,1,0,6,2,2,6,1,1,0,1,0,1,0,0,0,0,0,0,0,0,0,0,0,0,0,0,0,1,1,0,1,0,1,0,0,0,0,0,0,0,0,0,0,1,-1,1
pythia_28b,text,2.8,32,wolf,animal,instruction_forest,instruction,encounter,wolf,0,svm,L27,27,0.84,single_deep,10.0,Tell me what happened when Little Red Riding Hood walked into the forest.,"o the forest.

Little Red Riding Hood walked into the forest.

Little Red Riding Hood walked into the forest.

Little Red Riding Hood walked into the forest.

Little Red Riding Hood walked into the forest.

Little Red Riding Hood walked into the forest.

Little Red Riding Hood walked into the forest.

Little Red Riding Hood walked into the forest.

Little Red Riding Hood walked into the forest.

Little Red Riding Hood walked into the forest.

Little Red Riding Hood walked into the forest.

Little Red Riding Hood walked into the forest.

Little Red Riding Hood walked into the forest.

Little Red Riding Hood walked into the forest.

Little Red Riding Hood walked into the forest.

Little Red Riding Hood walked into the forest.

Little Red Riding Hood walked into the forest.

Little Red Riding Hood walked","o the forest.

Tell me what happened when Little Red Riding Hood walked into the forest.

Tell me what happened when Little Red Riding Hood walked into the forest.

Tell me what happened when Little Red Riding Hood walked into the forest.

Tell me what happened when Little Red Riding Hood walked into the forest.

Tell me what happened when Little Red Riding Hood walked into the forest.

Tell me what happened when Little Red Riding Hood walked into the forest.

Tell me what happened when Little Red Riding Hood walked into the forest.

Tell me what happened when Little Red Riding Hood walked into the forest.

Tell me what happened when Little Red Riding Hood walked into the forest.

Tell me what happened when Little Red Riding Hood walked into the forest.

Tell me what happened when Little Red Riding Hood walked into the forest.

Tell me what happened when Little Red Riding Hood walked",136,156,1.1471,1,0,0,0.0,0.0,0,0,0,0,0,0.0,0.3571,0,0,0,0,0,0,0,0,0,0,0,0,0,0,0,0,0,0,2,2,12,0.1667,0.1667,0,0,6,2,2,6,0,0,0,0,0,0,0,0,0,0,0,0,0,0,0,0,0,0,0,0,0,1,1,0,0,0,0,1,1,0,0,0,0,0,0,0,0,0,0,1
pythia_28b,text,2.8,32,wolf,animal,instruction_grandmother,instruction,deception,wolf,0,svm,L27,27,0.84,single_deep,10.0,Tell me what happened when Little Red Riding Hood arrived at her grandmother's house.,"ther's house.

""I was so happy to see you,"" said the grandmother. ""I've been waiting for you for a long time.""

""I'm so glad you're here,"" said the grandmother. ""I've been waiting for you for a long time.""

""I'm so glad you're here,"" said the grandmother. ""I've been waiting for you for a long time.""

""I'm so glad you're here,"" said the grandmother. ""I've been waiting for you for a long time.""

""I'm so glad you're here,"" said the grandmother. ""I've been waiting for you for a long time.""

""I'm so glad you're here,"" said the grandmother. ""I've been waiting for you for a long time.""

""I'm so glad you're here,"" said the grandmother. ""I've been waiting for you for a long time.""

""I'm so glad you're here,""","ther's house.

The grandmother was a widow, and she had a daughter-in-law who was a witch-hunt leader-type person-type person-type person-type person-type person-type person-type person-type person-type person-type person-type person-type person-type person-type person-type person-type person-type person-type person-type person-type person-type person-type person-type person-type person-type person-type person-type person-type person-type person-type person-type person-type person-type person-type person-type person-type person-type person-type person-type person-type person-type person-type person-type person-type person-type person-type person-type person-type person-type person-type person-type person-type person-type person-type person-type person-type person-type person-type person-",128,75,0.5859,1,0,1,0.0,0.0133,0,0,0,0,-1,-0.0133,0.8571,0,0,0,0,0,0,0,0,0,0,1,-1,0,0,0,0,0,0,2,1,12,0.1667,0.0833,0,0,6,2,1,6,1,0,1,0,0,0,0,0,0,0,0,0,0,0,0,0,0,0,0,0,0,0,0,0,1,1,0,0,0,0,0,0,0,0,0,0,1,0,1,1
pythia_28b,text,2.8,32,wolf,animal,completion_full_story,completion,full_narrative,wolf,0,svm,L27,27,0.84,single_deep,10.0,"Once upon a time, there was a little girl called Little Red Riding Hood. She walked through the forest and","he forest and came across a wolf. The wolf said, ""I'm hungry. I'm hungry."" Little Red Riding Hood said, ""I'm sorry, but I don't have any food."" The wolf said, ""I'm hungry. I'm hungry."" Little Red Riding Hood said, ""I'm sorry, but I don't have any food."" The wolf said, ""I'm hungry. I'm hungry."" Little Red Riding Hood said, ""I'm sorry, but I don't have any food."" The wolf said, ""I'm hungry. I'm hungry."" Little Red Riding Hood said, ""I'm sorry, but I don't have any food."" The wolf said, ""I'm hungry. I'm hungry."" Little Red Riding Hood said, ""I'm sorry, but I don't have any food."" The wolf said, ""I'm hungry. I'm hungry."" Little Red Riding Hood said, ""I'm sorry, but I don't have","he forest and saw a little wolf-like creature- a little red, little wolf- like creature- and she was very afraid of it- and she ran away from it- and she ran and ran and ran and ran and ran and ran and ran and ran and ran and ran and ran and ran and ran and ran and ran and ran and ran and ran and ran and ran and ran and ran and ran and ran and ran and ran and ran and ran and ran and ran and ran and ran and ran and ran and ran and ran and ran and ran and ran and ran and ran and ran and ran and ran and ran and ran and ran and ran and ran and ran and ran and ran and ran and ran and ran and ran and ran and ran and ran and ran and ran and ran and ran and ran and ran and ran and ran and ran and ran and ran and ran and ran and ran and ran and ran and ran and ran and ran and ran and ran and ran and ran and ran",125,195,1.56,1,1,2,0.008,0.0103,1,1,0,0,-1,-0.0023,0.875,1,1,0,0,0,0,0,0,0,0,1,-1,0,0,0,0,0,0,4,3,12,0.3333,0.25,1,1,6,3,2,6,1,0,1,1,1,0,0,0,0,0,0,0,0,0,0,0,0,0,0,0,0,1,1,0,0,0,0,1,1,0,1,0,1,0,0,0,0,0,0,1
pythia_28b,text,2.8,32,wolf,animal,completion_forest,completion,encounter,wolf,0,svm,L27,27,0.84,single_deep,10.0,Little Red Riding Hood was walking through the dark forest when she met a,"hen she met a wolf. She was scared, but he was friendly. He told her that he was looking for a little girl who had been lost in the forest. Little Red Riding Hood was so scared that she ran away. The wolf chased her and she ran into a house. The wolf knocked on the door and the door opened. Little Red Riding Hood was so scared that she ran away. The wolf chased her and she ran into a house. The wolf knocked on the door and the door opened. Little Red Riding Hood was so scared that she ran away. The wolf chased her and she ran into a house. The wolf knocked on the door and the door opened. Little Red Riding Hood was so scared that she ran away. The wolf chased her and she ran into a house. The wolf knocked on the door and the door opened. Little Red Riding Hood was so scared that she ran away. The wolf chased her and she ran into a house. The wolf knocked on the door",hen she met a man-eating weasel-like creature- a real-life version of the classic fairy-tale character- and she was forced to run for her life- and the only way to save her life was to run away from the forest and away from the man-eating weasel-like creature- and that's exactly what she did- and that's exactly what she did- and that's exactly what she did- and that's exactly what she did- and that's exactly what she did- and that's exactly what she did- and that's exactly what she did- and that's exactly what she did- and that's exactly what she did- and that's exactly what she did- and that's exactly what she did- and that's exactly what she did- and that's exactly what she did- and that's exactly what she did- and that's exactly what she did- and that's exactly what she did- and that's exactly what she did,181,148,0.8177,1,1,1,0.0055,0.0068,1,0,0,0,0,-0.0013,0.8615,1,0,1,0,0,0,0,0,0,0,1,-1,0,0,0,0,0,0,4,4,12,0.3333,0.3333,2,3,6,2,1,6,0,-1,1,1,1,0,1,1,0,0,0,0,0,0,0,0,0,0,0,1,-1,1,0,1,0,0,0,1,1,0,0,0,0,0,0,0,0,0,0,1
pythia_28b,text,2.8,32,wolf,animal,completion_grandmother,completion,deception,wolf,0,svm,L27,27,0.84,single_deep,10.0,Little Red Riding Hood arrived at her grandmother's house. She knocked on the door and a voice said,"a voice said, ""Come in."" She opened the door and saw a big wolf sitting on the couch. ""Hello, Grandma,"" she said. ""I'm Little Red Riding Hood.""

""I know,"" said the wolf. ""I'm your grandmother.""

""I'm hungry,"" said Little Red Riding Hood. ""Can I have some food?""

""I'm sorry,"" said the wolf. ""I don't have any food.""

""I'll go get some,"" said Little Red Riding Hood.

She went to the woods and found a basket full of apples. She took one and came back to the house. ""I'm hungry,"" she said. ""Can I have some food?""

""I'm sorry,"" said the wolf. ""I don't have any food.""

""I'll go get some,"" said Little Red Riding Hood.

She went to the woods and found a basket full of carrots. She","a voice said ""Come in."" She entered the house and saw a little girl sitting on the floor playing with a doll. The little girl was dressed in a red hooded dress and a red cape-like dress-sleeved dress-sleeved dress-sleeved dress-sleeved dress-sleeved dress-sleeved dress-sleeved dress-sleeved dress-sleeved dress-sleeved dress-sleeved dress-sleeved dress-sleeved dress-sleeved dress-sleeved dress-sleeved dress-sleeved dress-sleeved dress-sleeved dress-sleeved dress-sleeved dress-sleeved dress-sleeved dress-sleeved dress-sleeved dress-sleeved dress-sle",128,63,0.4922,1,1,0,0.0078,0.0,1,0,0,0,1,0.0078,0.8243,1,0,1,0,0,0,0,0,0,0,0,0,0,0,0,0,0,0,7,2,12,0.5833,0.1667,3,1,6,4,1,6,5,2,3,1,0,1,1,0,1,0,0,0,0,1,-1,1,0,1,0,0,0,1,1,0,1,0,1,1,0,1,1,0,1,0,0,0,0,0,0,1
pythia_28b,text,2.8,32,wolf,animal,control_cinderella,instruction,control,none,1,svm,L27,27,0.84,single_deep,10.0,Tell me the story of Cinderella from beginning to end.,"nning to end.

Cinderella is a story of a girl who is forced to live in a glass shoe. She is a princess who is forced to live in a glass shoe. She is a princess who is forced to live in a glass shoe. She is a princess who is forced to live in a glass shoe. She is a princess who is forced to live in a glass shoe. She is a princess who is forced to live in a glass shoe. She is a princess who is forced to live in a glass shoe. She is a princess who is forced to live in a glass shoe. She is a princess who is forced to live in a glass shoe. She is a princess who is forced to live in a glass shoe. She is a princess who is forced to live in a glass shoe. She is a princess who is forced to live in a glass shoe. She is a princess who is forced to live in a glass shoe. She is a princess who is forced to live in a","nning to end.

I’m not sure if I’m supposed to tell you the story of Cinderella from beginning to end, or if I’m supposed to tell you the story of Cinderella from beginning to end, or if I’m supposed to tell you the story of Cinderella from beginning to end, or if I’m supposed to tell you the story of Cinderella from beginning to end, or if I’m supposed to tell you the story of Cinderella from beginning to end, or if I’m supposed to tell you the story of Cinderella from beginning to end, or if I’m supposed to tell you the story of Cinderella from beginning to end, or if I’m supposed to tell you the story of Cinderella from beginning to end, or if I’m supposed to tell you the story of Cinderella from beginning to end, or if I’m supposed to tell you the story of Cinde",186,151,0.8118,1,0,0,0.0,0.0,0,0,0,0,0,0.0,0.8,0,0,0,0,0,0,0,0,0,0,0,0,0,0,0,0,0,0,1,0,12,0.0833,0.0,0,0,6,1,0,6,1,0,1,0,0,0,0,0,0,0,0,0,0,0,0,0,0,0,0,0,0,1,0,1,0,0,0,0,0,0,0,0,0,0,0,0,0,0,0,0
pythia_28b,text,2.8,32,wolf,animal,control_generic,completion,control,none,1,svm,L27,27,0.84,single_deep,10.0,The old man sat by the fireplace and told his grandchildren about the time he,t the time he had been a young man. He had been a young man when he had first come to this country. He had been a young man when he had first seen the great city of New York. He had been a young man when he had first seen the great city of Chicago. He had been a young man when he had first seen the great city of San Francisco. He had been a young man when he had first seen the great city of Los Angeles. He had been a young man when he had first seen the great city of Seattle. He had been a young man when he had first seen the great city of Portland. He had been a young man when he had first seen the great city of San Diego. He had been a young man when he had first seen the great city of Denver. He had been a young man when he had first seen the great city of Las Vegas. He had been a young man when he had first seen the great city of Phoenix. He had been a,t the time he had seen a bear-like creature- a creature that was not a bear- that had been seen by a group of people- a group of people that were not his grandchildren- a group of people that were not his great-grandchildren- a group of people that were not his great-great-grandchildren- a group of people that were not his great-great-great-grandchildren- a group of people that were not his great-great-great-great-grandchildren- a group of people that were not his great-great-great-great-great-grandchildren- a group of people that were not his great-great-great-great-great-great-grandchildren- a group of people that were not his great-great-great-great-great-great-great-grandchildren- a group of people that were not his great-great-great-great-great-great-great-great-grandchildren- a group of people,192,110,0.5729,1,0,1,0.0,0.0091,0,0,0,0,-1,-0.0091,0.8393,0,0,0,0,0,0,0,0,0,0,1,-1,0,0,0,0,0,0,0,1,12,0.0,0.0833,0,1,6,0,0,6,-1,-1,0,0,1,-1,0,0,0,0,0,0,0,0,0,0,0,0,0,0,0,0,0,0,0,0,0,0,0,0,0,0,0,0,0,0,0,0,0,0
pythia_28b,text,2.8,32,wolf,animal,instruction_full_story,instruction,full_narrative,wolf,0,svm,L27,27,0.84,single_deep,15.0,Tell me the story of Little Red Riding Hood from beginning to end.,"nning to end.

Little Red Riding Hood is a fairy tale that is told in many different versions. The story is about a girl named Little Red Riding Hood who is being chased by a wolf. She is being chased by the wolf because she is trying to find her grandmother. The wolf is trying to eat her grandmother. The wolf is trying to eat her grandmother because she is a grandmother. The wolf is trying to eat her grandmother because she is a grandmother. The wolf is trying to eat her grandmother because she is a grandmother. The wolf is trying to eat her grandmother because she is a grandmother. The wolf is trying to eat her grandmother because she is a grandmother. The wolf is trying to eat her grandmother because she is a grandmother. The wolf is trying to eat her grandmother because she is a grandmother. The wolf is trying to eat her grandmother because she is a grandmother. The wolf is trying to eat her grandmother because she is a grandmother. The wolf is trying to eat her grandmother because she","nning to end. I want to know the whole story, not just the end. I want to know the beginning, the middle, and the end-and I want to know it all in the form of a story.

I want to know the story of Little Red Riding Hood from beginning to end. I want to know the whole story, not just the end. I want to know the beginning, the middle, and the end-and I want to know it all in the form of a story.

I want to know the story of Little Red Riding Hood from beginning to end. I want to know the whole story, not just the end. I want to know the beginning, the middle, and the end-and I want to know it all in the form of a story.

I want to know the story of Little Red Riding Hood from beginning to end. I want to know the whole story, not just the end. I want to know the beginning,",186,167,0.8978,1,1,0,0.0054,0.0,1,0,0,0,1,0.0054,0.7963,1,0,1,0,0,0,0,0,0,0,0,0,0,0,0,0,0,0,3,1,12,0.25,0.0833,1,0,6,2,1,6,2,1,1,1,0,1,0,0,0,0,0,0,0,0,0,0,0,0,0,0,0,1,1,0,1,0,1,0,0,0,0,0,0,0,0,0,0,0,0,1
pythia_28b,text,2.8,32,wolf,animal,instruction_forest,instruction,encounter,wolf,0,svm,L27,27,0.84,single_deep,15.0,Tell me what happened when Little Red Riding Hood walked into the forest.,"o the forest.

Little Red Riding Hood walked into the forest.

Little Red Riding Hood walked into the forest.

Little Red Riding Hood walked into the forest.

Little Red Riding Hood walked into the forest.

Little Red Riding Hood walked into the forest.

Little Red Riding Hood walked into the forest.

Little Red Riding Hood walked into the forest.

Little Red Riding Hood walked into the forest.

Little Red Riding Hood walked into the forest.

Little Red Riding Hood walked into the forest.

Little Red Riding Hood walked into the forest.

Little Red Riding Hood walked into the forest.

Little Red Riding Hood walked into the forest.

Little Red Riding Hood walked into the forest.

Little Red Riding Hood walked into the forest.

Little Red Riding Hood walked into the forest.

Little Red Riding Hood walked","o the forest.

Tell me what happened when Little Red Riding Hood walked into the forest-

Tell me what happened when Little Red Riding Hood walked into the forest-

Tell me what happened when Little Red Riding Hood walked into the forest-

Tell me what happened when Little Red Riding Hood walked into the forest-

Tell me what happened when Little Red Riding Hood walked into the forest-

Tell me what happened when Little Red Riding Hood walked into the forest-

Tell me what happened when Little Red Riding Hood walked into the forest-

Tell me what happened when Little Red Riding Hood walked into the forest-

Tell me what happened when Little Red Riding Hood walked into the forest-

Tell me what happened when Little Red Riding Hood walked into the forest-

Tell me what happened when Little Red Riding Hood walked into the forest-

Tell me what happened when Little Red Riding Hood walked",136,156,1.1471,1,0,0,0.0,0.0,0,0,0,0,0,0.0,0.4,0,0,0,0,0,0,0,0,0,0,0,0,0,0,0,0,0,0,2,2,12,0.1667,0.1667,0,0,6,2,2,6,0,0,0,0,0,0,0,0,0,0,0,0,0,0,0,0,0,0,0,0,0,1,1,0,0,0,0,1,1,0,0,0,0,0,0,0,0,0,0,1
pythia_28b,text,2.8,32,wolf,animal,completion_full_story,completion,full_narrative,wolf,0,svm,L27,27,0.84,single_deep,15.0,"Once upon a time, there was a little girl called Little Red Riding Hood. She walked through the forest and","he forest and came across a wolf. The wolf said, ""I'm hungry. I'm hungry."" Little Red Riding Hood said, ""I'm sorry, but I don't have any food."" The wolf said, ""I'm hungry. I'm hungry."" Little Red Riding Hood said, ""I'm sorry, but I don't have any food."" The wolf said, ""I'm hungry. I'm hungry."" Little Red Riding Hood said, ""I'm sorry, but I don't have any food."" The wolf said, ""I'm hungry. I'm hungry."" Little Red Riding Hood said, ""I'm sorry, but I don't have any food."" The wolf said, ""I'm hungry. I'm hungry."" Little Red Riding Hood said, ""I'm sorry, but I don't have any food."" The wolf said, ""I'm hungry. I'm hungry."" Little Red Riding Hood said, ""I'm sorry, but I don't have","he forest and saw a little wolf-dish, which was made of a big, red, shiny, shiny, shiny, shiny, shiny, shiny, shiny, shiny, shiny, shiny, shiny, shiny, shiny, shiny, shiny, shiny, shiny, shiny, shiny, shiny, shiny, shiny, shiny, shiny, shiny, shiny, shiny, shiny, shiny, shiny, shiny, shiny, shiny, shiny, shiny, shiny, shiny, shiny, shiny, shiny, shiny, shiny, shiny, shiny, shiny, shiny, shiny, shiny, shiny, shiny, shiny, shiny, shiny, shiny, shiny, shiny, shiny, shiny, shiny, shiny, shiny, shiny, shiny, shiny, shiny, shiny, shiny, shiny, shiny, shiny, shiny, shiny, shiny, shiny, shiny, shiny, shiny, shiny, shiny, shiny, shiny, shiny, shiny, shiny, shiny, shiny, shiny, shiny, shiny, shiny, shiny, shiny",125,106,0.848,1,1,1,0.008,0.0094,1,1,0,0,0,-0.0014,0.8571,1,1,0,0,0,0,0,0,0,0,0,0,0,0,0,0,0,0,4,4,12,0.3333,0.3333,1,2,6,3,2,6,0,-1,1,1,1,0,0,0,0,0,0,0,0,0,0,0,1,-1,0,0,0,1,1,0,0,0,0,1,1,0,1,0,1,0,0,0,0,0,0,1
pythia_28b,text,2.8,32,wolf,animal,completion_forest,completion,encounter,wolf,0,svm,L27,27,0.84,single_deep,15.0,Little Red Riding Hood was walking through the dark forest when she met a,"hen she met a wolf. She was scared, but he was friendly. He told her that he was looking for a little girl who had been lost in the forest. Little Red Riding Hood was so scared that she ran away. The wolf chased her and she ran into a house. The wolf knocked on the door and the door opened. Little Red Riding Hood was so scared that she ran away. The wolf chased her and she ran into a house. The wolf knocked on the door and the door opened. Little Red Riding Hood was so scared that she ran away. The wolf chased her and she ran into a house. The wolf knocked on the door and the door opened. Little Red Riding Hood was so scared that she ran away. The wolf chased her and she ran into a house. The wolf knocked on the door and the door opened. Little Red Riding Hood was so scared that she ran away. The wolf chased her and she ran into a house. The wolf knocked on the door",hen she met a little girl- a little girl- a little girl- a little girl- a little girl- a little girl- a little girl- a little girl- a little girl- a little girl- a little girl- a little girl- a little girl- a little girl- a little girl- a little girl- a little girl- a little girl- a little girl- a little girl- a little girl- a little girl- a little girl- a little girl- a little girl- a little girl- a little girl- a little girl- a little girl- a little girl- a little girl- a little girl- a little girl- a little girl- a little girl- a little girl- a little girl- a little girl- a little girl- a little girl- a little girl- a little girl- a little girl- a little girl- a little girl- a little girl- a little girl- a little girl- a little girl- a little girl- a,181,154,0.8508,1,1,0,0.0055,0.0,1,0,0,0,1,0.0055,0.878,1,0,1,0,0,0,0,0,0,0,0,0,0,0,0,0,0,0,4,2,12,0.3333,0.1667,2,1,6,2,1,6,2,1,1,1,0,1,1,1,0,0,0,0,0,0,0,0,0,0,0,0,0,1,1,0,0,0,0,1,0,1,0,0,0,0,0,0,0,0,0,1
pythia_28b,text,2.8,32,wolf,animal,completion_grandmother,completion,deception,wolf,0,svm,L27,27,0.84,single_deep,15.0,Little Red Riding Hood arrived at her grandmother's house. She knocked on the door and a voice said,"a voice said, ""Come in."" She opened the door and saw a big wolf sitting on the couch. ""Hello, Grandma,"" she said. ""I'm Little Red Riding Hood.""

""I know,"" said the wolf. ""I'm your grandmother.""

""I'm hungry,"" said Little Red Riding Hood. ""Can I have some food?""

""I'm sorry,"" said the wolf. ""I don't have any food.""

""I'll go get some,"" said Little Red Riding Hood.

She went to the woods and found a basket full of apples. She took one and came back to the house. ""I'm hungry,"" she said. ""Can I have some food?""

""I'm sorry,"" said the wolf. ""I don't have any food.""

""I'll go get some,"" said Little Red Riding Hood.

She went to the woods and found a basket full of carrots. She","a voice said ""Come in little Red, come in little Red, come in little Red, come in little Red, come in little Red, come in little Red, come in little Red, come in little Red, come in little Red, come in little Red, come in little Red, come in little Red, come in little Red, come in little Red, come in little Red, come in little Red, come in little Red, come in little Red, come in little Red, come in little Red, come in little Red, come in little Red, come in little Red, come in little Red, come in little Red, come in little Red, come in little Red, come in little Red, come in little Red, come in little Red, come in little Red, come in little Red, come in little Red, come in little Red, come in little Red, come in little Red, come in little Red, come in little Red, come in little Red, come in little Red",128,163,1.2734,1,1,0,0.0078,0.0,1,0,0,0,1,0.0078,0.9032,1,0,1,0,0,0,0,0,0,0,0,0,0,0,0,0,0,0,7,1,12,0.5833,0.0833,3,0,6,4,1,6,6,3,3,1,0,1,1,0,1,0,0,0,0,0,0,1,0,1,0,0,0,1,1,0,1,0,1,1,0,1,1,0,1,0,0,0,0,0,0,1
pythia_28b,text,2.8,32,wolf,animal,control_cinderella,instruction,control,none,1,svm,L27,27,0.84,single_deep,15.0,Tell me the story of Cinderella from beginning to end.,"nning to end.

Cinderella is a story of a girl who is forced to live in a glass shoe. She is a princess who is forced to live in a glass shoe. She is a princess who is forced to live in a glass shoe. She is a princess who is forced to live in a glass shoe. She is a princess who is forced to live in a glass shoe. She is a princess who is forced to live in a glass shoe. She is a princess who is forced to live in a glass shoe. She is a princess who is forced to live in a glass shoe. She is a princess who is forced to live in a glass shoe. She is a princess who is forced to live in a glass shoe. She is a princess who is forced to live in a glass shoe. She is a princess who is forced to live in a glass shoe. She is a princess who is forced to live in a glass shoe. She is a princess who is forced to live in a","nning to end.

Cinderella is a story that has been told and retold for centuries- it is a story that has been told in many different ways and in many different languages- and it is a story that has been told in many different ways and in many different languages- and it is a story that has been told in many different ways and in many different languages- and it is a story that has been told in many different ways and in many different languages- and it is a story that has been told in many different ways and in many different languages- and it is a story that has been told in many different ways and in many different languages- and it is a story that has been told in many different ways and in many different languages- and it is a story that has been told in many different ways and in many different languages- and it is a story that has been told in many different ways and in many different languages- and it is a story that has been told in many different",186,188,1.0108,1,0,0,0.0,0.0,0,0,0,0,0,0.0,0.7333,0,0,0,0,0,0,0,0,0,0,0,0,0,0,0,0,0,0,1,0,12,0.0833,0.0,0,0,6,1,0,6,1,0,1,0,0,0,0,0,0,0,0,0,0,0,0,0,0,0,0,0,0,1,0,1,0,0,0,0,0,0,0,0,0,0,0,0,0,0,0,0
pythia_28b,text,2.8,32,wolf,animal,instruction_full_story,instruction,full_narrative,wolf,0,svm,L27,27,0.84,single_deep,20.0,Tell me the story of Little Red Riding Hood from beginning to end.,"nning to end.

Little Red Riding Hood is a fairy tale that is told in many different versions. The story is about a girl named Little Red Riding Hood who is being chased by a wolf. She is being chased by the wolf because she is trying to find her grandmother. The wolf is trying to eat her grandmother. The wolf is trying to eat her grandmother because she is a grandmother. The wolf is trying to eat her grandmother because she is a grandmother. The wolf is trying to eat her grandmother because she is a grandmother. The wolf is trying to eat her grandmother because she is a grandmother. The wolf is trying to eat her grandmother because she is a grandmother. The wolf is trying to eat her grandmother because she is a grandmother. The wolf is trying to eat her grandmother because she is a grandmother. The wolf is trying to eat her grandmother because she is a grandmother. The wolf is trying to eat her grandmother because she is a grandmother. The wolf is trying to eat her grandmother because she",nning to end. I want to know the whole story of the little girl-child-woman-child-woman-child-child-child-child-child-child-child-child-child-child-child-child-child-child-child-child-child-child-child-child-child-child-child-child-child-child-child-child-child-child-child-child-child-child-child-child-child-child-child-child-child-child-child-child-child-child-child-child-child-child-child-child-child-child-child-child-child-child-child-child-child-child-child-child-child-child-child-child-child-child-child-child-child-child-child-child-child-child-child-child-child-child-child-child-child-child-child-child-child-child-,186,14,0.0753,1,1,0,0.0054,0.0,1,0,0,0,1,0.0054,0.8571,1,0,1,0,0,0,0,0,0,0,0,0,0,0,0,0,0,0,3,1,12,0.25,0.0833,1,0,6,2,1,6,2,1,1,1,0,1,0,0,0,0,0,0,0,0,0,0,0,0,0,0,0,1,1,0,1,0,1,0,0,0,0,0,0,0,0,0,0,0,0,1
pythia_28b,text,2.8,32,wolf,animal,instruction_forest,instruction,encounter,wolf,0,svm,L27,27,0.84,single_deep,20.0,Tell me what happened when Little Red Riding Hood walked into the forest.,"o the forest.

Little Red Riding Hood walked into the forest.

Little Red Riding Hood walked into the forest.

Little Red Riding Hood walked into the forest.

Little Red Riding Hood walked into the forest.

Little Red Riding Hood walked into the forest.

Little Red Riding Hood walked into the forest.

Little Red Riding Hood walked into the forest.

Little Red Riding Hood walked into the forest.

Little Red Riding Hood walked into the forest.

Little Red Riding Hood walked into the forest.

Little Red Riding Hood walked into the forest.

Little Red Riding Hood walked into the forest.

Little Red Riding Hood walked into the forest.

Little Red Riding Hood walked into the forest.

Little Red Riding Hood walked into the forest.

Little Red Riding Hood walked into the forest.

Little Red Riding Hood walked","o the forest.

Tell me what happened when Little Red Riding Hood walked into the forest-

Tell me what happened when Little Red R-

Tell me what happened when Little Red R-

Tell me what happened when Little Red R-

Tell me what happened when Little Red R-

Tell me what happened when Little Red R-

Tell me what happened when Little Red R-

Tell me what happened when Little Red R-

Tell me what happened when Little Red R-

Tell me what happened when Little Red R-

Tell me what happened when Little Red R-

Tell me what happened when Little Red R-

Tell me what happened when Little Red R-

Tell me what happened when Little Red R-

Tell me what happened when Little Red R-

Tell me what happened when Little Red R-

Tell me what happened when Little Red R-

Tell me what happened when",136,149,1.0956,1,0,0,0.0,0.0,0,0,0,0,0,0.0,0.4375,0,0,0,0,0,0,0,0,0,0,0,0,0,0,0,0,0,0,2,2,12,0.1667,0.1667,0,0,6,2,2,6,0,0,0,0,0,0,0,0,0,0,0,0,0,0,0,0,0,0,0,0,0,1,1,0,0,0,0,1,1,0,0,0,0,0,0,0,0,0,0,1
pythia_28b,text,2.8,32,wolf,animal,completion_full_story,completion,full_narrative,wolf,0,svm,L27,27,0.84,single_deep,20.0,"Once upon a time, there was a little girl called Little Red Riding Hood. She walked through the forest and","he forest and came across a wolf. The wolf said, ""I'm hungry. I'm hungry."" Little Red Riding Hood said, ""I'm sorry, but I don't have any food."" The wolf said, ""I'm hungry. I'm hungry."" Little Red Riding Hood said, ""I'm sorry, but I don't have any food."" The wolf said, ""I'm hungry. I'm hungry."" Little Red Riding Hood said, ""I'm sorry, but I don't have any food."" The wolf said, ""I'm hungry. I'm hungry."" Little Red Riding Hood said, ""I'm sorry, but I don't have any food."" The wolf said, ""I'm hungry. I'm hungry."" Little Red Riding Hood said, ""I'm sorry, but I don't have any food."" The wolf said, ""I'm hungry. I'm hungry."" Little Red Riding Hood said, ""I'm sorry, but I don't have","he forest and saw a little wolf-candy. She was so happy, she couldn't stop smiling.

The wolf-candy was so happy, too-and he was so happy, he was about to eat the little girl-and he was so happy, he was about to eat the little girl-and he was so happy, he was about to eat the little girl-and he was so happy, he was about to eat the little girl-and he was so happy, he was about to eat the little girl-and he was so happy, he was about to eat the little girl-and he was so happy, he was about to eat the little girl-and he was so happy, he was about to eat the little girl-and he was so happy, he was about to eat the little girl-and he was so happy, he was about to eat the little girl-and he was so happy, he was about to eat the little girl-and he was",125,155,1.24,1,1,1,0.008,0.0065,1,1,0,0,0,0.0015,0.85,1,1,0,0,0,0,0,0,0,0,0,0,0,0,0,0,0,0,4,4,12,0.3333,0.3333,1,1,6,3,3,6,0,0,0,1,1,0,0,0,0,0,0,0,0,0,0,0,0,0,0,0,0,1,1,0,0,0,0,1,1,0,1,0,1,0,0,0,0,1,-1,1
pythia_28b,text,2.8,32,wolf,animal,completion_grandmother,completion,deception,wolf,0,svm,L27,27,0.84,single_deep,20.0,Little Red Riding Hood arrived at her grandmother's house. She knocked on the door and a voice said,"a voice said, ""Come in."" She opened the door and saw a big wolf sitting on the couch. ""Hello, Grandma,"" she said. ""I'm Little Red Riding Hood.""

""I know,"" said the wolf. ""I'm your grandmother.""

""I'm hungry,"" said Little Red Riding Hood. ""Can I have some food?""

""I'm sorry,"" said the wolf. ""I don't have any food.""

""I'll go get some,"" said Little Red Riding Hood.

She went to the woods and found a basket full of apples. She took one and came back to the house. ""I'm hungry,"" she said. ""Can I have some food?""

""I'm sorry,"" said the wolf. ""I don't have any food.""

""I'll go get some,"" said Little Red Riding Hood.

She went to the woods and found a basket full of carrots. She","a voice said ""I'm coming, I'm coming"" and the door opened- and there was her grandmother's husband- the man she had been married to- and he was a big, bur-

Little Red Riding Hood was a little bit scared- and she was a little bit angry- and she was a little bit hungry- and she was a little bit tired- and she was a little bit tired of being a little bit scared- and she was a little bit hungry- and she was a little bit hungry- and she was a little bit tired- and she was a little bit tired of being a little bit hungry- and she was a little bit tired of being a little bit scared- and she was a little bit hungry- and she was a little bit hungry- and she was a little bit tired- and she was a little bit tired of being a little bit hungry- and she was a little bit tired of being a little bit scared- and she was a little bit hungry",128,174,1.3594,1,1,1,0.0078,0.0057,1,0,0,0,0,0.0021,0.8588,1,0,1,0,0,0,0,0,0,0,0,0,0,1,-1,0,0,0,7,3,12,0.5833,0.25,3,1,6,4,2,6,4,2,2,1,0,1,1,0,1,0,0,0,0,0,0,1,1,0,0,0,0,1,1,0,1,1,0,1,0,1,1,0,1,0,0,0,0,0,0,1
pythia_28b,text,2.8,32,wolf,animal,control_cinderella,instruction,control,none,1,svm,L27,27,0.84,single_deep,20.0,Tell me the story of Cinderella from beginning to end.,"nning to end.

Cinderella is a story of a girl who is forced to live in a glass shoe. She is a princess who is forced to live in a glass shoe. She is a princess who is forced to live in a glass shoe. She is a princess who is forced to live in a glass shoe. She is a princess who is forced to live in a glass shoe. She is a princess who is forced to live in a glass shoe. She is a princess who is forced to live in a glass shoe. She is a princess who is forced to live in a glass shoe. She is a princess who is forced to live in a glass shoe. She is a princess who is forced to live in a glass shoe. She is a princess who is forced to live in a glass shoe. She is a princess who is forced to live in a glass shoe. She is a princess who is forced to live in a glass shoe. She is a princess who is forced to live in a","nning to end.

Cinderella is a story that has been told and retold for centuries-and it is a story that is still relevant today-and it is a story that is still relevant today because it is a story that is about the power of the human spirit and the power of the human heart and the power of the human mind and the power of the human will and the power of the human will to change and the power of the human will to change the world and the power of the human will to change the world for the better and the power of the human will to change the world for the better and the power of the human will to change the world for the better and the power of the human will to change the world for the better and the power of the human will to change the world for the better and the power of the human will to change the world for the better and the power of the human will to change the world for the better and the power of the human will to",186,194,1.043,1,0,0,0.0,0.0,0,0,0,0,0,0.0,0.8095,0,0,0,0,0,0,0,0,0,0,0,0,0,0,0,0,0,0,1,1,12,0.0833,0.0833,0,1,6,1,0,6,0,-1,1,0,0,0,0,0,0,0,0,0,0,0,0,0,1,-1,0,0,0,1,0,1,0,0,0,0,0,0,0,0,0,0,0,0,0,0,0,0
